manifest_id,manifest_version,filename,env,subject,activity,subtype,trial,split_id,split_assignment,split_unit,test_sealed,source,usable_for_training,exclude_reason,exclude_candidate,exclude_candidate_reason,onset_frame_original,onset_frame_clean,rise_frame_original,rise_frame_clean,peak_frame_original,peak_frame_clean,baseline_median,baseline_mad,baseline_iqr,baseline_p75,baseline_p90,baseline_noise_ratio,baseline_mad_ratio,rise_strength,rise_slope,confidence_ref,param_sensitivity,topk_spread,topk_spread_extreme,soft_warning_count,needs_review,needs_review_hard_reasons,needs_review_soft_reasons,review_priority,review_priority_reasons
onset_manifest_v1_2026-06-05,v1_auto_reviewed,E1_S01_A_FALL_SIT_B_T001.csv,1,1,FALL_SIT_B,FALL_SIT_B,1,within_subject_seed42_val0.2_test0.2_pretrained6,test,filename,True,auto_reviewed,True,,False,,256,156,256,156,260,160,0.15156,0.00772,0.01538,0.16104,0.17062,1.12575,0.05092,1.15337,0.00666,0.59187,7.0,2,False,1,False,,rise_slope_low,high,has_hard_review
onset_manifest_v1_2026-06-05,v1_auto_reviewed,E1_S01_A_FALL_SIT_B_T002.csv,1,1,FALL_SIT_B,FALL_SIT_B,2,within_subject_seed42_val0.2_test0.2_pretrained6,train,filename,True,pending_manual,False,,False,,,,190,,265,165,0.14312,0.0057,0.01198,0.14786,0.15633,1.09229,0.03986,1.17766,0.01376,0.59921,0.0,2,False,1,True,frame_mapping_failed;rise_in_beep_region;rise_too_early_original_lt_200,rise_slope_low,high,has_hard_review
onset_manifest_v1_2026-06-05,v1_auto_reviewed,E1_S01_A_FALL_SIT_B_T003.csv,1,1,FALL_SIT_B,FALL_SIT_B,3,within_subject_seed42_val0.2_test0.2_pretrained6,test,filename,True,auto_reviewed,True,,False,,204,104,204,104,286,186,0.13555,0.0065,0.01335,0.14455,0.14735,1.08705,0.04794,1.15036,0.02724,0.56721,1.0,8,False,0,False,,,normal,
onset_manifest_v1_2026-06-05,v1_auto_reviewed,E1_S01_A_FALL_SIT_B_T004.csv,1,1,FALL_SIT_B,FALL_SIT_B,4,within_subject_seed42_val0.2_test0.2_pretrained6,test,filename,True,auto_reviewed,True,,False,,272,172,272,172,276,176,0.1642,0.00848,0.01673,0.17242,0.18166,1.10632,0.05164,1.20768,0.17215,0.63586,0.0,2,False,0,False,,,normal,
onset_manifest_v1_2026-06-05,v1_auto_reviewed,E1_S01_A_FALL_SIT_B_T005.csv,1,1,FALL_SIT_B,FALL_SIT_B,5,within_subject_seed42_val0.2_test0.2_pretrained6,val,filename,True,pending_manual,False,,False,,,,,,,,0.16113,0.01171,0.02341,0.17299,0.18231,1.13147,0.07267,,,,86.0,,False,1,True,rise_not_found,param_sensitivity_high,high,has_hard_review
onset_manifest_v1_2026-06-05,v1_auto_reviewed,E1_S01_A_FALL_SIT_B_T006.csv,1,1,FALL_SIT_B,FALL_SIT_B,6,within_subject_seed42_val0.2_test0.2_pretrained6,train,filename,True,pending_manual,False,,False,,,,261,161,322,222,0.15987,0.0093,0.02018,0.1719,0.18474,1.15559,0.05819,1.22982,0.04094,0.49323,61.0,60,True,3,True,,confidence_ref_low;param_sensitivity_high;topk_spread_high,normal,
onset_manifest_v1_2026-06-05,v1_auto_reviewed,E1_S01_A_FALL_SIT_B_T007.csv,1,1,FALL_SIT_B,FALL_SIT_B,7,within_subject_seed42_val0.2_test0.2_pretrained6,train,filename,True,auto_reviewed,True,,False,,271,171,271,171,276,176,0.31135,0.01029,0.02014,0.32043,0.33205,1.06647,0.03306,1.11451,0.06929,0.58601,42.0,2,False,1,False,,rise_strength_low,normal,
onset_manifest_v1_2026-06-05,v1_auto_reviewed,E1_S01_A_FALL_SIT_B_T008.csv,1,1,FALL_SIT_B,FALL_SIT_B,8,within_subject_seed42_val0.2_test0.2_pretrained6,val,filename,True,pending_manual,False,,False,,,,,,,,0.15588,0.01133,0.02264,0.16736,0.17638,1.13147,0.07267,,,,86.0,,False,1,True,rise_not_found,param_sensitivity_high,high,has_hard_review
onset_manifest_v1_2026-06-05,v1_auto_reviewed,E1_S01_A_FALL_SIT_B_T009.csv,1,1,FALL_SIT_B,FALL_SIT_B,9,within_subject_seed42_val0.2_test0.2_pretrained6,train,filename,True,pending_manual,False,,False,,,,,,,,0.29967,0.01358,0.02687,0.31381,0.33825,1.12875,0.04531,,,,1.0,,False,0,True,rise_not_found,,high,has_hard_review
onset_manifest_v1_2026-06-05,v1_auto_reviewed,E1_S01_A_FALL_SIT_B_T010.csv,1,1,FALL_SIT_B,FALL_SIT_B,10,within_subject_seed42_val0.2_test0.2_pretrained6,train,filename,True,pending_manual,False,,False,,,,258,158,309,209,0.28153,0.01173,0.02329,0.2931,0.3005,1.06736,0.04166,1.15008,0.02017,0.49837,7.0,49,True,2,True,,confidence_ref_low;topk_spread_high,normal,
onset_manifest_v1_2026-06-05,v1_auto_reviewed,E1_S01_A_FALL_SIT_F_T001.csv,1,1,FALL_SIT_F,FALL_SIT_F,1,within_subject_seed42_val0.2_test0.2_pretrained6,train,filename,True,auto_reviewed,True,,False,,258,158,258,158,287,187,0.13105,0.00821,0.01884,0.14354,0.1777,1.35589,0.06262,1.25624,0.04184,0.58133,17.0,2,False,1,False,,baseline_noise_high,normal,
onset_manifest_v1_2026-06-05,v1_auto_reviewed,E1_S01_A_FALL_SIT_F_T002.csv,1,1,FALL_SIT_F,FALL_SIT_F,2,within_subject_seed42_val0.2_test0.2_pretrained6,train,filename,True,auto_reviewed,True,,False,,208,108,208,108,259,159,0.14965,0.00491,0.00973,0.15461,0.1593,1.0645,0.03283,1.14256,0.02065,0.56132,40.0,36,False,1,False,,topk_spread_high,normal,
onset_manifest_v1_2026-06-05,v1_auto_reviewed,E1_S01_A_FALL_SIT_F_T003.csv,1,1,FALL_SIT_F,FALL_SIT_F,3,within_subject_seed42_val0.2_test0.2_pretrained6,train,filename,True,auto_reviewed,True,,False,,232,132,232,132,278,178,0.15392,0.00798,0.01564,0.1612,0.16804,1.09169,0.05186,1.18175,0.01841,0.5886,30.0,2,False,0,False,,,high,has_hard_review
onset_manifest_v1_2026-06-05,v1_auto_reviewed,E1_S01_A_FALL_SIT_F_T004.csv,1,1,FALL_SIT_F,FALL_SIT_F,4,within_subject_seed42_val0.2_test0.2_pretrained6,train,filename,True,pending_manual,False,,False,,,,196,,251,151,0.15336,0.00649,0.01331,0.15934,0.16572,1.08057,0.04232,1.15731,0.04304,0.61581,0.0,2,False,0,True,frame_mapping_failed;rise_in_beep_region;rise_too_early_original_lt_200,,high,has_hard_review
onset_manifest_v1_2026-06-05,v1_auto_reviewed,E1_S01_A_FALL_SIT_F_T005.csv,1,1,FALL_SIT_F,FALL_SIT_F,5,within_subject_seed42_val0.2_test0.2_pretrained6,train,filename,True,auto_reviewed,True,,False,,224,124,224,124,232,132,0.14419,0.01047,0.02057,0.15311,0.16113,1.11747,0.07259,1.26641,0.01795,0.65736,5.0,2,False,0,False,,,normal,
onset_manifest_v1_2026-06-05,v1_auto_reviewed,E1_S01_A_FALL_SIT_F_T006.csv,1,1,FALL_SIT_F,FALL_SIT_F,6,within_subject_seed42_val0.2_test0.2_pretrained6,train,filename,True,pending_manual,False,,False,,,,,,,,0.25249,0.01497,0.03046,0.27089,0.29198,1.15641,0.05928,,,,41.0,,False,0,True,rise_not_found,,high,has_hard_review
onset_manifest_v1_2026-06-05,v1_auto_reviewed,E1_S01_A_FALL_SIT_F_T007.csv,1,1,FALL_SIT_F,FALL_SIT_F,7,within_subject_seed42_val0.2_test0.2_pretrained6,train,filename,True,auto_reviewed,True,,False,,208,108,208,108,259,159,0.15242,0.005,0.00991,0.15747,0.16225,1.0645,0.03283,1.14256,0.02065,0.56132,40.0,36,False,1,False,,topk_spread_high,normal,
onset_manifest_v1_2026-06-05,v1_auto_reviewed,E1_S01_A_FALL_SIT_F_T008.csv,1,1,FALL_SIT_F,FALL_SIT_F,8,within_subject_seed42_val0.2_test0.2_pretrained6,train,filename,True,auto_reviewed,True,,False,,226,126,226,126,279,179,0.26952,0.01381,0.02593,0.28611,0.30607,1.13562,0.05122,1.17099,0.03595,0.58334,6.0,3,False,0,False,,,high,has_hard_review
onset_manifest_v1_2026-06-05,v1_auto_reviewed,E1_S01_A_FALL_SIT_F_T009.csv,1,1,FALL_SIT_F,FALL_SIT_F,9,within_subject_seed42_val0.2_test0.2_pretrained6,test,filename,True,auto_reviewed,True,,False,,204,104,204,104,251,151,0.28277,0.01469,0.02964,0.29638,0.30881,1.09209,0.05196,1.22142,0.02081,0.62812,1.0,2,False,0,False,,,normal,
onset_manifest_v1_2026-06-05,v1_auto_reviewed,E1_S01_A_FALL_SIT_F_T010.csv,1,1,FALL_SIT_F,FALL_SIT_F,10,within_subject_seed42_val0.2_test0.2_pretrained6,train,filename,True,auto_reviewed,True,,False,,224,124,224,124,232,132,0.15632,0.01135,0.02229,0.16598,0.17468,1.11747,0.07259,1.26641,0.01795,0.65736,5.0,2,False,0,False,,,normal,
onset_manifest_v1_2026-06-05,v1_auto_reviewed,E1_S01_A_FALL_STD_B_T001.csv,1,1,FALL_STD_B,FALL_STD_B,1,within_subject_seed42_val0.2_test0.2_pretrained6,test,filename,True,auto_reviewed,True,,False,,244,144,244,144,251,151,0.14686,0.00692,0.01322,0.15125,0.15655,1.06596,0.04712,1.16829,0.0256,0.61612,53.0,2,False,1,False,,param_sensitivity_high,high,has_hard_review
onset_manifest_v1_2026-06-05,v1_auto_reviewed,E1_S01_A_FALL_STD_B_T002.csv,1,1,FALL_STD_B,FALL_STD_B,2,within_subject_seed42_val0.2_test0.2_pretrained6,val,filename,True,auto_reviewed,True,,False,,329,229,329,229,331,231,0.1421,0.00866,0.01711,0.15186,0.15969,1.12378,0.06092,1.39569,0.11447,0.62021,1.0,2,False,0,False,,,normal,
onset_manifest_v1_2026-06-05,v1_auto_reviewed,E1_S01_A_FALL_STD_B_T003.csv,1,1,FALL_STD_B,FALL_STD_B,3,within_subject_seed42_val0.2_test0.2_pretrained6,train,filename,True,auto_reviewed,True,,False,,247,147,247,147,251,151,0.28914,0.01582,0.03227,0.30063,0.31223,1.07986,0.05472,1.20892,0.11471,0.64943,0.0,2,False,0,False,,,normal,
onset_manifest_v1_2026-06-05,v1_auto_reviewed,E1_S01_A_FALL_STD_B_T004.csv,1,1,FALL_STD_B,FALL_STD_B,4,within_subject_seed42_val0.2_test0.2_pretrained6,train,filename,True,auto_reviewed,True,,False,,329,229,329,229,331,231,0.13009,0.00792,0.01567,0.13902,0.14619,1.12377,0.06092,1.39569,0.11447,0.62021,1.0,2,False,0,False,,,normal,
onset_manifest_v1_2026-06-05,v1_auto_reviewed,E1_S01_A_FALL_STD_B_T005.csv,1,1,FALL_STD_B,FALL_STD_B,5,within_subject_seed42_val0.2_test0.2_pretrained6,test,filename,True,auto_reviewed,True,,False,,247,147,247,147,251,151,0.31202,0.01563,0.0281,0.32437,0.33785,1.08279,0.05009,1.15974,0.11325,0.63412,18.0,2,False,0,False,,,normal,
onset_manifest_v1_2026-06-05,v1_auto_reviewed,E1_S01_A_FALL_STD_B_T006.csv,1,1,FALL_STD_B,FALL_STD_B,6,within_subject_seed42_val0.2_test0.2_pretrained6,test,filename,True,auto_reviewed,True,,False,,329,229,329,229,331,231,0.26466,0.01044,0.02059,0.27826,0.29625,1.11939,0.03945,1.14603,0.06139,0.53395,45.0,1,False,0,False,,,normal,
onset_manifest_v1_2026-06-05,v1_auto_reviewed,E1_S01_A_FALL_STD_B_T007.csv,1,1,FALL_STD_B,FALL_STD_B,7,within_subject_seed42_val0.2_test0.2_pretrained6,train,filename,True,auto_reviewed,True,,False,,244,144,244,144,251,151,0.16185,0.00763,0.01457,0.16669,0.17253,1.06596,0.04712,1.16829,0.0256,0.61612,53.0,2,False,1,False,,param_sensitivity_high,high,has_hard_review
onset_manifest_v1_2026-06-05,v1_auto_reviewed,E1_S01_A_FALL_STD_B_T008.csv,1,1,FALL_STD_B,FALL_STD_B,8,within_subject_seed42_val0.2_test0.2_pretrained6,val,filename,True,pending_manual,False,,False,,,,214,114,331,231,0.24739,0.00761,0.01464,0.25615,0.26479,1.07034,0.03074,1.10928,0.03763,0.52076,0.0,2,False,2,True,,rise_strength_low;confidence_ref_low,normal,
onset_manifest_v1_2026-06-05,v1_auto_reviewed,E1_S01_A_FALL_STD_B_T009.csv,1,1,FALL_STD_B,FALL_STD_B,9,within_subject_seed42_val0.2_test0.2_pretrained6,val,filename,True,auto_reviewed,True,,False,,247,147,247,147,251,151,0.28804,0.01404,0.02833,0.29952,0.31127,1.08065,0.04875,1.17542,0.10343,0.63651,0.0,2,False,0,False,,,normal,
onset_manifest_v1_2026-06-05,v1_auto_reviewed,E1_S01_A_FALL_STD_B_T010.csv,1,1,FALL_STD_B,FALL_STD_B,10,within_subject_seed42_val0.2_test0.2_pretrained6,train,filename,True,auto_reviewed,True,,False,,329,229,329,229,331,231,0.13246,0.00807,0.01595,0.14155,0.14885,1.12378,0.06092,1.39569,0.11447,0.62021,1.0,2,False,0,False,,,normal,
onset_manifest_v1_2026-06-05,v1_auto_reviewed,E1_S01_A_FALL_STD_F_T001.csv,1,1,FALL_STD_F,FALL_STD_F,1,within_subject_seed42_val0.2_test0.2_pretrained6,train,filename,True,pending_manual,False,,False,,,,190,,312,212,0.14544,0.00949,0.01853,0.15346,0.15968,1.09787,0.06523,1.27025,0.01601,0.45665,3.0,112,True,2,True,frame_mapping_failed;rise_in_beep_region;rise_too_early_original_lt_200;topk_no_consensus_hard,confidence_ref_low;topk_spread_high,high,has_hard_review
onset_manifest_v1_2026-06-05,v1_auto_reviewed,E1_S01_A_FALL_STD_F_T002.csv,1,1,FALL_STD_F,FALL_STD_F,2,within_subject_seed42_val0.2_test0.2_pretrained6,train,filename,True,auto_reviewed,True,,False,,257,157,257,157,267,167,0.14023,0.0065,0.01346,0.14932,0.15676,1.11791,0.04637,1.18254,0.04789,0.60475,0.0,2,False,0,False,,,high,has_hard_review
onset_manifest_v1_2026-06-05,v1_auto_reviewed,E1_S01_A_FALL_STD_F_T003.csv,1,1,FALL_STD_F,FALL_STD_F,3,within_subject_seed42_val0.2_test0.2_pretrained6,train,filename,True,pending_manual,False,,False,,,,193,,312,212,0.27605,0.01664,0.02924,0.28761,0.30771,1.11469,0.06026,1.25496,0.03353,0.45822,0.0,109,True,2,True,frame_mapping_failed;rise_in_beep_region;rise_too_early_original_lt_200;topk_no_consensus_hard,confidence_ref_low;topk_spread_high,high,has_hard_review
onset_manifest_v1_2026-06-05,v1_auto_reviewed,E1_S01_A_FALL_STD_F_T004.csv,1,1,FALL_STD_F,FALL_STD_F,4,within_subject_seed42_val0.2_test0.2_pretrained6,val,filename,True,auto_reviewed,True,,False,,257,157,257,157,267,167,0.12558,0.00582,0.01205,0.13373,0.14039,1.11791,0.04637,1.18254,0.04789,0.60475,0.0,2,False,0,False,,,high,has_hard_review
onset_manifest_v1_2026-06-05,v1_auto_reviewed,E1_S01_A_FALL_STD_F_T005.csv,1,1,FALL_STD_F,FALL_STD_F,5,within_subject_seed42_val0.2_test0.2_pretrained6,train,filename,True,pending_manual,False,,False,,,,193,,309,209,0.29592,0.01891,0.03668,0.31326,0.3308,1.11788,0.06389,1.26843,0.01876,0.45783,3.0,112,True,2,True,frame_mapping_failed;rise_in_beep_region;rise_too_early_original_lt_200;topk_no_consensus_hard,confidence_ref_low;topk_spread_high,high,has_hard_review
onset_manifest_v1_2026-06-05,v1_auto_reviewed,E1_S01_A_FALL_STD_F_T006.csv,1,1,FALL_STD_F,FALL_STD_F,6,within_subject_seed42_val0.2_test0.2_pretrained6,train,filename,True,auto_reviewed,True,,False,,260,160,260,160,268,168,0.27232,0.01013,0.02014,0.28386,0.28985,1.06437,0.03721,1.12462,0.02576,0.58623,3.0,2,False,1,False,,rise_strength_low,normal,
onset_manifest_v1_2026-06-05,v1_auto_reviewed,E1_S01_A_FALL_STD_F_T007.csv,1,1,FALL_STD_F,FALL_STD_F,7,within_subject_seed42_val0.2_test0.2_pretrained6,train,filename,True,pending_manual,False,,False,,,,190,,312,212,0.15697,0.01024,0.01999,0.16562,0.17233,1.09787,0.06523,1.27025,0.01601,0.45665,3.0,112,True,2,True,frame_mapping_failed;rise_in_beep_region;rise_too_early_original_lt_200;topk_no_consensus_hard,confidence_ref_low;topk_spread_high,high,has_hard_review
onset_manifest_v1_2026-06-05,v1_auto_reviewed,E1_S01_A_FALL_STD_F_T008.csv,1,1,FALL_STD_F,FALL_STD_F,8,within_subject_seed42_val0.2_test0.2_pretrained6,test,filename,True,auto_reviewed,True,,False,,254,154,254,154,267,167,0.28705,0.01147,0.02169,0.29663,0.31358,1.09243,0.03994,1.18084,0.01615,0.59204,5.0,8,False,0,False,,,normal,
onset_manifest_v1_2026-06-05,v1_auto_reviewed,E1_S01_A_FALL_STD_F_T009.csv,1,1,FALL_STD_F,FALL_STD_F,9,within_subject_seed42_val0.2_test0.2_pretrained6,val,filename,True,pending_manual,False,,False,,,,195,,312,212,0.27573,0.01503,0.02926,0.28787,0.29861,1.08298,0.05451,1.18312,0.06819,0.56386,1.0,6,False,0,True,frame_mapping_failed;rise_in_beep_region;rise_too_early_original_lt_200,,high,has_hard_review
onset_manifest_v1_2026-06-05,v1_auto_reviewed,E1_S01_A_FALL_STD_F_T010.csv,1,1,FALL_STD_F,FALL_STD_F,10,within_subject_seed42_val0.2_test0.2_pretrained6,train,filename,True,auto_reviewed,True,,False,,257,157,257,157,267,167,0.15459,0.00717,0.01483,0.16462,0.17282,1.11791,0.04637,1.18254,0.04789,0.60475,0.0,2,False,0,False,,,high,has_hard_review
onset_manifest_v1_2026-06-05,v1_auto_reviewed,E1_S01_A_FALL_WALK_B_T001.csv,1,1,FALL_WALK_B,FALL_WALK_B,1,within_subject_seed42_val0.2_test0.2_pretrained6,train,filename,True,auto_reviewed,True,,False,,200,100,200,100,283,183,0.14208,0.00542,0.0104,0.14788,0.15267,1.07457,0.03818,1.20511,0.05318,0.60106,1.0,2,False,0,False,,,high,weak_subtype:FALL_WALK_B;has_hard_review
onset_manifest_v1_2026-06-05,v1_auto_reviewed,E1_S01_A_FALL_WALK_B_T002.csv,1,1,FALL_WALK_B,FALL_WALK_B,2,within_subject_seed42_val0.2_test0.2_pretrained6,train,filename,True,auto_reviewed,True,,False,,222,122,222,122,298,198,0.14754,0.01124,0.0232,0.15981,0.16905,1.14582,0.07617,1.3393,0.08296,0.62639,2.0,2,False,0,False,,,high,weak_subtype:FALL_WALK_B
onset_manifest_v1_2026-06-05,v1_auto_reviewed,E1_S01_A_FALL_WALK_B_T003.csv,1,1,FALL_WALK_B,FALL_WALK_B,3,within_subject_seed42_val0.2_test0.2_pretrained6,train,filename,True,pending_manual,False,,False,,,,199,,282,182,0.26221,0.01158,0.02251,0.27233,0.28143,1.07328,0.04415,1.14155,0.06952,0.58741,1.0,2,False,0,True,frame_mapping_failed;rise_in_beep_region;rise_too_early_original_lt_200,,high,weak_subtype:FALL_WALK_B;has_hard_review
onset_manifest_v1_2026-06-05,v1_auto_reviewed,E1_S01_A_FALL_WALK_B_T004.csv,1,1,FALL_WALK_B,FALL_WALK_B,4,within_subject_seed42_val0.2_test0.2_pretrained6,train,filename,True,auto_reviewed,True,,False,,222,122,222,122,298,198,0.16478,0.01255,0.02591,0.17849,0.18881,1.14582,0.07617,1.3393,0.08296,0.62639,2.0,2,False,0,False,,,high,weak_subtype:FALL_WALK_B
onset_manifest_v1_2026-06-05,v1_auto_reviewed,E1_S01_A_FALL_WALK_B_T005.csv,1,1,FALL_WALK_B,FALL_WALK_B,5,within_subject_seed42_val0.2_test0.2_pretrained6,train,filename,True,pending_manual,False,,False,,,,199,,282,182,0.25762,0.01196,0.02325,0.27058,0.2786,1.08143,0.04642,1.20868,0.07827,0.6088,0.0,2,False,0,True,frame_mapping_failed;rise_in_beep_region;rise_too_early_original_lt_200,,high,weak_subtype:FALL_WALK_B;has_hard_review
onset_manifest_v1_2026-06-05,v1_auto_reviewed,E1_S01_A_FALL_WALK_B_T006.csv,1,1,FALL_WALK_B,FALL_WALK_B,6,within_subject_seed42_val0.2_test0.2_pretrained6,test,filename,True,auto_reviewed,True,,False,,220,120,220,120,237,137,0.28311,0.01293,0.02714,0.29843,0.31498,1.11255,0.04566,1.21398,0.03482,0.57557,1.0,61,True,1,False,,topk_spread_high,high,weak_subtype:FALL_WALK_B
onset_manifest_v1_2026-06-05,v1_auto_reviewed,E1_S01_A_FALL_WALK_B_T007.csv,1,1,FALL_WALK_B,FALL_WALK_B,7,within_subject_seed42_val0.2_test0.2_pretrained6,test,filename,True,auto_reviewed,True,,False,,200,100,200,100,283,183,0.14806,0.00565,0.01084,0.1541,0.1591,1.07457,0.03818,1.20511,0.05318,0.60106,1.0,2,False,0,False,,,high,weak_subtype:FALL_WALK_B;has_hard_review
onset_manifest_v1_2026-06-05,v1_auto_reviewed,E1_S01_A_FALL_WALK_B_T008.csv,1,1,FALL_WALK_B,FALL_WALK_B,8,within_subject_seed42_val0.2_test0.2_pretrained6,train,filename,True,auto_reviewed,True,,False,,222,122,222,122,298,198,0.25328,0.01533,0.03091,0.26859,0.28034,1.10682,0.06053,1.18346,0.05269,0.57619,1.0,2,False,0,False,,,high,weak_subtype:FALL_WALK_B
onset_manifest_v1_2026-06-05,v1_auto_reviewed,E1_S01_A_FALL_WALK_B_T009.csv,1,1,FALL_WALK_B,FALL_WALK_B,9,within_subject_seed42_val0.2_test0.2_pretrained6,train,filename,True,auto_reviewed,True,,False,,277,177,277,177,282,182,0.25707,0.01274,0.02497,0.26818,0.27839,1.08292,0.04954,1.2066,0.17695,0.63306,78.0,2,False,1,False,,param_sensitivity_high,high,weak_subtype:FALL_WALK_B;has_hard_review
onset_manifest_v1_2026-06-05,v1_auto_reviewed,E1_S01_A_FALL_WALK_B_T010.csv,1,1,FALL_WALK_B,FALL_WALK_B,10,within_subject_seed42_val0.2_test0.2_pretrained6,train,filename,True,auto_reviewed,True,,False,,222,122,222,122,298,198,0.15552,0.01185,0.02446,0.16846,0.17819,1.14582,0.07617,1.3393,0.08296,0.62639,2.0,2,False,0,False,,,high,weak_subtype:FALL_WALK_B
onset_manifest_v1_2026-06-05,v1_auto_reviewed,E1_S01_A_FALL_WALK_F_T001.csv,1,1,FALL_WALK_F,FALL_WALK_F,1,within_subject_seed42_val0.2_test0.2_pretrained6,val,filename,True,auto_reviewed,True,,False,,254,154,254,154,257,157,0.15005,0.01048,0.02125,0.15986,0.16825,1.12128,0.06982,1.21394,0.18006,0.65734,1.0,2,False,0,False,,,high,has_hard_review
onset_manifest_v1_2026-06-05,v1_auto_reviewed,E1_S01_A_FALL_WALK_F_T002.csv,1,1,FALL_WALK_F,FALL_WALK_F,2,within_subject_seed42_val0.2_test0.2_pretrained6,val,filename,True,pending_manual,False,,False,,,,275,175,279,179,0.16717,0.01757,0.03581,0.18755,0.42102,2.51855,0.10507,1.45135,0.2086,0.57381,0.0,2,False,2,True,,baseline_noise_high;baseline_mad_high,normal,
onset_manifest_v1_2026-06-05,v1_auto_reviewed,E1_S01_A_FALL_WALK_F_T003.csv,1,1,FALL_WALK_F,FALL_WALK_F,3,within_subject_seed42_val0.2_test0.2_pretrained6,val,filename,True,auto_reviewed,True,,False,,250,150,250,150,257,157,0.26802,0.00947,0.01772,0.27858,0.28715,1.07138,0.03533,1.14863,0.02916,0.6046,60.0,2,False,1,False,,param_sensitivity_high,high,has_hard_review
onset_manifest_v1_2026-06-05,v1_auto_reviewed,E1_S01_A_FALL_WALK_F_T004.csv,1,1,FALL_WALK_F,FALL_WALK_F,4,within_subject_seed42_val0.2_test0.2_pretrained6,train,filename,True,pending_manual,False,,False,,,,275,175,279,179,0.18382,0.01931,0.03938,0.20624,0.46297,2.51855,0.10507,1.45135,0.2086,0.57381,0.0,2,False,2,True,,baseline_noise_high;baseline_mad_high,normal,
onset_manifest_v1_2026-06-05,v1_auto_reviewed,E1_S01_A_FALL_WALK_F_T005.csv,1,1,FALL_WALK_F,FALL_WALK_F,5,within_subject_seed42_val0.2_test0.2_pretrained6,train,filename,True,pending_manual,False,,False,,,,250,150,257,157,0.24412,0.00914,0.01835,0.25295,0.25928,1.06209,0.03744,1.12618,0.01562,0.5954,61.0,2,False,3,True,,rise_strength_low;rise_slope_low;param_sensitivity_high,high,has_hard_review
onset_manifest_v1_2026-06-05,v1_auto_reviewed,E1_S01_A_FALL_WALK_F_T006.csv,1,1,FALL_WALK_F,FALL_WALK_F,6,within_subject_seed42_val0.2_test0.2_pretrained6,test,filename,True,pending_manual,False,,False,,,,276,176,279,179,0.29956,0.02395,0.05537,0.3348,0.53521,1.78669,0.07996,1.24162,0.12009,0.56302,1.0,1,False,2,True,,baseline_noise_high;baseline_mad_high,normal,
onset_manifest_v1_2026-06-05,v1_auto_reviewed,E1_S01_A_FALL_WALK_F_T007.csv,1,1,FALL_WALK_F,FALL_WALK_F,7,within_subject_seed42_val0.2_test0.2_pretrained6,test,filename,True,auto_reviewed,True,,False,,254,154,254,154,257,157,0.13617,0.00951,0.01929,0.14507,0.15269,1.12128,0.06982,1.21394,0.18006,0.65734,1.0,2,False,0,False,,,high,has_hard_review
onset_manifest_v1_2026-06-05,v1_auto_reviewed,E1_S01_A_FALL_WALK_F_T008.csv,1,1,FALL_WALK_F,FALL_WALK_F,8,within_subject_seed42_val0.2_test0.2_pretrained6,train,filename,True,auto_reviewed,True,,False,,276,176,276,176,278,178,0.33181,0.0235,0.05394,0.36396,0.56158,1.69249,0.07084,1.31936,0.09827,0.59103,1.0,1,False,1,False,,baseline_noise_high,normal,
onset_manifest_v1_2026-06-05,v1_auto_reviewed,E1_S01_A_FALL_WALK_F_T009.csv,1,1,FALL_WALK_F,FALL_WALK_F,9,within_subject_seed42_val0.2_test0.2_pretrained6,train,filename,True,auto_reviewed,True,,False,,253,153,253,153,258,158,0.26908,0.01324,0.02792,0.28156,0.29579,1.09927,0.04922,1.19509,0.04644,0.61903,59.0,2,False,1,False,,param_sensitivity_high,high,has_hard_review
onset_manifest_v1_2026-06-05,v1_auto_reviewed,E1_S01_A_FALL_WALK_F_T010.csv,1,1,FALL_WALK_F,FALL_WALK_F,10,within_subject_seed42_val0.2_test0.2_pretrained6,val,filename,True,pending_manual,False,,False,,,,275,175,279,179,0.1869,0.01964,0.04004,0.20969,0.47072,2.51855,0.10507,1.45135,0.2086,0.57381,0.0,2,False,2,True,,baseline_noise_high;baseline_mad_high,normal,
onset_manifest_v1_2026-06-05,v1_auto_reviewed,E2_S02_A_FALL_SIT_B_T001.csv,2,2,FALL_SIT_B,FALL_SIT_B,1,within_subject_seed42_val0.2_test0.2_pretrained6,val,filename,True,auto_reviewed,True,,False,,279,179,279,179,315,215,0.14007,0.00751,0.01499,0.14798,0.15219,1.08653,0.05364,1.23897,0.04842,0.57658,1.0,2,False,0,False,,,normal,
onset_manifest_v1_2026-06-05,v1_auto_reviewed,E2_S02_A_FALL_SIT_B_T002.csv,2,2,FALL_SIT_B,FALL_SIT_B,2,within_subject_seed42_val0.2_test0.2_pretrained6,train,filename,True,pending_manual,False,,False,,,,231,131,329,229,0.14118,0.01065,0.02105,0.15113,0.15708,1.11269,0.07544,1.25878,0.0554,0.49606,2.0,66,True,2,True,,confidence_ref_low;topk_spread_high,normal,
onset_manifest_v1_2026-06-05,v1_auto_reviewed,E2_S02_A_FALL_SIT_B_T003.csv,2,2,FALL_SIT_B,FALL_SIT_B,3,within_subject_seed42_val0.2_test0.2_pretrained6,train,filename,True,auto_reviewed,True,,False,,209,109,209,109,223,123,0.12925,0.00487,0.01012,0.13345,0.13729,1.06221,0.03765,1.208,0.06392,0.66506,0.0,3,False,0,False,,,normal,
onset_manifest_v1_2026-06-05,v1_auto_reviewed,E2_S02_A_FALL_SIT_B_T004.csv,2,2,FALL_SIT_B,FALL_SIT_B,4,within_subject_seed42_val0.2_test0.2_pretrained6,val,filename,True,auto_reviewed,True,,False,,201,101,201,101,251,151,0.12534,0.00641,0.01237,0.13135,0.14058,1.12157,0.05117,1.19807,0.03344,0.61137,8.0,11,False,1,False,,topk_spread_high,high,has_hard_review
onset_manifest_v1_2026-06-05,v1_auto_reviewed,E2_S02_A_FALL_SIT_B_T005.csv,2,2,FALL_SIT_B,FALL_SIT_B,5,within_subject_seed42_val0.2_test0.2_pretrained6,train,filename,True,auto_reviewed,True,,False,,205,105,205,105,254,154,0.12316,0.00641,0.0133,0.13011,0.13669,1.10989,0.05204,1.21522,0.02996,0.62381,1.0,2,False,0,False,,,normal,
onset_manifest_v1_2026-06-05,v1_auto_reviewed,E2_S02_A_FALL_SIT_B_T006.csv,2,2,FALL_SIT_B,FALL_SIT_B,6,within_subject_seed42_val0.2_test0.2_pretrained6,train,filename,True,auto_reviewed,True,,False,,201,101,201,101,224,124,0.1251,0.00671,0.01383,0.13309,0.14109,1.12781,0.05366,1.1698,0.03245,0.63927,14.0,2,False,0,False,,,normal,
onset_manifest_v1_2026-06-05,v1_auto_reviewed,E2_S02_A_FALL_SIT_B_T007.csv,2,2,FALL_SIT_B,FALL_SIT_B,7,within_subject_seed42_val0.2_test0.2_pretrained6,train,filename,True,pending_manual,False,,False,,,,190,,252,152,0.13523,0.00676,0.01316,0.14164,0.14933,1.10425,0.04998,1.29448,0.03045,0.6501,23.0,2,False,0,True,frame_mapping_failed;rise_in_beep_region;rise_too_early_original_lt_200,,high,has_hard_review
onset_manifest_v1_2026-06-05,v1_auto_reviewed,E2_S02_A_FALL_SIT_B_T008.csv,2,2,FALL_SIT_B,FALL_SIT_B,8,within_subject_seed42_val0.2_test0.2_pretrained6,test,filename,True,auto_reviewed,True,,False,,223,123,223,123,226,126,0.15302,0.00803,0.01591,0.16091,0.16739,1.09389,0.05249,1.23219,0.07585,0.67023,16.0,2,False,0,False,,,normal,
onset_manifest_v1_2026-06-05,v1_auto_reviewed,E2_S02_A_FALL_SIT_B_T009.csv,2,2,FALL_SIT_B,FALL_SIT_B,9,within_subject_seed42_val0.2_test0.2_pretrained6,train,filename,True,auto_reviewed,True,,False,,205,105,205,105,218,118,0.14287,0.00779,0.01508,0.14923,0.15628,1.09384,0.0545,1.18728,0.02757,0.60685,26.0,43,False,1,False,,topk_spread_high,high,has_hard_review
onset_manifest_v1_2026-06-05,v1_auto_reviewed,E2_S02_A_FALL_SIT_B_T010.csv,2,2,FALL_SIT_B,FALL_SIT_B,10,within_subject_seed42_val0.2_test0.2_pretrained6,test,filename,True,pending_manual,False,,False,,,,,,,,0.15482,0.01128,0.02432,0.16415,0.17011,1.09876,0.07283,,,,,,False,0,True,rise_not_found,,high,has_hard_review
onset_manifest_v1_2026-06-05,v1_auto_reviewed,E2_S02_A_FALL_SIT_F_T001.csv,2,2,FALL_SIT_F,FALL_SIT_F,1,within_subject_seed42_val0.2_test0.2_pretrained6,train,filename,True,pending_manual,False,,False,,,,198,,243,143,0.15318,0.00766,0.01748,0.16002,0.16638,1.0862,0.04998,1.20283,0.01081,0.63091,6.0,0,False,1,True,frame_mapping_failed;rise_in_beep_region;rise_too_early_original_lt_200,rise_slope_low,high,has_hard_review
onset_manifest_v1_2026-06-05,v1_auto_reviewed,E2_S02_A_FALL_SIT_F_T002.csv,2,2,FALL_SIT_F,FALL_SIT_F,2,within_subject_seed42_val0.2_test0.2_pretrained6,test,filename,True,auto_reviewed,True,,False,,264,164,264,164,301,201,0.13564,0.00849,0.01642,0.14291,0.1519,1.11987,0.06263,1.21114,0.02174,0.57227,77.0,2,False,1,False,,param_sensitivity_high,high,has_hard_review
onset_manifest_v1_2026-06-05,v1_auto_reviewed,E2_S02_A_FALL_SIT_F_T003.csv,2,2,FALL_SIT_F,FALL_SIT_F,3,within_subject_seed42_val0.2_test0.2_pretrained6,test,filename,True,auto_reviewed,True,,False,,209,109,209,109,221,121,0.14955,0.00665,0.01341,0.15641,0.16384,1.09556,0.04444,1.16316,0.03982,0.6454,0.0,2,False,0,False,,,high,has_hard_review
onset_manifest_v1_2026-06-05,v1_auto_reviewed,E2_S02_A_FALL_SIT_F_T004.csv,2,2,FALL_SIT_F,FALL_SIT_F,4,within_subject_seed42_val0.2_test0.2_pretrained6,test,filename,True,auto_reviewed,True,,False,,274,174,274,174,302,202,0.1393,0.00989,0.02073,0.14644,0.15175,1.08938,0.07097,1.24513,0.05252,0.58665,2.0,7,False,0,False,,,normal,
onset_manifest_v1_2026-06-05,v1_auto_reviewed,E2_S02_A_FALL_SIT_F_T005.csv,2,2,FALL_SIT_F,FALL_SIT_F,5,within_subject_seed42_val0.2_test0.2_pretrained6,train,filename,True,auto_reviewed,True,,False,,207,107,207,107,271,171,0.14275,0.00848,0.01634,0.15139,0.15637,1.09536,0.05941,1.20016,0.0305,0.5379,1.0,61,True,1,False,,topk_spread_high,high,has_hard_review
onset_manifest_v1_2026-06-05,v1_auto_reviewed,E2_S02_A_FALL_SIT_F_T006.csv,2,2,FALL_SIT_F,FALL_SIT_F,6,within_subject_seed42_val0.2_test0.2_pretrained6,test,filename,True,auto_reviewed,True,,False,,243,143,243,143,296,196,0.15204,0.00825,0.01612,0.15943,0.16769,1.10294,0.05423,1.21754,0.06556,0.592,74.0,2,False,1,False,,param_sensitivity_high,high,has_hard_review
onset_manifest_v1_2026-06-05,v1_auto_reviewed,E2_S02_A_FALL_SIT_F_T007.csv,2,2,FALL_SIT_F,FALL_SIT_F,7,within_subject_seed42_val0.2_test0.2_pretrained6,train,filename,True,excluded,False,resampled_lt_550,False,,,,,,,,,,,,,,,,,,,,,0,True,resampled_count<550,,high,hard_resampled_count_lt_550
onset_manifest_v1_2026-06-05,v1_auto_reviewed,E2_S02_A_FALL_SIT_F_T008.csv,2,2,FALL_SIT_F,FALL_SIT_F,8,within_subject_seed42_val0.2_test0.2_pretrained6,train,filename,True,pending_manual,False,,False,,,,193,,277,177,0.15182,0.01175,0.0222,0.16417,0.18236,1.20113,0.07737,1.33945,0.07263,0.56119,0.0,72,True,1,True,frame_mapping_failed;rise_in_beep_region;rise_too_early_original_lt_200,topk_spread_high,high,has_hard_review
onset_manifest_v1_2026-06-05,v1_auto_reviewed,E2_S02_A_FALL_SIT_F_T009.csv,2,2,FALL_SIT_F,FALL_SIT_F,9,within_subject_seed42_val0.2_test0.2_pretrained6,train,filename,True,excluded,False,resampled_lt_550,False,,,,,,,,,,,,,,,,,,,,,0,True,resampled_count<550,,high,hard_resampled_count_lt_550
onset_manifest_v1_2026-06-05,v1_auto_reviewed,E2_S02_A_FALL_SIT_F_T010.csv,2,2,FALL_SIT_F,FALL_SIT_F,10,within_subject_seed42_val0.2_test0.2_pretrained6,val,filename,True,auto_reviewed,True,,False,,235,135,235,135,285,185,0.14361,0.01084,0.02489,0.16178,0.23278,1.6209,0.07546,1.35469,0.12061,0.60621,27.0,2,False,1,False,,baseline_noise_high,normal,
onset_manifest_v1_2026-06-05,v1_auto_reviewed,E2_S02_A_FALL_STD_B_T001.csv,2,2,FALL_STD_B,FALL_STD_B,1,within_subject_seed42_val0.2_test0.2_pretrained6,train,filename,True,pending_manual,False,,False,,,,191,,217,117,0.14507,0.00544,0.01102,0.15028,0.15605,1.07569,0.03747,1.12297,0.07344,0.62785,1.0,20,False,2,True,frame_mapping_failed;rise_in_beep_region;rise_too_early_original_lt_200,rise_strength_low;topk_spread_high,high,has_hard_review
onset_manifest_v1_2026-06-05,v1_auto_reviewed,E2_S02_A_FALL_STD_B_T002.csv,2,2,FALL_STD_B,FALL_STD_B,2,within_subject_seed42_val0.2_test0.2_pretrained6,train,filename,True,pending_manual,False,,False,,,,,,,,0.15213,0.01558,0.03309,0.16704,0.17508,1.15083,0.10244,,,,,,False,1,True,rise_not_found,baseline_mad_high,high,has_hard_review
onset_manifest_v1_2026-06-05,v1_auto_reviewed,E2_S02_A_FALL_STD_B_T003.csv,2,2,FALL_STD_B,FALL_STD_B,3,within_subject_seed42_val0.2_test0.2_pretrained6,val,filename,True,pending_manual,False,,False,,,,289,189,316,216,0.14735,0.00639,0.0124,0.15445,0.16308,1.10672,0.04335,1.2828,0.09004,0.57259,76.0,24,False,2,True,,param_sensitivity_high;topk_spread_high,normal,
onset_manifest_v1_2026-06-05,v1_auto_reviewed,E2_S02_A_FALL_STD_B_T004.csv,2,2,FALL_STD_B,FALL_STD_B,4,within_subject_seed42_val0.2_test0.2_pretrained6,test,filename,True,auto_reviewed,True,,False,,236,136,236,136,239,139,0.14557,0.00903,0.01729,0.15374,0.15965,1.09679,0.06202,1.26916,0.11839,0.59487,0.0,77,True,1,False,,topk_spread_high,normal,
onset_manifest_v1_2026-06-05,v1_auto_reviewed,E2_S02_A_FALL_STD_B_T005.csv,2,2,FALL_STD_B,FALL_STD_B,5,within_subject_seed42_val0.2_test0.2_pretrained6,train,filename,True,auto_reviewed,True,,False,,265,165,265,165,269,169,0.13795,0.00939,0.01894,0.14903,0.1558,1.1294,0.06809,1.21504,0.11044,0.57574,34.0,48,True,1,False,,topk_spread_high,normal,
onset_manifest_v1_2026-06-05,v1_auto_reviewed,E2_S02_A_FALL_STD_B_T006.csv,2,2,FALL_STD_B,FALL_STD_B,6,within_subject_seed42_val0.2_test0.2_pretrained6,train,filename,True,auto_reviewed,True,,False,,205,105,205,105,215,115,0.13929,0.00753,0.01473,0.14705,0.15231,1.09351,0.05407,1.16316,0.05002,0.64975,0.0,6,False,0,False,,,high,has_hard_review
onset_manifest_v1_2026-06-05,v1_auto_reviewed,E2_S02_A_FALL_STD_B_T007.csv,2,2,FALL_STD_B,FALL_STD_B,7,within_subject_seed42_val0.2_test0.2_pretrained6,train,filename,True,auto_reviewed,True,,False,,253,153,253,153,258,158,0.13852,0.0075,0.01539,0.14722,0.15703,1.13364,0.05411,1.164,0.04629,0.6063,63.0,2,False,1,False,,param_sensitivity_high,high,has_hard_review
onset_manifest_v1_2026-06-05,v1_auto_reviewed,E2_S02_A_FALL_STD_B_T008.csv,2,2,FALL_STD_B,FALL_STD_B,8,within_subject_seed42_val0.2_test0.2_pretrained6,train,filename,True,auto_reviewed,True,,False,,235,135,235,135,306,206,0.14178,0.00898,0.01687,0.14941,0.15506,1.0937,0.06335,1.21493,0.04864,0.52418,1.0,50,True,1,False,,topk_spread_high,normal,
onset_manifest_v1_2026-06-05,v1_auto_reviewed,E2_S02_A_FALL_STD_B_T009.csv,2,2,FALL_STD_B,FALL_STD_B,9,within_subject_seed42_val0.2_test0.2_pretrained6,val,filename,True,pending_manual,False,,False,,,,190,,265,165,0.12141,0.00767,0.01597,0.13023,0.1403,1.15557,0.06318,1.29702,0.05341,0.6385,0.0,2,False,0,True,frame_mapping_failed;rise_in_beep_region;rise_too_early_original_lt_200,,high,has_hard_review
onset_manifest_v1_2026-06-05,v1_auto_reviewed,E2_S02_A_FALL_STD_B_T010.csv,2,2,FALL_STD_B,FALL_STD_B,10,within_subject_seed42_val0.2_test0.2_pretrained6,val,filename,True,pending_manual,False,,False,,,,198,,237,137,0.15462,0.01155,0.02345,0.167,0.17523,1.13328,0.07467,1.23362,0.03732,0.6459,3.0,2,False,0,True,frame_mapping_failed;rise_in_beep_region;rise_too_early_original_lt_200,,high,has_hard_review
onset_manifest_v1_2026-06-05,v1_auto_reviewed,E2_S02_A_FALL_STD_F_T001.csv,2,2,FALL_STD_F,FALL_STD_F,1,within_subject_seed42_val0.2_test0.2_pretrained6,val,filename,True,excluded,False,resampled_lt_550,False,,,,,,,,,,,,,,,,,,,,,0,True,resampled_count<550,,high,hard_resampled_count_lt_550
onset_manifest_v1_2026-06-05,v1_auto_reviewed,E2_S02_A_FALL_STD_F_T002.csv,2,2,FALL_STD_F,FALL_STD_F,2,within_subject_seed42_val0.2_test0.2_pretrained6,train,filename,True,auto_reviewed,True,,False,,229,129,229,129,236,136,0.12901,0.00783,0.01633,0.13614,0.15314,1.18701,0.06066,1.29724,0.06814,0.66607,0.0,4,False,0,False,,,high,has_hard_review
onset_manifest_v1_2026-06-05,v1_auto_reviewed,E2_S02_A_FALL_STD_F_T003.csv,2,2,FALL_STD_F,FALL_STD_F,3,within_subject_seed42_val0.2_test0.2_pretrained6,train,filename,True,auto_reviewed,True,,False,,220,120,220,120,296,196,0.12524,0.00717,0.01568,0.13021,0.13639,1.08903,0.05723,1.19087,0.07971,0.58904,25.0,2,False,0,False,,,high,has_hard_review
onset_manifest_v1_2026-06-05,v1_auto_reviewed,E2_S02_A_FALL_STD_F_T004.csv,2,2,FALL_STD_F,FALL_STD_F,4,within_subject_seed42_val0.2_test0.2_pretrained6,train,filename,True,auto_reviewed,True,,False,,242,142,242,142,273,173,0.15666,0.00925,0.01827,0.16507,0.17655,1.12694,0.05904,1.24901,0.08032,0.5778,1.0,45,False,1,False,,topk_spread_high,normal,
onset_manifest_v1_2026-06-05,v1_auto_reviewed,E2_S02_A_FALL_STD_F_T005.csv,2,2,FALL_STD_F,FALL_STD_F,5,within_subject_seed42_val0.2_test0.2_pretrained6,train,filename,True,pending_manual,False,,False,,,,196,,270,170,0.14713,0.0131,0.02535,0.15857,0.16451,1.11807,0.08901,1.27848,0.04694,0.57866,1.0,48,True,2,True,frame_mapping_failed;rise_in_beep_region;rise_too_early_original_lt_200,baseline_mad_high;topk_spread_high,high,has_hard_review
onset_manifest_v1_2026-06-05,v1_auto_reviewed,E2_S02_A_FALL_STD_F_T006.csv,2,2,FALL_STD_F,FALL_STD_F,6,within_subject_seed42_val0.2_test0.2_pretrained6,train,filename,True,auto_reviewed,True,,False,,215,115,215,115,275,175,0.14965,0.00658,0.01346,0.15719,0.16873,1.12752,0.04395,1.17947,0.08726,0.60482,0.0,2,False,0,False,,,normal,
onset_manifest_v1_2026-06-05,v1_auto_reviewed,E2_S02_A_FALL_STD_F_T007.csv,2,2,FALL_STD_F,FALL_STD_F,7,within_subject_seed42_val0.2_test0.2_pretrained6,val,filename,True,auto_reviewed,True,,False,,271,171,271,171,275,175,0.14208,0.0122,0.02519,0.15129,0.16043,1.12911,0.08589,1.37156,0.12643,0.6718,0.0,2,False,1,False,,baseline_mad_high,normal,
onset_manifest_v1_2026-06-05,v1_auto_reviewed,E2_S02_A_FALL_STD_F_T008.csv,2,2,FALL_STD_F,FALL_STD_F,8,within_subject_seed42_val0.2_test0.2_pretrained6,train,filename,True,auto_reviewed,True,,False,,237,137,237,137,256,156,0.14752,0.01001,0.02141,0.16121,0.17579,1.19167,0.06784,1.31143,0.01914,0.63954,6.0,2,False,0,False,,,normal,
onset_manifest_v1_2026-06-05,v1_auto_reviewed,E2_S02_A_FALL_STD_F_T009.csv,2,2,FALL_STD_F,FALL_STD_F,9,within_subject_seed42_val0.2_test0.2_pretrained6,test,filename,True,auto_reviewed,True,,False,,206,106,206,106,271,171,0.14636,0.00702,0.01414,0.15304,0.15872,1.08443,0.04797,1.16518,0.01753,0.5912,29.0,2,False,0,False,,,high,has_hard_review
onset_manifest_v1_2026-06-05,v1_auto_reviewed,E2_S02_A_FALL_STD_F_T010.csv,2,2,FALL_STD_F,FALL_STD_F,10,within_subject_seed42_val0.2_test0.2_pretrained6,train,filename,True,auto_reviewed,True,,False,,255,155,255,155,269,169,0.15173,0.0094,0.02005,0.16464,0.17402,1.14691,0.06197,1.33258,0.0831,0.65346,1.0,2,False,0,False,,,normal,
onset_manifest_v1_2026-06-05,v1_auto_reviewed,E2_S02_A_FALL_WALK_B_T001.csv,2,2,FALL_WALK_B,FALL_WALK_B,1,within_subject_seed42_val0.2_test0.2_pretrained6,val,filename,True,auto_reviewed,True,,False,,295,195,295,195,298,198,0.16116,0.00911,0.01851,0.16889,0.17467,1.08386,0.05655,1.29035,0.07039,0.61592,68.0,1,False,1,False,,param_sensitivity_high,high,weak_subtype:FALL_WALK_B
onset_manifest_v1_2026-06-05,v1_auto_reviewed,E2_S02_A_FALL_WALK_B_T002.csv,2,2,FALL_WALK_B,FALL_WALK_B,2,within_subject_seed42_val0.2_test0.2_pretrained6,val,filename,True,pending_manual,False,,False,,,,190,,191,,0.15127,0.01049,0.02197,0.16392,0.17305,1.14396,0.06935,2.04081,0.04436,,0.0,2,False,0,True,frame_mapping_failed;peak_in_beep_region;peak_outside_expected_fall_original_200_400;rise_in_beep_region;rise_too_early_original_lt_200,,high,weak_subtype:FALL_WALK_B;has_hard_review
onset_manifest_v1_2026-06-05,v1_auto_reviewed,E2_S02_A_FALL_WALK_B_T003.csv,2,2,FALL_WALK_B,FALL_WALK_B,3,within_subject_seed42_val0.2_test0.2_pretrained6,train,filename,True,auto_reviewed,True,,False,,250,150,250,150,254,154,0.13533,0.01063,0.02186,0.14671,0.16539,1.22219,0.07857,1.28452,0.13158,0.65901,0.0,2,False,1,False,,baseline_noise_high,high,weak_subtype:FALL_WALK_B
onset_manifest_v1_2026-06-05,v1_auto_reviewed,E2_S02_A_FALL_WALK_B_T004.csv,2,2,FALL_WALK_B,FALL_WALK_B,4,within_subject_seed42_val0.2_test0.2_pretrained6,train,filename,True,pending_manual,False,,False,,,,238,138,242,142,0.14812,0.01147,0.02596,0.16414,0.19778,1.33524,0.07743,1.28531,0.05341,0.60781,0.0,31,False,2,True,,baseline_noise_high;topk_spread_high,high,weak_subtype:FALL_WALK_B
onset_manifest_v1_2026-06-05,v1_auto_reviewed,E2_S02_A_FALL_WALK_B_T005.csv,2,2,FALL_WALK_B,FALL_WALK_B,5,within_subject_seed42_val0.2_test0.2_pretrained6,train,filename,True,pending_manual,False,,False,,,,190,,190,,0.1556,0.01069,0.01948,0.1672,0.17344,1.11465,0.06868,1.39261,0.00529,,0.0,2,False,1,True,frame_mapping_failed;peak_in_beep_region;peak_outside_expected_fall_original_200_400;rise_in_beep_region;rise_too_early_original_lt_200,rise_slope_low,high,weak_subtype:FALL_WALK_B;has_hard_review
onset_manifest_v1_2026-06-05,v1_auto_reviewed,E2_S02_A_FALL_WALK_B_T006.csv,2,2,FALL_WALK_B,FALL_WALK_B,6,within_subject_seed42_val0.2_test0.2_pretrained6,test,filename,True,pending_manual,False,,False,,,,,,,,0.15535,0.01214,0.02361,0.16769,0.17561,1.13042,0.07815,,,,0.0,,False,0,True,rise_not_found,,high,weak_subtype:FALL_WALK_B;has_hard_review
onset_manifest_v1_2026-06-05,v1_auto_reviewed,E2_S02_A_FALL_WALK_B_T007.csv,2,2,FALL_WALK_B,FALL_WALK_B,7,within_subject_seed42_val0.2_test0.2_pretrained6,test,filename,True,pending_manual,False,,False,,,,,,,,0.16477,0.0126,0.02421,0.1775,0.19886,1.20687,0.07644,,,,,,False,1,True,rise_not_found,baseline_noise_high,high,weak_subtype:FALL_WALK_B;has_hard_review
onset_manifest_v1_2026-06-05,v1_auto_reviewed,E2_S02_A_FALL_WALK_B_T008.csv,2,2,FALL_WALK_B,FALL_WALK_B,8,within_subject_seed42_val0.2_test0.2_pretrained6,train,filename,True,auto_reviewed,True,,False,,200,100,200,100,219,119,0.16513,0.01352,0.03049,0.17639,0.19172,1.16104,0.0819,1.3383,0.03919,0.69287,2.0,2,False,1,False,,baseline_mad_high,high,weak_subtype:FALL_WALK_B;has_hard_review
onset_manifest_v1_2026-06-05,v1_auto_reviewed,E2_S02_A_FALL_WALK_B_T009.csv,2,2,FALL_WALK_B,FALL_WALK_B,9,within_subject_seed42_val0.2_test0.2_pretrained6,test,filename,True,auto_reviewed,True,,False,,211,111,211,111,330,230,0.14264,0.00754,0.01406,0.15066,0.16585,1.1627,0.05287,1.16601,0.04518,0.53136,133.0,2,False,1,False,,param_sensitivity_high,high,weak_subtype:FALL_WALK_B;has_hard_review
onset_manifest_v1_2026-06-05,v1_auto_reviewed,E2_S02_A_FALL_WALK_B_T010.csv,2,2,FALL_WALK_B,FALL_WALK_B,10,within_subject_seed42_val0.2_test0.2_pretrained6,train,filename,True,pending_manual,False,,False,,,,192,,208,108,0.157,0.01182,0.02568,0.17215,0.18674,1.18943,0.0753,1.23939,0.03155,0.6697,2.0,2,False,0,True,frame_mapping_failed;rise_in_beep_region;rise_too_early_original_lt_200,,high,weak_subtype:FALL_WALK_B;has_hard_review
onset_manifest_v1_2026-06-05,v1_auto_reviewed,E2_S02_A_FALL_WALK_F_T001.csv,2,2,FALL_WALK_F,FALL_WALK_F,1,within_subject_seed42_val0.2_test0.2_pretrained6,train,filename,True,pending_manual,False,,False,,,,191,,194,,0.14125,0.01855,0.05826,0.18512,0.22752,1.61072,0.1313,1.53579,0.08489,,1.0,2,False,2,True,frame_mapping_failed;peak_in_beep_region;peak_outside_expected_fall_original_200_400;rise_in_beep_region;rise_too_early_original_lt_200,baseline_noise_high;baseline_mad_high,high,has_hard_review
onset_manifest_v1_2026-06-05,v1_auto_reviewed,E2_S02_A_FALL_WALK_F_T002.csv,2,2,FALL_WALK_F,FALL_WALK_F,2,within_subject_seed42_val0.2_test0.2_pretrained6,test,filename,True,excluded,False,resampled_lt_550,False,,,,,,,,,,,,,,,,,,,,,0,True,resampled_count<550,,high,hard_resampled_count_lt_550
onset_manifest_v1_2026-06-05,v1_auto_reviewed,E2_S02_A_FALL_WALK_F_T003.csv,2,2,FALL_WALK_F,FALL_WALK_F,3,within_subject_seed42_val0.2_test0.2_pretrained6,test,filename,True,pending_manual,False,,False,,,,,,,,0.1571,0.01265,0.02372,0.17007,0.17732,1.12875,0.08055,,,,,,False,1,True,rise_not_found,baseline_mad_high,high,has_hard_review
onset_manifest_v1_2026-06-05,v1_auto_reviewed,E2_S02_A_FALL_WALK_F_T004.csv,2,2,FALL_WALK_F,FALL_WALK_F,4,within_subject_seed42_val0.2_test0.2_pretrained6,test,filename,True,auto_reviewed,True,,False,,253,153,253,153,256,156,0.1584,0.01025,0.02032,0.16594,0.17502,1.10489,0.06474,1.44434,0.08262,0.70388,33.0,2,False,0,False,,,normal,
onset_manifest_v1_2026-06-05,v1_auto_reviewed,E2_S02_A_FALL_WALK_F_T005.csv,2,2,FALL_WALK_F,FALL_WALK_F,5,within_subject_seed42_val0.2_test0.2_pretrained6,val,filename,True,pending_manual,False,,False,,,,190,,191,,0.13204,0.00639,0.01337,0.14022,0.14752,1.11726,0.04843,1.81788,-0.02701,,0.0,9,False,1,True,frame_mapping_failed;peak_in_beep_region;peak_outside_expected_fall_original_200_400;rise_in_beep_region;rise_too_early_original_lt_200,rise_slope_low,high,has_hard_review
onset_manifest_v1_2026-06-05,v1_auto_reviewed,E2_S02_A_FALL_WALK_F_T006.csv,2,2,FALL_WALK_F,FALL_WALK_F,6,within_subject_seed42_val0.2_test0.2_pretrained6,train,filename,True,pending_manual,False,,False,,,,,,,,0.1829,0.02106,0.06188,0.23068,0.2847,1.55659,0.11513,,,,,,False,2,True,rise_not_found,baseline_noise_high;baseline_mad_high,high,has_hard_review
onset_manifest_v1_2026-06-05,v1_auto_reviewed,E2_S02_A_FALL_WALK_F_T007.csv,2,2,FALL_WALK_F,FALL_WALK_F,7,within_subject_seed42_val0.2_test0.2_pretrained6,val,filename,True,pending_manual,False,,False,,,,218,118,221,121,0.15119,0.01312,0.02966,0.1701,0.19162,1.26741,0.08676,1.45004,0.13584,0.73804,1.0,2,False,2,True,,baseline_noise_high;baseline_mad_high,normal,
onset_manifest_v1_2026-06-05,v1_auto_reviewed,E2_S02_A_FALL_WALK_F_T008.csv,2,2,FALL_WALK_F,FALL_WALK_F,8,within_subject_seed42_val0.2_test0.2_pretrained6,train,filename,True,pending_manual,False,,False,,,,,,,,0.15828,0.0096,0.01822,0.16667,0.17437,1.10165,0.06063,,,,0.0,,False,0,True,rise_not_found,,high,has_hard_review
onset_manifest_v1_2026-06-05,v1_auto_reviewed,E2_S02_A_FALL_WALK_F_T009.csv,2,2,FALL_WALK_F,FALL_WALK_F,9,within_subject_seed42_val0.2_test0.2_pretrained6,train,filename,True,pending_manual,False,,False,,,,,,,,0.15964,0.0169,0.0357,0.18169,0.24892,1.55929,0.10589,,,,,,False,2,True,rise_not_found,baseline_noise_high;baseline_mad_high,high,has_hard_review
onset_manifest_v1_2026-06-05,v1_auto_reviewed,E2_S02_A_FALL_WALK_F_T010.csv,2,2,FALL_WALK_F,FALL_WALK_F,10,within_subject_seed42_val0.2_test0.2_pretrained6,train,filename,True,pending_manual,False,,False,,,,,,,,0.16078,0.0131,0.0267,0.17734,0.19411,1.20737,0.08149,,,,,,False,2,True,rise_not_found,baseline_noise_high;baseline_mad_high,high,has_hard_review
onset_manifest_v1_2026-06-05,v1_auto_reviewed,E3_S03_A_FALL_SIT_B_T001.csv,3,3,FALL_SIT_B,FALL_SIT_B,1,within_subject_seed42_val0.2_test0.2_pretrained6,train,filename,True,pending_manual,False,,False,,,,,,,,0.1559,0.00726,0.01392,0.1632,0.16754,1.0747,0.04654,,,,0.0,,False,0,True,rise_not_found,,high,has_hard_review
onset_manifest_v1_2026-06-05,v1_auto_reviewed,E3_S03_A_FALL_SIT_B_T002.csv,3,3,FALL_SIT_B,FALL_SIT_B,2,within_subject_seed42_val0.2_test0.2_pretrained6,train,filename,True,pending_manual,False,,False,,,,275,175,337,237,0.15988,0.00822,0.01744,0.16702,0.1735,1.08518,0.05143,1.15909,0.01273,0.52177,43.0,2,False,2,True,,rise_slope_low;confidence_ref_low,high,has_hard_review
onset_manifest_v1_2026-06-05,v1_auto_reviewed,E3_S03_A_FALL_SIT_B_T003.csv,3,3,FALL_SIT_B,FALL_SIT_B,3,within_subject_seed42_val0.2_test0.2_pretrained6,train,filename,True,pending_manual,False,,False,,,,,,,,0.16417,0.00749,0.01574,0.171,0.17488,1.06526,0.0456,,,,0.0,,False,0,True,rise_not_found,,high,has_hard_review
onset_manifest_v1_2026-06-05,v1_auto_reviewed,E3_S03_A_FALL_SIT_B_T004.csv,3,3,FALL_SIT_B,FALL_SIT_B,4,within_subject_seed42_val0.2_test0.2_pretrained6,train,filename,True,pending_manual,False,,False,,,,,,,,0.15692,0.00714,0.01436,0.16319,0.16849,1.07377,0.04551,,,,1.0,,False,0,True,rise_not_found,,high,has_hard_review
onset_manifest_v1_2026-06-05,v1_auto_reviewed,E3_S03_A_FALL_SIT_B_T005.csv,3,3,FALL_SIT_B,FALL_SIT_B,5,within_subject_seed42_val0.2_test0.2_pretrained6,train,filename,True,auto_reviewed,True,,False,,252,152,252,152,301,201,0.14492,0.00444,0.00877,0.14933,0.15487,1.06869,0.03066,1.10158,0.03663,0.54853,41.0,2,False,1,False,,rise_strength_low,normal,
onset_manifest_v1_2026-06-05,v1_auto_reviewed,E3_S03_A_FALL_SIT_B_T006.csv,3,3,FALL_SIT_B,FALL_SIT_B,6,within_subject_seed42_val0.2_test0.2_pretrained6,train,filename,True,pending_manual,False,,False,,,,,,,,0.15128,0.00679,0.01309,0.15806,0.16671,1.10201,0.04486,,,,139.0,,False,1,True,rise_not_found,param_sensitivity_high,high,has_hard_review
onset_manifest_v1_2026-06-05,v1_auto_reviewed,E3_S03_A_FALL_SIT_B_T007.csv,3,3,FALL_SIT_B,FALL_SIT_B,7,within_subject_seed42_val0.2_test0.2_pretrained6,train,filename,True,auto_reviewed,True,,False,,238,138,238,138,279,179,0.15277,0.00644,0.01267,0.15906,0.16518,1.0812,0.04218,1.14789,0.02353,0.57539,4.0,6,False,0,False,,,normal,
onset_manifest_v1_2026-06-05,v1_auto_reviewed,E3_S03_A_FALL_SIT_B_T008.csv,3,3,FALL_SIT_B,FALL_SIT_B,8,within_subject_seed42_val0.2_test0.2_pretrained6,train,filename,True,auto_reviewed,True,,False,,247,147,247,147,270,170,0.15436,0.00661,0.013,0.15997,0.16679,1.08056,0.04281,1.13613,0.03117,0.5874,19.0,2,False,0,False,,,normal,
onset_manifest_v1_2026-06-05,v1_auto_reviewed,E3_S03_A_FALL_SIT_B_T009.csv,3,3,FALL_SIT_B,FALL_SIT_B,9,within_subject_seed42_val0.2_test0.2_pretrained6,val,filename,True,auto_reviewed,True,,False,,290,190,290,190,294,194,0.15534,0.00909,0.01819,0.16415,0.16879,1.0866,0.05853,1.2141,0.05831,0.59166,0.0,3,False,0,False,,,normal,
onset_manifest_v1_2026-06-05,v1_auto_reviewed,E3_S03_A_FALL_SIT_B_T010.csv,3,3,FALL_SIT_B,FALL_SIT_B,10,within_subject_seed42_val0.2_test0.2_pretrained6,train,filename,True,auto_reviewed,True,,False,,231,131,231,131,305,205,0.15629,0.00698,0.0136,0.16391,0.17008,1.08825,0.04464,1.14468,0.05143,0.55803,20.0,3,False,0,False,,,normal,
onset_manifest_v1_2026-06-05,v1_auto_reviewed,E3_S03_A_FALL_SIT_F_T001.csv,3,3,FALL_SIT_F,FALL_SIT_F,1,within_subject_seed42_val0.2_test0.2_pretrained6,train,filename,True,pending_manual,False,,False,,,,286,186,290,190,0.15776,0.00673,0.01498,0.16783,0.17415,1.10389,0.04265,1.13516,0.06961,0.57443,57.0,2,False,2,True,,rise_strength_low;param_sensitivity_high,normal,
onset_manifest_v1_2026-06-05,v1_auto_reviewed,E3_S03_A_FALL_SIT_F_T002.csv,3,3,FALL_SIT_F,FALL_SIT_F,2,within_subject_seed42_val0.2_test0.2_pretrained6,train,filename,True,auto_reviewed,True,,False,,303,203,303,203,314,214,0.16165,0.00814,0.01635,0.16955,0.1758,1.08752,0.05033,1.15619,0.05116,0.54571,13.0,9,False,0,False,,,normal,
onset_manifest_v1_2026-06-05,v1_auto_reviewed,E3_S03_A_FALL_SIT_F_T003.csv,3,3,FALL_SIT_F,FALL_SIT_F,3,within_subject_seed42_val0.2_test0.2_pretrained6,train,filename,True,auto_reviewed,True,,False,,313,213,313,213,316,216,0.15459,0.0094,0.01851,0.16314,0.17057,1.10337,0.06082,1.1972,0.04911,0.56387,113.0,0,False,1,False,,param_sensitivity_high,high,has_hard_review
onset_manifest_v1_2026-06-05,v1_auto_reviewed,E3_S03_A_FALL_SIT_F_T004.csv,3,3,FALL_SIT_F,FALL_SIT_F,4,within_subject_seed42_val0.2_test0.2_pretrained6,test,filename,True,auto_reviewed,True,,False,,248,148,248,148,265,165,0.15675,0.0071,0.01344,0.16275,0.1689,1.07756,0.04528,1.16359,0.01724,0.59514,4.0,4,False,0,False,,,normal,
onset_manifest_v1_2026-06-05,v1_auto_reviewed,E3_S03_A_FALL_SIT_F_T005.csv,3,3,FALL_SIT_F,FALL_SIT_F,5,within_subject_seed42_val0.2_test0.2_pretrained6,test,filename,True,auto_reviewed,True,,False,,229,129,229,129,232,132,0.14375,0.00806,0.0162,0.15151,0.16073,1.11808,0.05607,1.24081,0.06467,0.66152,34.0,2,False,0,False,,,high,has_hard_review
onset_manifest_v1_2026-06-05,v1_auto_reviewed,E3_S03_A_FALL_SIT_F_T006.csv,3,3,FALL_SIT_F,FALL_SIT_F,6,within_subject_seed42_val0.2_test0.2_pretrained6,train,filename,True,pending_manual,False,,False,,,,265,165,277,177,0.16037,0.00886,0.01801,0.16921,0.17286,1.07793,0.05526,1.20629,0.01406,0.59718,78.0,2,False,2,True,,rise_slope_low;param_sensitivity_high,high,has_hard_review
onset_manifest_v1_2026-06-05,v1_auto_reviewed,E3_S03_A_FALL_SIT_F_T007.csv,3,3,FALL_SIT_F,FALL_SIT_F,7,within_subject_seed42_val0.2_test0.2_pretrained6,test,filename,True,pending_manual,False,,False,,,,262,162,321,221,0.13988,0.00567,0.01121,0.14512,0.1504,1.07517,0.04055,1.15135,0.03171,0.48102,53.0,56,True,3,True,,confidence_ref_low;param_sensitivity_high;topk_spread_high,normal,
onset_manifest_v1_2026-06-05,v1_auto_reviewed,E3_S03_A_FALL_SIT_F_T008.csv,3,3,FALL_SIT_F,FALL_SIT_F,8,within_subject_seed42_val0.2_test0.2_pretrained6,train,filename,True,excluded,False,resampled_lt_550,False,,,,,,,,,,,,,,,,,,,,,0,True,resampled_count<550,,high,hard_resampled_count_lt_550
onset_manifest_v1_2026-06-05,v1_auto_reviewed,E3_S03_A_FALL_SIT_F_T009.csv,3,3,FALL_SIT_F,FALL_SIT_F,9,within_subject_seed42_val0.2_test0.2_pretrained6,train,filename,True,auto_reviewed,True,,False,,226,126,226,126,231,131,0.15935,0.00971,0.01906,0.1687,0.1848,1.15971,0.06095,1.21612,0.06693,0.65159,0.0,2,False,0,False,,,normal,
onset_manifest_v1_2026-06-05,v1_auto_reviewed,E3_S03_A_FALL_SIT_F_T010.csv,3,3,FALL_SIT_F,FALL_SIT_F,10,within_subject_seed42_val0.2_test0.2_pretrained6,train,filename,True,pending_manual,False,,False,,,,236,136,329,229,0.1519,0.00693,0.0132,0.15916,0.16507,1.08668,0.04561,1.18861,0.02458,0.44424,3.0,89,True,2,True,topk_no_consensus_hard,confidence_ref_low;topk_spread_high,high,has_hard_review
onset_manifest_v1_2026-06-05,v1_auto_reviewed,E3_S03_A_FALL_STD_B_T001.csv,3,3,FALL_STD_B,FALL_STD_B,1,within_subject_seed42_val0.2_test0.2_pretrained6,train,filename,True,auto_reviewed,True,,False,,292,192,292,192,343,243,0.15041,0.00894,0.02017,0.15796,0.16471,1.09503,0.05945,1.19399,0.03604,0.53106,99.0,2,False,1,False,,param_sensitivity_high,high,has_hard_review
onset_manifest_v1_2026-06-05,v1_auto_reviewed,E3_S03_A_FALL_STD_B_T002.csv,3,3,FALL_STD_B,FALL_STD_B,2,within_subject_seed42_val0.2_test0.2_pretrained6,train,filename,True,auto_reviewed,True,,False,,270,170,270,170,308,208,0.15074,0.00784,0.01568,0.15792,0.165,1.09461,0.052,1.17592,0.02946,0.55699,70.0,4,False,1,False,,param_sensitivity_high,normal,
onset_manifest_v1_2026-06-05,v1_auto_reviewed,E3_S03_A_FALL_STD_B_T003.csv,3,3,FALL_STD_B,FALL_STD_B,3,within_subject_seed42_val0.2_test0.2_pretrained6,val,filename,True,auto_reviewed,True,,False,,224,124,224,124,252,152,0.15427,0.0046,0.00986,0.15865,0.16332,1.05861,0.02984,1.14216,0.08409,0.6229,13.0,2,False,0,False,,,normal,
onset_manifest_v1_2026-06-05,v1_auto_reviewed,E3_S03_A_FALL_STD_B_T004.csv,3,3,FALL_STD_B,FALL_STD_B,4,within_subject_seed42_val0.2_test0.2_pretrained6,train,filename,True,pending_manual,False,,False,,,,213,113,306,206,0.1493,0.00816,0.01789,0.1594,0.16938,1.13451,0.05467,1.17961,0.01579,0.49232,90.0,58,True,4,True,,rise_slope_low;confidence_ref_low;param_sensitivity_high;topk_spread_high,normal,
onset_manifest_v1_2026-06-05,v1_auto_reviewed,E3_S03_A_FALL_STD_B_T005.csv,3,3,FALL_STD_B,FALL_STD_B,5,within_subject_seed42_val0.2_test0.2_pretrained6,train,filename,True,auto_reviewed,True,,False,,205,105,205,105,206,106,0.1295,0.00421,0.00923,0.13265,0.13873,1.07126,0.0325,1.74807,0.17055,0.82442,0.0,43,False,1,False,,topk_spread_high,normal,
onset_manifest_v1_2026-06-05,v1_auto_reviewed,E3_S03_A_FALL_STD_B_T006.csv,3,3,FALL_STD_B,FALL_STD_B,6,within_subject_seed42_val0.2_test0.2_pretrained6,test,filename,True,auto_reviewed,True,,False,,232,132,232,132,235,135,0.1563,0.00703,0.01557,0.16261,0.16795,1.07454,0.04496,1.18372,0.03613,0.64084,14.0,0,False,0,False,,,high,has_hard_review
onset_manifest_v1_2026-06-05,v1_auto_reviewed,E3_S03_A_FALL_STD_B_T007.csv,3,3,FALL_STD_B,FALL_STD_B,7,within_subject_seed42_val0.2_test0.2_pretrained6,train,filename,True,pending_manual,False,,False,,,,202,102,237,137,0.15062,0.0045,0.00894,0.15474,0.16094,1.06855,0.02988,1.12245,0.03151,0.50828,0.0,100,True,3,True,topk_no_consensus_hard,rise_strength_low;confidence_ref_low;topk_spread_high,high,has_hard_review
onset_manifest_v1_2026-06-05,v1_auto_reviewed,E3_S03_A_FALL_STD_B_T008.csv,3,3,FALL_STD_B,FALL_STD_B,8,within_subject_seed42_val0.2_test0.2_pretrained6,val,filename,True,pending_manual,False,,False,,,,233,133,303,203,0.14529,0.00576,0.01169,0.15206,0.15592,1.07318,0.03963,1.13462,0.0562,0.49718,37.0,59,True,3,True,,rise_strength_low;confidence_ref_low;topk_spread_high,high,has_hard_review
onset_manifest_v1_2026-06-05,v1_auto_reviewed,E3_S03_A_FALL_STD_B_T009.csv,3,3,FALL_STD_B,FALL_STD_B,9,within_subject_seed42_val0.2_test0.2_pretrained6,val,filename,True,auto_reviewed,True,,False,,223,123,223,123,293,193,0.14487,0.005,0.0103,0.15021,0.15414,1.06394,0.03451,1.12484,0.02303,0.56052,23.0,2,False,1,False,,rise_strength_low,normal,
onset_manifest_v1_2026-06-05,v1_auto_reviewed,E3_S03_A_FALL_STD_B_T010.csv,3,3,FALL_STD_B,FALL_STD_B,10,within_subject_seed42_val0.2_test0.2_pretrained6,train,filename,True,auto_reviewed,True,,False,,208,108,208,108,248,148,0.1123,0.00377,0.00762,0.11628,0.11954,1.06447,0.03357,1.19571,0.01599,0.62389,18.0,3,False,1,False,,rise_slope_low,high,has_hard_review
onset_manifest_v1_2026-06-05,v1_auto_reviewed,E3_S03_A_FALL_STD_F_T001.csv,3,3,FALL_STD_F,FALL_STD_F,1,within_subject_seed42_val0.2_test0.2_pretrained6,train,filename,True,auto_reviewed,True,,False,,248,148,248,148,278,178,0.16318,0.00865,0.01748,0.17152,0.17745,1.08742,0.05301,1.23965,0.04249,0.61238,1.0,2,False,0,False,,,normal,
onset_manifest_v1_2026-06-05,v1_auto_reviewed,E3_S03_A_FALL_STD_F_T002.csv,3,3,FALL_STD_F,FALL_STD_F,2,within_subject_seed42_val0.2_test0.2_pretrained6,val,filename,True,pending_manual,False,,False,,,,195,,259,159,0.17025,0.00658,0.01146,0.17489,0.18136,1.06528,0.03868,1.1384,0.0238,0.59879,0.0,2,False,0,True,frame_mapping_failed;rise_in_beep_region;rise_too_early_original_lt_200,,high,has_hard_review
onset_manifest_v1_2026-06-05,v1_auto_reviewed,E3_S03_A_FALL_STD_F_T003.csv,3,3,FALL_STD_F,FALL_STD_F,3,within_subject_seed42_val0.2_test0.2_pretrained6,train,filename,True,pending_manual,False,,False,,,,190,,201,101,0.15988,0.00704,0.01369,0.16638,0.17533,1.09659,0.04405,1.39773,0.00249,0.72578,0.0,2,False,1,True,frame_mapping_failed;rise_in_beep_region;rise_too_early_original_lt_200,rise_slope_low,high,has_hard_review
onset_manifest_v1_2026-06-05,v1_auto_reviewed,E3_S03_A_FALL_STD_F_T004.csv,3,3,FALL_STD_F,FALL_STD_F,4,within_subject_seed42_val0.2_test0.2_pretrained6,test,filename,True,auto_reviewed,True,,False,,202,102,202,102,222,122,0.17501,0.01049,0.02136,0.18625,0.19499,1.11415,0.05994,1.22738,0.03091,0.60689,0.0,49,True,1,False,,topk_spread_high,normal,
onset_manifest_v1_2026-06-05,v1_auto_reviewed,E3_S03_A_FALL_STD_F_T005.csv,3,3,FALL_STD_F,FALL_STD_F,5,within_subject_seed42_val0.2_test0.2_pretrained6,train,filename,True,pending_manual,False,,False,,,,193,,286,186,0.13713,0.00729,0.01522,0.14519,0.15669,1.14269,0.05318,1.16319,0.00173,0.56572,3.0,2,False,1,True,frame_mapping_failed;rise_in_beep_region;rise_too_early_original_lt_200,rise_slope_low,high,has_hard_review
onset_manifest_v1_2026-06-05,v1_auto_reviewed,E3_S03_A_FALL_STD_F_T006.csv,3,3,FALL_STD_F,FALL_STD_F,6,within_subject_seed42_val0.2_test0.2_pretrained6,train,filename,True,auto_reviewed,True,,False,,298,198,298,198,301,201,0.15597,0.00784,0.01493,0.16253,0.1713,1.09829,0.05027,1.21716,0.04753,0.54477,37.0,36,False,1,False,,topk_spread_high,high,has_hard_review
onset_manifest_v1_2026-06-05,v1_auto_reviewed,E3_S03_A_FALL_STD_F_T007.csv,3,3,FALL_STD_F,FALL_STD_F,7,within_subject_seed42_val0.2_test0.2_pretrained6,test,filename,True,pending_manual,False,,False,,,,193,,278,178,0.15757,0.00638,0.0127,0.16289,0.16675,1.05826,0.04049,1.18786,0.03611,0.59824,81.0,2,False,1,True,frame_mapping_failed;rise_in_beep_region;rise_too_early_original_lt_200,param_sensitivity_high,high,has_hard_review
onset_manifest_v1_2026-06-05,v1_auto_reviewed,E3_S03_A_FALL_STD_F_T008.csv,3,3,FALL_STD_F,FALL_STD_F,8,within_subject_seed42_val0.2_test0.2_pretrained6,val,filename,True,auto_reviewed,True,,False,,247,147,247,147,249,149,0.15375,0.00848,0.01616,0.16376,0.17137,1.11459,0.05519,1.20837,0.06639,0.63556,0.0,2,False,0,False,,,normal,
onset_manifest_v1_2026-06-05,v1_auto_reviewed,E3_S03_A_FALL_STD_F_T009.csv,3,3,FALL_STD_F,FALL_STD_F,9,within_subject_seed42_val0.2_test0.2_pretrained6,val,filename,True,auto_reviewed,True,,False,,243,143,243,143,246,146,0.15499,0.00689,0.01372,0.16182,0.16695,1.07717,0.04449,1.19434,0.0414,0.63179,32.0,2,False,0,False,,,high,has_hard_review
onset_manifest_v1_2026-06-05,v1_auto_reviewed,E3_S03_A_FALL_STD_F_T010.csv,3,3,FALL_STD_F,FALL_STD_F,10,within_subject_seed42_val0.2_test0.2_pretrained6,val,filename,True,auto_reviewed,True,,False,,261,161,261,161,265,165,0.15932,0.00628,0.01251,0.1656,0.16995,1.06674,0.0394,1.18304,0.07858,0.6198,51.0,2,False,0,False,,,normal,
onset_manifest_v1_2026-06-05,v1_auto_reviewed,E3_S03_A_FALL_WALK_B_T001.csv,3,3,FALL_WALK_B,FALL_WALK_B,1,within_subject_seed42_val0.2_test0.2_pretrained6,train,filename,True,auto_reviewed,True,,False,,207,107,207,107,263,163,0.15631,0.00443,0.00977,0.16013,0.16441,1.0518,0.02834,1.10939,0.02701,0.58829,0.0,2,False,1,False,,rise_strength_low,high,weak_subtype:FALL_WALK_B;has_hard_review
onset_manifest_v1_2026-06-05,v1_auto_reviewed,E3_S03_A_FALL_WALK_B_T002.csv,3,3,FALL_WALK_B,FALL_WALK_B,2,within_subject_seed42_val0.2_test0.2_pretrained6,val,filename,True,auto_reviewed,True,,False,,209,109,209,109,330,230,0.11885,0.00595,0.01155,0.12412,0.13363,1.12437,0.05003,1.21381,0.00986,0.54046,7.0,2,False,1,False,,rise_slope_low,high,weak_subtype:FALL_WALK_B;has_hard_review
onset_manifest_v1_2026-06-05,v1_auto_reviewed,E3_S03_A_FALL_WALK_B_T003.csv,3,3,FALL_WALK_B,FALL_WALK_B,3,within_subject_seed42_val0.2_test0.2_pretrained6,train,filename,True,pending_manual,False,,False,,,,,,,,0.15697,0.00774,0.01459,0.16261,0.17262,1.09971,0.04933,,,,1.0,,False,0,True,rise_not_found,,high,weak_subtype:FALL_WALK_B;has_hard_review
onset_manifest_v1_2026-06-05,v1_auto_reviewed,E3_S03_A_FALL_WALK_B_T004.csv,3,3,FALL_WALK_B,FALL_WALK_B,4,within_subject_seed42_val0.2_test0.2_pretrained6,train,filename,True,excluded,False,resampled_lt_550,False,,,,,,,,,,,,,,,,,,,,,0,True,resampled_count<550,,high,hard_resampled_count_lt_550
onset_manifest_v1_2026-06-05,v1_auto_reviewed,E3_S03_A_FALL_WALK_B_T005.csv,3,3,FALL_WALK_B,FALL_WALK_B,5,within_subject_seed42_val0.2_test0.2_pretrained6,train,filename,True,pending_manual,False,,False,,,,,,,,0.15847,0.00856,0.01598,0.16499,0.17532,1.10629,0.054,,,,0.0,,False,0,True,rise_not_found,,high,weak_subtype:FALL_WALK_B;has_hard_review
onset_manifest_v1_2026-06-05,v1_auto_reviewed,E3_S03_A_FALL_WALK_B_T006.csv,3,3,FALL_WALK_B,FALL_WALK_B,6,within_subject_seed42_val0.2_test0.2_pretrained6,val,filename,True,pending_manual,False,,False,,,,194,,308,208,0.15423,0.00621,0.01344,0.16239,0.17342,1.1244,0.04026,1.12561,0.00998,0.43019,3.0,97,True,4,True,frame_mapping_failed;rise_in_beep_region;rise_too_early_original_lt_200;topk_no_consensus_hard,rise_strength_low;rise_slope_low;confidence_ref_low;topk_spread_high,high,weak_subtype:FALL_WALK_B;has_hard_review
onset_manifest_v1_2026-06-05,v1_auto_reviewed,E3_S03_A_FALL_WALK_B_T007.csv,3,3,FALL_WALK_B,FALL_WALK_B,7,within_subject_seed42_val0.2_test0.2_pretrained6,train,filename,True,pending_manual,False,,False,,,,227,127,306,206,0.15886,0.00676,0.01493,0.16779,0.17424,1.09686,0.04255,1.16069,0.02944,0.47267,0.0,77,True,2,True,,confidence_ref_low;topk_spread_high,high,weak_subtype:FALL_WALK_B
onset_manifest_v1_2026-06-05,v1_auto_reviewed,E3_S03_A_FALL_WALK_B_T008.csv,3,3,FALL_WALK_B,FALL_WALK_B,8,within_subject_seed42_val0.2_test0.2_pretrained6,train,filename,True,pending_manual,False,,False,,,,,,,,0.15442,0.00952,0.01861,0.16342,0.16827,1.08971,0.06162,,,,0.0,,False,0,True,rise_not_found,,high,weak_subtype:FALL_WALK_B;has_hard_review
onset_manifest_v1_2026-06-05,v1_auto_reviewed,E3_S03_A_FALL_WALK_B_T009.csv,3,3,FALL_WALK_B,FALL_WALK_B,9,within_subject_seed42_val0.2_test0.2_pretrained6,train,filename,True,pending_manual,False,,False,,,,,,,,0.16655,0.01086,0.02376,0.17997,0.20597,1.23667,0.0652,,,,,,False,1,True,rise_not_found,baseline_noise_high,high,weak_subtype:FALL_WALK_B;has_hard_review
onset_manifest_v1_2026-06-05,v1_auto_reviewed,E3_S03_A_FALL_WALK_B_T010.csv,3,3,FALL_WALK_B,FALL_WALK_B,10,within_subject_seed42_val0.2_test0.2_pretrained6,train,filename,True,pending_manual,False,,False,,,,,,,,0.14792,0.01048,0.02321,0.16147,0.25884,1.74988,0.07086,,,,,,False,1,True,rise_not_found,baseline_noise_high,high,weak_subtype:FALL_WALK_B;has_hard_review
onset_manifest_v1_2026-06-05,v1_auto_reviewed,E3_S03_A_FALL_WALK_F_T001.csv,3,3,FALL_WALK_F,FALL_WALK_F,1,within_subject_seed42_val0.2_test0.2_pretrained6,train,filename,True,pending_manual,False,,False,,,,292,192,296,196,0.15331,0.00523,0.01112,0.15948,0.16231,1.05866,0.03412,1.10429,0.01746,0.5505,86.0,2,False,2,True,,rise_strength_low;param_sensitivity_high,high,has_hard_review
onset_manifest_v1_2026-06-05,v1_auto_reviewed,E3_S03_A_FALL_WALK_F_T002.csv,3,3,FALL_WALK_F,FALL_WALK_F,2,within_subject_seed42_val0.2_test0.2_pretrained6,train,filename,True,pending_manual,False,,False,,,,,,,,0.13879,0.02178,0.0453,0.16585,0.20323,1.46431,0.15693,,,,,,False,2,True,rise_not_found,baseline_noise_high;baseline_mad_high,high,has_hard_review
onset_manifest_v1_2026-06-05,v1_auto_reviewed,E3_S03_A_FALL_WALK_F_T003.csv,3,3,FALL_WALK_F,FALL_WALK_F,3,within_subject_seed42_val0.2_test0.2_pretrained6,val,filename,True,pending_manual,False,,False,,,,,,,,0.15761,0.00955,0.01945,0.16939,0.18368,1.16539,0.06058,,,,,,False,0,True,rise_not_found,,high,has_hard_review
onset_manifest_v1_2026-06-05,v1_auto_reviewed,E3_S03_A_FALL_WALK_F_T004.csv,3,3,FALL_WALK_F,FALL_WALK_F,4,within_subject_seed42_val0.2_test0.2_pretrained6,train,filename,True,auto_reviewed,True,,False,,205,105,205,105,230,130,0.14704,0.00733,0.01468,0.15471,0.16395,1.115,0.04985,1.23056,0.02067,0.57365,31.0,70,True,1,False,,topk_spread_high,high,has_hard_review
onset_manifest_v1_2026-06-05,v1_auto_reviewed,E3_S03_A_FALL_WALK_F_T005.csv,3,3,FALL_WALK_F,FALL_WALK_F,5,within_subject_seed42_val0.2_test0.2_pretrained6,train,filename,True,excluded,False,resampled_lt_550,False,,,,,,,,,,,,,,,,,,,,,0,True,resampled_count<550,,high,hard_resampled_count_lt_550
onset_manifest_v1_2026-06-05,v1_auto_reviewed,E3_S03_A_FALL_WALK_F_T006.csv,3,3,FALL_WALK_F,FALL_WALK_F,6,within_subject_seed42_val0.2_test0.2_pretrained6,test,filename,True,pending_manual,False,,False,,,,197,,200,100,0.16051,0.00638,0.01261,0.16676,0.17638,1.09886,0.03975,1.13785,0.06427,0.66484,1.0,2,False,0,True,frame_mapping_failed;rise_in_beep_region;rise_too_early_original_lt_200,,high,has_hard_review
onset_manifest_v1_2026-06-05,v1_auto_reviewed,E3_S03_A_FALL_WALK_F_T007.csv,3,3,FALL_WALK_F,FALL_WALK_F,7,within_subject_seed42_val0.2_test0.2_pretrained6,val,filename,True,auto_reviewed,True,,False,,218,118,218,118,223,123,0.16331,0.01089,0.02215,0.17501,0.18028,1.10391,0.06668,1.26473,0.12855,0.6953,0.0,2,False,0,False,,,normal,
onset_manifest_v1_2026-06-05,v1_auto_reviewed,E3_S03_A_FALL_WALK_F_T008.csv,3,3,FALL_WALK_F,FALL_WALK_F,8,within_subject_seed42_val0.2_test0.2_pretrained6,train,filename,True,auto_reviewed,True,,False,,266,166,266,166,270,170,0.15134,0.00987,0.01971,0.1611,0.16735,1.10575,0.06519,1.20804,0.00839,0.60165,3.0,1,False,1,False,,rise_slope_low,high,has_hard_review
onset_manifest_v1_2026-06-05,v1_auto_reviewed,E3_S03_A_FALL_WALK_F_T009.csv,3,3,FALL_WALK_F,FALL_WALK_F,9,within_subject_seed42_val0.2_test0.2_pretrained6,val,filename,True,auto_reviewed,True,,False,,300,200,300,200,301,201,0.15261,0.00843,0.01726,0.16228,0.1728,1.13229,0.05524,1.22973,0.02542,0.57974,40.0,0,False,0,False,,,high,has_hard_review
onset_manifest_v1_2026-06-05,v1_auto_reviewed,E3_S03_A_FALL_WALK_F_T010.csv,3,3,FALL_WALK_F,FALL_WALK_F,10,within_subject_seed42_val0.2_test0.2_pretrained6,train,filename,True,auto_reviewed,True,,False,,281,181,281,181,284,184,0.15343,0.0079,0.01631,0.16241,0.18098,1.17954,0.05151,1.19541,0.0336,0.58396,91.0,0,False,1,False,,param_sensitivity_high,high,has_hard_review
onset_manifest_v1_2026-06-05,v1_auto_reviewed,E4_S01_A_FALL_SIT_B_T001.csv,4,1,FALL_SIT_B,FALL_SIT_B,1,within_subject_seed42_val0.2_test0.2_pretrained6,train,filename,True,auto_reviewed,True,,False,,205,105,205,105,261,161,0.15343,0.00609,0.01088,0.15998,0.16429,1.0708,0.0397,1.12019,0.03359,0.59329,12.0,2,False,1,False,,rise_strength_low,high,has_hard_review
onset_manifest_v1_2026-06-05,v1_auto_reviewed,E4_S01_A_FALL_SIT_B_T002.csv,4,1,FALL_SIT_B,FALL_SIT_B,2,within_subject_seed42_val0.2_test0.2_pretrained6,train,filename,True,auto_reviewed,True,,False,,233,133,233,133,291,191,0.13502,0.00684,0.01361,0.14257,0.14717,1.09002,0.05065,1.25399,0.03935,0.59806,1.0,6,False,0,False,,,normal,
onset_manifest_v1_2026-06-05,v1_auto_reviewed,E4_S01_A_FALL_SIT_B_T003.csv,4,1,FALL_SIT_B,FALL_SIT_B,3,within_subject_seed42_val0.2_test0.2_pretrained6,train,filename,True,auto_reviewed,True,,False,,218,118,218,118,303,203,0.11775,0.00455,0.00932,0.12301,0.12825,1.08918,0.03867,1.16009,0.03035,0.5603,27.0,2,False,0,False,,,normal,
onset_manifest_v1_2026-06-05,v1_auto_reviewed,E4_S01_A_FALL_SIT_B_T004.csv,4,1,FALL_SIT_B,FALL_SIT_B,4,within_subject_seed42_val0.2_test0.2_pretrained6,train,filename,True,auto_reviewed,True,,False,,206,106,206,106,282,182,0.15923,0.00954,0.01894,0.16839,0.17468,1.09699,0.05989,1.28898,0.05921,0.62633,0.0,2,False,0,False,,,normal,
onset_manifest_v1_2026-06-05,v1_auto_reviewed,E4_S01_A_FALL_SIT_B_T005.csv,4,1,FALL_SIT_B,FALL_SIT_B,5,within_subject_seed42_val0.2_test0.2_pretrained6,train,filename,True,auto_reviewed,True,,False,,216,116,216,116,285,185,0.1633,0.00559,0.01157,0.16844,0.1735,1.06245,0.03424,1.16666,0.0183,0.57996,26.0,2,False,0,False,,,normal,
onset_manifest_v1_2026-06-05,v1_auto_reviewed,E4_S01_A_FALL_SIT_B_T006.csv,4,1,FALL_SIT_B,FALL_SIT_B,6,within_subject_seed42_val0.2_test0.2_pretrained6,train,filename,True,auto_reviewed,True,,False,,226,126,226,126,298,198,0.1477,0.00664,0.01331,0.15337,0.15924,1.0781,0.04499,1.15425,0.0269,0.56382,35.0,2,False,0,False,,,high,has_hard_review
onset_manifest_v1_2026-06-05,v1_auto_reviewed,E4_S01_A_FALL_SIT_B_T007.csv,4,1,FALL_SIT_B,FALL_SIT_B,7,within_subject_seed42_val0.2_test0.2_pretrained6,train,filename,True,auto_reviewed,True,,False,,243,143,243,143,294,194,0.14523,0.00591,0.01143,0.15174,0.16091,1.108,0.04069,1.13684,0.05067,0.5657,1.0,2,False,0,False,,,normal,
onset_manifest_v1_2026-06-05,v1_auto_reviewed,E4_S01_A_FALL_SIT_B_T008.csv,4,1,FALL_SIT_B,FALL_SIT_B,8,within_subject_seed42_val0.2_test0.2_pretrained6,train,filename,True,auto_reviewed,True,,False,,247,147,247,147,272,172,0.15016,0.01165,0.02453,0.16085,0.16623,1.10708,0.07761,1.27933,0.02834,0.62467,32.0,2,False,0,False,,,normal,
onset_manifest_v1_2026-06-05,v1_auto_reviewed,E4_S01_A_FALL_SIT_B_T009.csv,4,1,FALL_SIT_B,FALL_SIT_B,9,within_subject_seed42_val0.2_test0.2_pretrained6,train,filename,True,pending_manual,False,,False,,,,194,,240,140,0.15083,0.00755,0.0139,0.15697,0.16602,1.10072,0.05004,1.16309,-0.02337,0.60862,6.0,3,False,1,True,frame_mapping_failed;rise_in_beep_region;rise_too_early_original_lt_200,rise_slope_low,high,has_hard_review
onset_manifest_v1_2026-06-05,v1_auto_reviewed,E4_S01_A_FALL_SIT_B_T010.csv,4,1,FALL_SIT_B,FALL_SIT_B,10,within_subject_seed42_val0.2_test0.2_pretrained6,test,filename,True,pending_manual,False,,False,,,,190,,261,161,0.17147,0.00624,0.01244,0.17786,0.1857,1.08296,0.03638,1.32645,0.00273,0.62444,0.0,21,False,2,True,frame_mapping_failed;rise_in_beep_region;rise_too_early_original_lt_200,rise_slope_low;topk_spread_high,high,has_hard_review
onset_manifest_v1_2026-06-05,v1_auto_reviewed,E4_S01_A_FALL_SIT_F_T001.csv,4,1,FALL_SIT_F,FALL_SIT_F,1,within_subject_seed42_val0.2_test0.2_pretrained6,val,filename,True,auto_reviewed,True,,False,,204,104,204,104,266,166,0.11506,0.00582,0.01238,0.1234,0.12831,1.11517,0.05056,1.16346,0.03345,0.59669,11.0,2,False,0,False,,,high,has_hard_review
onset_manifest_v1_2026-06-05,v1_auto_reviewed,E4_S01_A_FALL_SIT_F_T002.csv,4,1,FALL_SIT_F,FALL_SIT_F,2,within_subject_seed42_val0.2_test0.2_pretrained6,test,filename,True,pending_manual,False,,False,,,,194,,256,156,0.1528,0.00662,0.01307,0.15835,0.16472,1.07802,0.04334,1.19923,0.0881,0.63495,1.0,2,False,0,True,frame_mapping_failed;rise_in_beep_region;rise_too_early_original_lt_200,,high,has_hard_review
onset_manifest_v1_2026-06-05,v1_auto_reviewed,E4_S01_A_FALL_SIT_F_T003.csv,4,1,FALL_SIT_F,FALL_SIT_F,3,within_subject_seed42_val0.2_test0.2_pretrained6,train,filename,True,auto_reviewed,True,,False,,205,105,205,105,275,175,0.15122,0.00593,0.01169,0.15705,0.16199,1.07127,0.03921,1.1276,0.0543,0.58663,16.0,2,False,1,False,,rise_strength_low,high,has_hard_review
onset_manifest_v1_2026-06-05,v1_auto_reviewed,E4_S01_A_FALL_SIT_F_T004.csv,4,1,FALL_SIT_F,FALL_SIT_F,4,within_subject_seed42_val0.2_test0.2_pretrained6,train,filename,True,pending_manual,False,,False,,,,190,,259,159,0.15923,0.00743,0.01472,0.16643,0.17488,1.09823,0.04667,1.18256,0.03577,0.60498,0.0,8,False,0,True,frame_mapping_failed;rise_in_beep_region;rise_too_early_original_lt_200,,high,has_hard_review
onset_manifest_v1_2026-06-05,v1_auto_reviewed,E4_S01_A_FALL_SIT_F_T005.csv,4,1,FALL_SIT_F,FALL_SIT_F,5,within_subject_seed42_val0.2_test0.2_pretrained6,train,filename,True,auto_reviewed,True,,False,,210,110,210,110,259,159,0.11935,0.00833,0.01578,0.12663,0.13386,1.12154,0.06983,1.26294,0.03514,0.5985,1.0,33,False,1,False,,topk_spread_high,normal,
onset_manifest_v1_2026-06-05,v1_auto_reviewed,E4_S01_A_FALL_SIT_F_T006.csv,4,1,FALL_SIT_F,FALL_SIT_F,6,within_subject_seed42_val0.2_test0.2_pretrained6,train,filename,True,auto_reviewed,True,,False,,234,134,234,134,291,191,0.12012,0.00638,0.01239,0.12617,0.12968,1.07961,0.05314,1.30293,0.15289,0.64693,16.0,2,False,0,False,,,normal,
onset_manifest_v1_2026-06-05,v1_auto_reviewed,E4_S01_A_FALL_SIT_F_T007.csv,4,1,FALL_SIT_F,FALL_SIT_F,7,within_subject_seed42_val0.2_test0.2_pretrained6,val,filename,True,auto_reviewed,True,,False,,248,148,248,148,273,173,0.15511,0.00793,0.0162,0.16214,0.16663,1.07425,0.05111,1.18974,0.0563,0.60736,10.0,2,False,0,False,,,normal,
onset_manifest_v1_2026-06-05,v1_auto_reviewed,E4_S01_A_FALL_SIT_F_T008.csv,4,1,FALL_SIT_F,FALL_SIT_F,8,within_subject_seed42_val0.2_test0.2_pretrained6,train,filename,True,auto_reviewed,True,,False,,246,146,246,146,305,205,0.15121,0.00727,0.01441,0.15835,0.16158,1.06859,0.04809,1.20046,0.03333,0.57313,39.0,2,False,0,False,,,normal,
onset_manifest_v1_2026-06-05,v1_auto_reviewed,E4_S01_A_FALL_SIT_F_T009.csv,4,1,FALL_SIT_F,FALL_SIT_F,9,within_subject_seed42_val0.2_test0.2_pretrained6,test,filename,True,auto_reviewed,True,,False,,233,133,233,133,237,137,0.1577,0.00925,0.01821,0.16637,0.17431,1.10531,0.05865,1.29675,0.09435,0.68196,0.0,2,False,0,False,,,normal,
onset_manifest_v1_2026-06-05,v1_auto_reviewed,E4_S01_A_FALL_SIT_F_T010.csv,4,1,FALL_SIT_F,FALL_SIT_F,10,within_subject_seed42_val0.2_test0.2_pretrained6,train,filename,True,auto_reviewed,True,,False,,264,164,264,164,282,182,0.16504,0.01095,0.02213,0.17577,0.17979,1.08939,0.06637,1.21118,0.04708,0.60085,36.0,2,False,0,False,,,normal,
onset_manifest_v1_2026-06-05,v1_auto_reviewed,E4_S01_A_FALL_STD_B_T001.csv,4,1,FALL_STD_B,FALL_STD_B,1,within_subject_seed42_val0.2_test0.2_pretrained6,val,filename,True,auto_reviewed,True,,False,,234,134,234,134,303,203,0.15486,0.00977,0.02014,0.16326,0.17126,1.10585,0.06306,1.27719,0.03013,0.59346,2.0,2,False,0,False,,,normal,
onset_manifest_v1_2026-06-05,v1_auto_reviewed,E4_S01_A_FALL_STD_B_T002.csv,4,1,FALL_STD_B,FALL_STD_B,2,within_subject_seed42_val0.2_test0.2_pretrained6,train,filename,True,auto_reviewed,True,,False,,240,140,240,140,324,224,0.14764,0.00781,0.01621,0.15407,0.16069,1.08839,0.05288,1.17832,0.01978,0.54202,10.0,2,False,0,False,,,high,has_hard_review
onset_manifest_v1_2026-06-05,v1_auto_reviewed,E4_S01_A_FALL_STD_B_T003.csv,4,1,FALL_STD_B,FALL_STD_B,3,within_subject_seed42_val0.2_test0.2_pretrained6,test,filename,True,auto_reviewed,True,,False,,294,194,294,194,320,220,0.12614,0.00686,0.01447,0.13446,0.14079,1.11619,0.0544,1.2352,0.03496,0.56406,80.0,2,False,1,False,,param_sensitivity_high,normal,
onset_manifest_v1_2026-06-05,v1_auto_reviewed,E4_S01_A_FALL_STD_B_T004.csv,4,1,FALL_STD_B,FALL_STD_B,4,within_subject_seed42_val0.2_test0.2_pretrained6,val,filename,True,auto_reviewed,True,,False,,269,169,269,169,336,236,0.16877,0.00969,0.01958,0.17888,0.19028,1.12744,0.05739,1.1877,0.05099,0.52226,29.0,15,False,1,False,,topk_spread_high,high,has_hard_review
onset_manifest_v1_2026-06-05,v1_auto_reviewed,E4_S01_A_FALL_STD_B_T005.csv,4,1,FALL_STD_B,FALL_STD_B,5,within_subject_seed42_val0.2_test0.2_pretrained6,test,filename,True,pending_manual,False,,False,,,,190,,227,127,0.15556,0.0057,0.01118,0.16142,0.16514,1.06158,0.03661,1.1607,0.00696,0.63369,0.0,2,False,1,True,frame_mapping_failed;rise_in_beep_region;rise_too_early_original_lt_200,rise_slope_low,high,has_hard_review
onset_manifest_v1_2026-06-05,v1_auto_reviewed,E4_S01_A_FALL_STD_B_T006.csv,4,1,FALL_STD_B,FALL_STD_B,6,within_subject_seed42_val0.2_test0.2_pretrained6,train,filename,True,auto_reviewed,True,,False,,263,163,263,163,267,167,0.13072,0.00608,0.01268,0.13668,0.14454,1.10571,0.04651,1.14002,0.10868,0.60872,42.0,2,False,0,False,,,normal,
onset_manifest_v1_2026-06-05,v1_auto_reviewed,E4_S01_A_FALL_STD_B_T007.csv,4,1,FALL_STD_B,FALL_STD_B,7,within_subject_seed42_val0.2_test0.2_pretrained6,train,filename,True,auto_reviewed,True,,False,,227,127,227,127,296,196,0.15411,0.00503,0.01,0.15896,0.1635,1.06096,0.03263,1.11222,0.01645,0.55237,15.0,2,False,1,False,,rise_strength_low,normal,
onset_manifest_v1_2026-06-05,v1_auto_reviewed,E4_S01_A_FALL_STD_B_T008.csv,4,1,FALL_STD_B,FALL_STD_B,8,within_subject_seed42_val0.2_test0.2_pretrained6,train,filename,True,auto_reviewed,True,,False,,312,212,312,212,337,237,0.12717,0.00852,0.0157,0.13691,0.14162,1.11361,0.06701,1.366,0.06777,0.5945,56.0,2,False,1,False,,param_sensitivity_high,normal,
onset_manifest_v1_2026-06-05,v1_auto_reviewed,E4_S01_A_FALL_STD_B_T009.csv,4,1,FALL_STD_B,FALL_STD_B,9,within_subject_seed42_val0.2_test0.2_pretrained6,test,filename,True,auto_reviewed,True,,False,,275,175,275,175,312,212,0.15845,0.00794,0.01591,0.16611,0.1704,1.07545,0.05009,1.20187,0.04284,0.56824,0.0,2,False,0,False,,,normal,
onset_manifest_v1_2026-06-05,v1_auto_reviewed,E4_S01_A_FALL_STD_B_T010.csv,4,1,FALL_STD_B,FALL_STD_B,10,within_subject_seed42_val0.2_test0.2_pretrained6,test,filename,True,pending_manual,False,,False,,,,199,,311,211,0.15675,0.00915,0.01733,0.16743,0.17334,1.10587,0.05837,1.1777,0.0138,0.55053,15.0,3,False,1,True,frame_mapping_failed;rise_in_beep_region;rise_too_early_original_lt_200,rise_slope_low,high,has_hard_review
onset_manifest_v1_2026-06-05,v1_auto_reviewed,E4_S01_A_FALL_STD_F_T001.csv,4,1,FALL_STD_F,FALL_STD_F,1,within_subject_seed42_val0.2_test0.2_pretrained6,train,filename,True,auto_reviewed,True,,False,,232,132,232,132,328,228,0.14791,0.00813,0.01556,0.15533,0.16225,1.09691,0.05498,1.25745,0.01444,0.55937,14.0,2,False,1,False,,rise_slope_low,normal,
onset_manifest_v1_2026-06-05,v1_auto_reviewed,E4_S01_A_FALL_STD_F_T002.csv,4,1,FALL_STD_F,FALL_STD_F,2,within_subject_seed42_val0.2_test0.2_pretrained6,train,filename,True,pending_manual,False,,False,,,,223,123,345,245,0.14957,0.00566,0.01204,0.15615,0.15941,1.06576,0.03781,1.11435,0.00425,0.47449,23.0,25,False,4,True,,rise_strength_low;rise_slope_low;confidence_ref_low;topk_spread_high,normal,
onset_manifest_v1_2026-06-05,v1_auto_reviewed,E4_S01_A_FALL_STD_F_T003.csv,4,1,FALL_STD_F,FALL_STD_F,3,within_subject_seed42_val0.2_test0.2_pretrained6,test,filename,True,pending_manual,False,,False,,,,203,103,325,225,0.1315,0.00446,0.00913,0.13737,0.14395,1.09468,0.03395,1.11562,0.0174,0.52112,12.0,2,False,2,True,,rise_strength_low;confidence_ref_low,high,has_hard_review
onset_manifest_v1_2026-06-05,v1_auto_reviewed,E4_S01_A_FALL_STD_F_T004.csv,4,1,FALL_STD_F,FALL_STD_F,4,within_subject_seed42_val0.2_test0.2_pretrained6,test,filename,True,auto_reviewed,True,,False,,303,203,303,203,311,211,0.12721,0.00485,0.01033,0.13406,0.14139,1.11142,0.03815,1.17556,0.06501,0.56344,90.0,2,False,1,False,,param_sensitivity_high,high,has_hard_review
onset_manifest_v1_2026-06-05,v1_auto_reviewed,E4_S01_A_FALL_STD_F_T005.csv,4,1,FALL_STD_F,FALL_STD_F,5,within_subject_seed42_val0.2_test0.2_pretrained6,train,filename,True,auto_reviewed,True,,False,,212,112,212,112,335,235,0.14896,0.00762,0.01526,0.15655,0.16283,1.09313,0.05117,1.17294,0.03249,0.53212,2.0,2,False,0,False,,,normal,
onset_manifest_v1_2026-06-05,v1_auto_reviewed,E4_S01_A_FALL_STD_F_T006.csv,4,1,FALL_STD_F,FALL_STD_F,6,within_subject_seed42_val0.2_test0.2_pretrained6,val,filename,True,excluded,False,resampled_lt_550,False,,,,,,,,,,,,,,,,,,,,,0,True,resampled_count<550,,high,hard_resampled_count_lt_550
onset_manifest_v1_2026-06-05,v1_auto_reviewed,E4_S01_A_FALL_STD_F_T007.csv,4,1,FALL_STD_F,FALL_STD_F,7,within_subject_seed42_val0.2_test0.2_pretrained6,train,filename,True,auto_reviewed,True,,False,,207,107,207,107,301,201,0.1348,0.00542,0.01026,0.14075,0.1456,1.0801,0.04024,1.15046,0.10277,0.57872,0.0,2,False,0,False,,,normal,
onset_manifest_v1_2026-06-05,v1_auto_reviewed,E4_S01_A_FALL_STD_F_T008.csv,4,1,FALL_STD_F,FALL_STD_F,8,within_subject_seed42_val0.2_test0.2_pretrained6,train,filename,True,pending_manual,False,,False,,,,199,,307,207,0.16931,0.00808,0.01635,0.17909,0.18627,1.10012,0.04769,1.2702,0.04541,0.5918,1.0,2,False,0,True,frame_mapping_failed;rise_in_beep_region;rise_too_early_original_lt_200,,high,has_hard_review
onset_manifest_v1_2026-06-05,v1_auto_reviewed,E4_S01_A_FALL_STD_F_T009.csv,4,1,FALL_STD_F,FALL_STD_F,9,within_subject_seed42_val0.2_test0.2_pretrained6,val,filename,True,auto_reviewed,True,,False,,208,108,208,108,305,205,0.15699,0.00529,0.01102,0.16335,0.1698,1.08157,0.03369,1.10223,0.03482,0.54296,1.0,2,False,1,False,,rise_strength_low,high,has_hard_review
onset_manifest_v1_2026-06-05,v1_auto_reviewed,E4_S01_A_FALL_STD_F_T010.csv,4,1,FALL_STD_F,FALL_STD_F,10,within_subject_seed42_val0.2_test0.2_pretrained6,val,filename,True,auto_reviewed,True,,False,,242,142,242,142,340,240,0.15319,0.00583,0.01158,0.15968,0.16953,1.10668,0.03803,1.17075,0.05077,0.52973,15.0,2,False,0,False,,,normal,
onset_manifest_v1_2026-06-05,v1_auto_reviewed,E4_S01_A_FALL_WALK_B_T001.csv,4,1,FALL_WALK_B,FALL_WALK_B,1,within_subject_seed42_val0.2_test0.2_pretrained6,train,filename,True,pending_manual,False,,False,,,,194,,219,119,0.15101,0.00579,0.01265,0.15884,0.164,1.08606,0.03836,1.17676,0.01618,0.64641,3.0,2,False,0,True,frame_mapping_failed;rise_in_beep_region;rise_too_early_original_lt_200,,high,weak_subtype:FALL_WALK_B;has_hard_review
onset_manifest_v1_2026-06-05,v1_auto_reviewed,E4_S01_A_FALL_WALK_B_T002.csv,4,1,FALL_WALK_B,FALL_WALK_B,2,within_subject_seed42_val0.2_test0.2_pretrained6,train,filename,True,pending_manual,False,,False,,,,190,,199,,0.16146,0.00843,0.01674,0.17127,0.18257,1.13074,0.05219,1.36486,-0.04869,,0.0,2,False,1,True,frame_mapping_failed;peak_in_beep_region;peak_outside_expected_fall_original_200_400;rise_in_beep_region;rise_too_early_original_lt_200,rise_slope_low,high,weak_subtype:FALL_WALK_B;has_hard_review
onset_manifest_v1_2026-06-05,v1_auto_reviewed,E4_S01_A_FALL_WALK_B_T003.csv,4,1,FALL_WALK_B,FALL_WALK_B,3,within_subject_seed42_val0.2_test0.2_pretrained6,train,filename,True,auto_reviewed,True,,False,,201,101,201,101,337,237,0.17077,0.00818,0.01535,0.17515,0.17984,1.05314,0.0479,1.18668,0.04068,0.54027,2.0,2,False,0,False,,,high,weak_subtype:FALL_WALK_B
onset_manifest_v1_2026-06-05,v1_auto_reviewed,E4_S01_A_FALL_WALK_B_T004.csv,4,1,FALL_WALK_B,FALL_WALK_B,4,within_subject_seed42_val0.2_test0.2_pretrained6,train,filename,True,pending_manual,False,,False,,,,255,155,316,216,0.16162,0.0107,0.02052,0.17398,0.18478,1.14331,0.06619,1.21478,0.06359,0.46376,123.0,94,True,3,True,topk_no_consensus_hard,confidence_ref_low;param_sensitivity_high;topk_spread_high,high,weak_subtype:FALL_WALK_B;has_hard_review
onset_manifest_v1_2026-06-05,v1_auto_reviewed,E4_S01_A_FALL_WALK_B_T005.csv,4,1,FALL_WALK_B,FALL_WALK_B,5,within_subject_seed42_val0.2_test0.2_pretrained6,train,filename,True,pending_manual,False,,False,,,,197,,293,193,0.1639,0.00892,0.01773,0.17292,0.17949,1.09509,0.05444,1.23174,0.04923,0.59589,0.0,2,False,0,True,frame_mapping_failed;rise_in_beep_region;rise_too_early_original_lt_200,,high,weak_subtype:FALL_WALK_B;has_hard_review
onset_manifest_v1_2026-06-05,v1_auto_reviewed,E4_S01_A_FALL_WALK_B_T006.csv,4,1,FALL_WALK_B,FALL_WALK_B,6,within_subject_seed42_val0.2_test0.2_pretrained6,test,filename,True,pending_manual,False,,False,,,,,,,,0.17992,0.01762,0.04546,0.21242,0.27966,1.55435,0.09796,,,,,,False,2,True,rise_not_found,baseline_noise_high;baseline_mad_high,high,weak_subtype:FALL_WALK_B;has_hard_review
onset_manifest_v1_2026-06-05,v1_auto_reviewed,E4_S01_A_FALL_WALK_B_T007.csv,4,1,FALL_WALK_B,FALL_WALK_B,7,within_subject_seed42_val0.2_test0.2_pretrained6,train,filename,True,pending_manual,False,,False,,,,200,100,211,111,0.16683,0.00737,0.01477,0.17419,0.17877,1.07154,0.04417,1.2602,0.04723,0.53554,9.0,139,True,1,True,topk_no_consensus_hard,topk_spread_high,high,weak_subtype:FALL_WALK_B;has_hard_review
onset_manifest_v1_2026-06-05,v1_auto_reviewed,E4_S01_A_FALL_WALK_B_T008.csv,4,1,FALL_WALK_B,FALL_WALK_B,8,within_subject_seed42_val0.2_test0.2_pretrained6,train,filename,True,pending_manual,False,,False,,,,262,162,349,249,0.15825,0.00713,0.01488,0.16778,0.17551,1.10905,0.04506,1.18336,0.01582,0.48294,42.0,31,False,3,True,,rise_slope_low;confidence_ref_low;topk_spread_high,high,weak_subtype:FALL_WALK_B;has_hard_review
onset_manifest_v1_2026-06-05,v1_auto_reviewed,E4_S01_A_FALL_WALK_B_T009.csv,4,1,FALL_WALK_B,FALL_WALK_B,9,within_subject_seed42_val0.2_test0.2_pretrained6,train,filename,True,auto_reviewed,True,,False,,206,106,206,106,344,244,0.16088,0.00644,0.01369,0.16694,0.17453,1.08485,0.04003,1.15178,0.03558,0.51838,14.0,2,False,1,False,,confidence_ref_low,high,weak_subtype:FALL_WALK_B;has_hard_review
onset_manifest_v1_2026-06-05,v1_auto_reviewed,E4_S01_A_FALL_WALK_B_T010.csv,4,1,FALL_WALK_B,FALL_WALK_B,10,within_subject_seed42_val0.2_test0.2_pretrained6,train,filename,True,pending_manual,False,,False,,,,190,,194,,0.1616,0.00593,0.01166,0.16714,0.17352,1.0738,0.03672,1.27404,0.02186,,0.0,2,False,0,True,frame_mapping_failed;peak_in_beep_region;peak_outside_expected_fall_original_200_400;rise_in_beep_region;rise_too_early_original_lt_200,,high,weak_subtype:FALL_WALK_B;has_hard_review
onset_manifest_v1_2026-06-05,v1_auto_reviewed,E4_S01_A_FALL_WALK_F_T001.csv,4,1,FALL_WALK_F,FALL_WALK_F,1,within_subject_seed42_val0.2_test0.2_pretrained6,train,filename,True,pending_manual,False,,False,,,,199,,249,149,0.12019,0.00639,0.0131,0.12742,0.13307,1.1072,0.05317,1.24288,0.0612,0.64526,1.0,2,False,0,True,frame_mapping_failed;rise_in_beep_region;rise_too_early_original_lt_200,,high,has_hard_review
onset_manifest_v1_2026-06-05,v1_auto_reviewed,E4_S01_A_FALL_WALK_F_T002.csv,4,1,FALL_WALK_F,FALL_WALK_F,2,within_subject_seed42_val0.2_test0.2_pretrained6,train,filename,True,pending_manual,False,,False,,,,195,,316,216,0.15663,0.00619,0.01207,0.16237,0.16955,1.08248,0.03952,1.18183,0.08645,0.56749,0.0,3,False,0,True,frame_mapping_failed;rise_in_beep_region;rise_too_early_original_lt_200,,high,has_hard_review
onset_manifest_v1_2026-06-05,v1_auto_reviewed,E4_S01_A_FALL_WALK_F_T003.csv,4,1,FALL_WALK_F,FALL_WALK_F,3,within_subject_seed42_val0.2_test0.2_pretrained6,train,filename,True,pending_manual,False,,False,,,,195,,207,107,0.16789,0.01013,0.01991,0.17638,0.18634,1.10986,0.06036,1.23677,0.06136,0.68319,0.0,4,False,0,True,frame_mapping_failed;rise_in_beep_region;rise_too_early_original_lt_200,,high,has_hard_review
onset_manifest_v1_2026-06-05,v1_auto_reviewed,E4_S01_A_FALL_WALK_F_T004.csv,4,1,FALL_WALK_F,FALL_WALK_F,4,within_subject_seed42_val0.2_test0.2_pretrained6,test,filename,True,auto_reviewed,True,,False,,239,139,239,139,308,208,0.16004,0.00745,0.01522,0.16688,0.17521,1.09478,0.04654,1.14216,0.03934,0.55166,2.0,2,False,0,False,,,normal,
onset_manifest_v1_2026-06-05,v1_auto_reviewed,E4_S01_A_FALL_WALK_F_T005.csv,4,1,FALL_WALK_F,FALL_WALK_F,5,within_subject_seed42_val0.2_test0.2_pretrained6,test,filename,True,auto_reviewed,True,,False,,211,111,211,111,320,220,0.16188,0.01026,0.01968,0.17133,0.18176,1.12285,0.06341,1.3074,0.11238,0.60453,17.0,2,False,0,False,,,high,has_hard_review
onset_manifest_v1_2026-06-05,v1_auto_reviewed,E4_S01_A_FALL_WALK_F_T006.csv,4,1,FALL_WALK_F,FALL_WALK_F,6,within_subject_seed42_val0.2_test0.2_pretrained6,train,filename,True,auto_reviewed,True,,False,,245,145,245,145,312,212,0.16846,0.0111,0.02233,0.18155,0.1932,1.14692,0.0659,1.22544,0.05858,0.57212,1.0,2,False,0,False,,,normal,
onset_manifest_v1_2026-06-05,v1_auto_reviewed,E4_S01_A_FALL_WALK_F_T007.csv,4,1,FALL_WALK_F,FALL_WALK_F,7,within_subject_seed42_val0.2_test0.2_pretrained6,train,filename,True,pending_manual,False,,False,,,,193,,286,186,0.16501,0.00665,0.01344,0.17194,0.17661,1.0703,0.0403,1.1495,0.0319,0.53517,0.0,39,False,1,True,frame_mapping_failed;rise_in_beep_region;rise_too_early_original_lt_200,topk_spread_high,high,has_hard_review
onset_manifest_v1_2026-06-05,v1_auto_reviewed,E4_S01_A_FALL_WALK_F_T008.csv,4,1,FALL_WALK_F,FALL_WALK_F,8,within_subject_seed42_val0.2_test0.2_pretrained6,train,filename,True,auto_reviewed,True,,False,,297,197,297,197,303,203,0.14477,0.00807,0.01723,0.15411,0.16562,1.144,0.05571,1.22821,0.10518,0.5941,0.0,2,False,0,False,,,normal,
onset_manifest_v1_2026-06-05,v1_auto_reviewed,E4_S01_A_FALL_WALK_F_T009.csv,4,1,FALL_WALK_F,FALL_WALK_F,9,within_subject_seed42_val0.2_test0.2_pretrained6,train,filename,True,auto_reviewed,True,,False,,296,196,296,196,321,221,0.1654,0.00707,0.01353,0.17189,0.17857,1.07961,0.04274,1.17219,0.04706,0.53537,16.0,16,False,1,False,,topk_spread_high,normal,
onset_manifest_v1_2026-06-05,v1_auto_reviewed,E4_S01_A_FALL_WALK_F_T010.csv,4,1,FALL_WALK_F,FALL_WALK_F,10,within_subject_seed42_val0.2_test0.2_pretrained6,val,filename,True,auto_reviewed,True,,False,,204,104,204,104,209,109,0.16334,0.00703,0.01335,0.1682,0.17377,1.06389,0.04307,1.13904,0.09325,0.66698,15.0,2,False,0,False,,,high,has_hard_review
onset_manifest_v1_2026-06-05,v1_auto_reviewed,E4_S02_A_FALL_SIT_B_T001.csv,4,2,FALL_SIT_B,FALL_SIT_B,1,within_subject_seed42_val0.2_test0.2_pretrained6,train,filename,True,pending_manual,False,,False,,,,193,,295,195,0.14467,0.00566,0.01103,0.15,0.15693,1.0848,0.03914,1.1414,0.04114,0.56595,0.0,2,False,0,True,frame_mapping_failed;rise_in_beep_region;rise_too_early_original_lt_200,,high,has_hard_review
onset_manifest_v1_2026-06-05,v1_auto_reviewed,E4_S02_A_FALL_SIT_B_T002.csv,4,2,FALL_SIT_B,FALL_SIT_B,2,within_subject_seed42_val0.2_test0.2_pretrained6,train,filename,True,pending_manual,False,,False,,,,190,,190,,0.15371,0.00869,0.01763,0.16293,0.17494,1.13815,0.05653,2.03583,0.04824,,0.0,2,False,0,True,frame_mapping_failed;peak_in_beep_region;peak_outside_expected_fall_original_200_400;rise_in_beep_region;rise_too_early_original_lt_200,,high,has_hard_review
onset_manifest_v1_2026-06-05,v1_auto_reviewed,E4_S02_A_FALL_SIT_B_T003.csv,4,2,FALL_SIT_B,FALL_SIT_B,3,within_subject_seed42_val0.2_test0.2_pretrained6,train,filename,True,auto_reviewed,True,,False,,205,105,205,105,265,165,0.12916,0.0061,0.01257,0.13422,0.14184,1.0982,0.04719,1.20112,0.04228,0.61284,13.0,2,False,0,False,,,high,has_hard_review
onset_manifest_v1_2026-06-05,v1_auto_reviewed,E4_S02_A_FALL_SIT_B_T004.csv,4,2,FALL_SIT_B,FALL_SIT_B,4,within_subject_seed42_val0.2_test0.2_pretrained6,train,filename,True,pending_manual,False,,False,,,,190,,338,238,0.16181,0.00853,0.01719,0.16982,0.17839,1.1025,0.0527,1.16284,0.01727,0.5213,2.0,2,False,1,True,frame_mapping_failed;rise_in_beep_region;rise_too_early_original_lt_200,confidence_ref_low,high,has_hard_review
onset_manifest_v1_2026-06-05,v1_auto_reviewed,E4_S02_A_FALL_SIT_B_T005.csv,4,2,FALL_SIT_B,FALL_SIT_B,5,within_subject_seed42_val0.2_test0.2_pretrained6,test,filename,True,auto_reviewed,True,,False,,221,121,221,121,245,145,0.13181,0.00728,0.01452,0.13747,0.14281,1.08348,0.05523,1.19506,0.04374,0.63297,11.0,2,False,0,False,,,normal,
onset_manifest_v1_2026-06-05,v1_auto_reviewed,E4_S02_A_FALL_SIT_B_T006.csv,4,2,FALL_SIT_B,FALL_SIT_B,6,within_subject_seed42_val0.2_test0.2_pretrained6,test,filename,True,pending_manual,False,,False,,,,190,,264,164,0.14385,0.00763,0.0155,0.1537,0.16018,1.11356,0.05305,1.23545,-0.01519,0.60796,0.0,2,False,1,True,frame_mapping_failed;rise_in_beep_region;rise_too_early_original_lt_200,rise_slope_low,high,has_hard_review
onset_manifest_v1_2026-06-05,v1_auto_reviewed,E4_S02_A_FALL_SIT_B_T007.csv,4,2,FALL_SIT_B,FALL_SIT_B,7,within_subject_seed42_val0.2_test0.2_pretrained6,train,filename,True,pending_manual,False,,False,,,,,,,,0.16579,0.00672,0.01238,0.17123,0.17504,1.05583,0.04053,,,,58.0,,False,1,True,rise_not_found,param_sensitivity_high,high,has_hard_review
onset_manifest_v1_2026-06-05,v1_auto_reviewed,E4_S02_A_FALL_SIT_B_T008.csv,4,2,FALL_SIT_B,FALL_SIT_B,8,within_subject_seed42_val0.2_test0.2_pretrained6,train,filename,True,auto_reviewed,True,,False,,244,144,244,144,246,146,0.16103,0.01022,0.02294,0.1694,0.18131,1.12591,0.06344,1.19906,0.0444,0.6291,51.0,2,False,0,False,,,high,has_hard_review
onset_manifest_v1_2026-06-05,v1_auto_reviewed,E4_S02_A_FALL_SIT_B_T009.csv,4,2,FALL_SIT_B,FALL_SIT_B,9,within_subject_seed42_val0.2_test0.2_pretrained6,train,filename,True,auto_reviewed,True,,False,,206,106,206,106,266,166,0.14804,0.00911,0.01839,0.1576,0.16519,1.11585,0.06152,1.21268,0.04097,0.61319,2.0,2,False,0,False,,,normal,
onset_manifest_v1_2026-06-05,v1_auto_reviewed,E4_S02_A_FALL_SIT_B_T010.csv,4,2,FALL_SIT_B,FALL_SIT_B,10,within_subject_seed42_val0.2_test0.2_pretrained6,train,filename,True,excluded,False,resampled_lt_550,False,,,,,,,,,,,,,,,,,,,,,0,True,resampled_count<550,,high,hard_resampled_count_lt_550
onset_manifest_v1_2026-06-05,v1_auto_reviewed,E4_S02_A_FALL_SIT_F_T001.csv,4,2,FALL_SIT_F,FALL_SIT_F,1,within_subject_seed42_val0.2_test0.2_pretrained6,test,filename,True,auto_reviewed,True,,False,,235,135,235,135,274,174,0.15279,0.00536,0.01048,0.15858,0.1682,1.10082,0.03507,1.19006,0.0468,0.60138,35.0,2,False,0,False,,,normal,
onset_manifest_v1_2026-06-05,v1_auto_reviewed,E4_S02_A_FALL_SIT_F_T002.csv,4,2,FALL_SIT_F,FALL_SIT_F,2,within_subject_seed42_val0.2_test0.2_pretrained6,train,filename,True,auto_reviewed,True,,False,,211,111,211,111,301,201,0.15532,0.00739,0.01709,0.16142,0.1664,1.07137,0.04755,1.14625,0.03424,0.55984,8.0,3,False,0,False,,,normal,
onset_manifest_v1_2026-06-05,v1_auto_reviewed,E4_S02_A_FALL_SIT_F_T003.csv,4,2,FALL_SIT_F,FALL_SIT_F,3,within_subject_seed42_val0.2_test0.2_pretrained6,train,filename,True,auto_reviewed,True,,False,,230,130,230,130,313,213,0.16002,0.00958,0.01912,0.16995,0.17615,1.10079,0.0599,1.19578,0.04176,0.5615,10.0,3,False,0,False,,,normal,
onset_manifest_v1_2026-06-05,v1_auto_reviewed,E4_S02_A_FALL_SIT_F_T004.csv,4,2,FALL_SIT_F,FALL_SIT_F,4,within_subject_seed42_val0.2_test0.2_pretrained6,train,filename,True,pending_manual,False,,False,,,,229,129,308,208,0.15746,0.00642,0.01251,0.16341,0.16768,1.06484,0.04076,1.13112,0.02471,0.47502,1.0,67,True,3,True,,rise_strength_low;confidence_ref_low;topk_spread_high,normal,
onset_manifest_v1_2026-06-05,v1_auto_reviewed,E4_S02_A_FALL_SIT_F_T005.csv,4,2,FALL_SIT_F,FALL_SIT_F,5,within_subject_seed42_val0.2_test0.2_pretrained6,out_of_scope,filename,True,excluded,False,resampled_lt_550,False,,,,,,,,,,,,,,,,,,,,,0,True,resampled_count<550,,high,hard_resampled_count_lt_550
onset_manifest_v1_2026-06-05,v1_auto_reviewed,E4_S02_A_FALL_SIT_F_T006.csv,4,2,FALL_SIT_F,FALL_SIT_F,6,within_subject_seed42_val0.2_test0.2_pretrained6,test,filename,True,pending_manual,False,,False,,,,214,114,331,231,0.15604,0.0064,0.01229,0.1617,0.17041,1.09205,0.041,1.13362,0.01736,0.5207,3.0,2,False,2,True,,rise_strength_low;confidence_ref_low,normal,
onset_manifest_v1_2026-06-05,v1_auto_reviewed,E4_S02_A_FALL_SIT_F_T007.csv,4,2,FALL_SIT_F,FALL_SIT_F,7,within_subject_seed42_val0.2_test0.2_pretrained6,train,filename,True,auto_reviewed,True,,False,,212,112,212,112,285,185,0.15067,0.01005,0.0201,0.16152,0.16863,1.11919,0.0667,1.20397,0.01413,0.58436,4.0,2,False,1,False,,rise_slope_low,normal,
onset_manifest_v1_2026-06-05,v1_auto_reviewed,E4_S02_A_FALL_SIT_F_T008.csv,4,2,FALL_SIT_F,FALL_SIT_F,8,within_subject_seed42_val0.2_test0.2_pretrained6,test,filename,True,pending_manual,False,,False,,,,190,,299,199,0.14788,0.00507,0.01049,0.15442,0.16028,1.08391,0.03431,1.42545,0.00775,0.63814,0.0,2,False,1,True,frame_mapping_failed;rise_in_beep_region;rise_too_early_original_lt_200,rise_slope_low,high,has_hard_review
onset_manifest_v1_2026-06-05,v1_auto_reviewed,E4_S02_A_FALL_SIT_F_T009.csv,4,2,FALL_SIT_F,FALL_SIT_F,9,within_subject_seed42_val0.2_test0.2_pretrained6,train,filename,True,auto_reviewed,True,,False,,237,137,237,137,284,184,0.1639,0.00869,0.01746,0.17098,0.17958,1.09566,0.05304,1.25256,0.05312,0.53385,1.0,72,True,1,False,,topk_spread_high,normal,
onset_manifest_v1_2026-06-05,v1_auto_reviewed,E4_S02_A_FALL_SIT_F_T010.csv,4,2,FALL_SIT_F,FALL_SIT_F,10,within_subject_seed42_val0.2_test0.2_pretrained6,test,filename,True,auto_reviewed,True,,False,,256,156,256,156,323,223,0.14648,0.00668,0.0133,0.15279,0.1569,1.07116,0.04559,1.166,0.04127,0.54653,0.0,2,False,0,False,,,high,has_hard_review
onset_manifest_v1_2026-06-05,v1_auto_reviewed,E4_S02_A_FALL_STD_B_T001.csv,4,2,FALL_STD_B,FALL_STD_B,1,within_subject_seed42_val0.2_test0.2_pretrained6,train,filename,True,pending_manual,False,,False,,,,205,105,270,170,0.19492,0.01837,0.03555,0.20968,0.24173,1.24018,0.09424,1.34064,0.10462,0.65101,0.0,2,False,2,True,,baseline_noise_high;baseline_mad_high,normal,
onset_manifest_v1_2026-06-05,v1_auto_reviewed,E4_S02_A_FALL_STD_B_T002.csv,4,2,FALL_STD_B,FALL_STD_B,2,within_subject_seed42_val0.2_test0.2_pretrained6,train,filename,True,auto_reviewed,True,,False,,278,178,278,178,333,233,0.14877,0.01158,0.02051,0.15706,0.16401,1.10239,0.07786,1.27442,0.06788,0.5724,0.0,2,False,0,False,,,normal,
onset_manifest_v1_2026-06-05,v1_auto_reviewed,E4_S02_A_FALL_STD_B_T003.csv,4,2,FALL_STD_B,FALL_STD_B,3,within_subject_seed42_val0.2_test0.2_pretrained6,train,filename,True,auto_reviewed,True,,False,,246,146,246,146,348,248,0.14725,0.0084,0.01692,0.15732,0.16411,1.11455,0.05707,1.2404,0.05438,0.54256,51.0,2,False,0,False,,,high,has_hard_review
onset_manifest_v1_2026-06-05,v1_auto_reviewed,E4_S02_A_FALL_STD_B_T004.csv,4,2,FALL_STD_B,FALL_STD_B,4,within_subject_seed42_val0.2_test0.2_pretrained6,train,filename,True,auto_reviewed,True,,False,,229,129,229,129,273,173,0.14771,0.0101,0.02008,0.15728,0.16449,1.11355,0.06837,1.29185,0.04697,0.63148,1.0,2,False,0,False,,,normal,
onset_manifest_v1_2026-06-05,v1_auto_reviewed,E4_S02_A_FALL_STD_B_T005.csv,4,2,FALL_STD_B,FALL_STD_B,5,within_subject_seed42_val0.2_test0.2_pretrained6,val,filename,True,auto_reviewed,True,,False,,234,134,234,134,236,136,0.15057,0.01012,0.01873,0.15822,0.16816,1.11679,0.06723,1.21253,0.06592,0.6026,21.0,44,False,1,False,,topk_spread_high,high,has_hard_review
onset_manifest_v1_2026-06-05,v1_auto_reviewed,E4_S02_A_FALL_STD_B_T006.csv,4,2,FALL_STD_B,FALL_STD_B,6,within_subject_seed42_val0.2_test0.2_pretrained6,train,filename,True,auto_reviewed,True,,False,,214,114,214,114,258,158,0.13854,0.00465,0.00966,0.14382,0.14743,1.06415,0.03356,1.12602,0.02617,0.59682,0.0,2,False,1,False,,rise_strength_low,high,has_hard_review
onset_manifest_v1_2026-06-05,v1_auto_reviewed,E4_S02_A_FALL_STD_B_T007.csv,4,2,FALL_STD_B,FALL_STD_B,7,within_subject_seed42_val0.2_test0.2_pretrained6,train,filename,True,auto_reviewed,True,,False,,201,101,201,101,204,104,0.15005,0.00976,0.01874,0.16017,0.16412,1.09375,0.06504,1.3163,0.07348,0.71569,1.0,3,False,0,False,,,normal,
onset_manifest_v1_2026-06-05,v1_auto_reviewed,E4_S02_A_FALL_STD_B_T008.csv,4,2,FALL_STD_B,FALL_STD_B,8,within_subject_seed42_val0.2_test0.2_pretrained6,test,filename,True,auto_reviewed,True,,False,,226,126,226,126,294,194,0.14352,0.00668,0.01309,0.1501,0.15628,1.08894,0.04653,1.18207,0.01548,0.57103,7.0,3,False,1,False,,rise_slope_low,normal,
onset_manifest_v1_2026-06-05,v1_auto_reviewed,E4_S02_A_FALL_STD_B_T009.csv,4,2,FALL_STD_B,FALL_STD_B,9,within_subject_seed42_val0.2_test0.2_pretrained6,train,filename,True,pending_manual,False,,False,,,,191,,219,119,0.1593,0.00783,0.0168,0.16871,0.17404,1.09257,0.04916,1.17238,0.05876,0.65526,1.0,2,False,0,True,frame_mapping_failed;rise_in_beep_region;rise_too_early_original_lt_200,,high,has_hard_review
onset_manifest_v1_2026-06-05,v1_auto_reviewed,E4_S02_A_FALL_STD_B_T010.csv,4,2,FALL_STD_B,FALL_STD_B,10,within_subject_seed42_val0.2_test0.2_pretrained6,train,filename,True,auto_reviewed,True,,False,,209,109,209,109,309,209,0.1443,0.00807,0.01664,0.15039,0.15615,1.08215,0.05592,1.17991,0.01288,0.55645,35.0,2,False,1,False,,rise_slope_low,normal,
onset_manifest_v1_2026-06-05,v1_auto_reviewed,E4_S02_A_FALL_STD_F_T001.csv,4,2,FALL_STD_F,FALL_STD_F,1,within_subject_seed42_val0.2_test0.2_pretrained6,train,filename,True,auto_reviewed,True,,False,,243,143,243,143,269,169,0.15216,0.00704,0.01421,0.15947,0.16852,1.10756,0.04624,1.17297,0.01489,0.59256,42.0,2,False,1,False,,rise_slope_low,normal,
onset_manifest_v1_2026-06-05,v1_auto_reviewed,E4_S02_A_FALL_STD_F_T002.csv,4,2,FALL_STD_F,FALL_STD_F,2,within_subject_seed42_val0.2_test0.2_pretrained6,val,filename,True,auto_reviewed,True,,False,,238,138,238,138,268,168,0.161,0.00579,0.01148,0.16669,0.16979,1.05463,0.03593,1.15874,0.02087,0.59501,1.0,3,False,0,False,,,normal,
onset_manifest_v1_2026-06-05,v1_auto_reviewed,E4_S02_A_FALL_STD_F_T003.csv,4,2,FALL_STD_F,FALL_STD_F,3,within_subject_seed42_val0.2_test0.2_pretrained6,test,filename,True,auto_reviewed,True,,False,,206,106,206,106,283,183,0.12232,0.00532,0.01109,0.12947,0.13574,1.10967,0.04347,1.13831,0.03592,0.57329,22.0,2,False,0,False,,,normal,
onset_manifest_v1_2026-06-05,v1_auto_reviewed,E4_S02_A_FALL_STD_F_T004.csv,4,2,FALL_STD_F,FALL_STD_F,4,within_subject_seed42_val0.2_test0.2_pretrained6,train,filename,True,auto_reviewed,True,,False,,221,121,221,121,307,207,0.15665,0.0079,0.01476,0.16335,0.1722,1.09929,0.05043,1.21649,0.015,0.56818,28.0,2,False,1,False,,rise_slope_low,high,has_hard_review
onset_manifest_v1_2026-06-05,v1_auto_reviewed,E4_S02_A_FALL_STD_F_T005.csv,4,2,FALL_STD_F,FALL_STD_F,5,within_subject_seed42_val0.2_test0.2_pretrained6,train,filename,True,auto_reviewed,True,,False,,221,121,221,121,286,186,0.16261,0.00794,0.01615,0.17125,0.17852,1.0978,0.04885,1.16329,0.04676,0.58165,27.0,2,False,0,False,,,high,has_hard_review
onset_manifest_v1_2026-06-05,v1_auto_reviewed,E4_S02_A_FALL_STD_F_T006.csv,4,2,FALL_STD_F,FALL_STD_F,6,within_subject_seed42_val0.2_test0.2_pretrained6,train,filename,True,pending_manual,False,,False,,,,190,,314,214,0.12939,0.00468,0.0093,0.13538,0.14088,1.08879,0.03616,1.14949,0.00963,0.42468,0.0,106,True,3,True,frame_mapping_failed;rise_in_beep_region;rise_too_early_original_lt_200;topk_no_consensus_hard,rise_slope_low;confidence_ref_low;topk_spread_high,high,has_hard_review
onset_manifest_v1_2026-06-05,v1_auto_reviewed,E4_S02_A_FALL_STD_F_T007.csv,4,2,FALL_STD_F,FALL_STD_F,7,within_subject_seed42_val0.2_test0.2_pretrained6,test,filename,True,auto_reviewed,True,,False,,243,143,243,143,318,218,0.15186,0.00718,0.01577,0.15893,0.16605,1.09345,0.04727,1.22367,0.04571,0.56763,20.0,2,False,0,False,,,normal,
onset_manifest_v1_2026-06-05,v1_auto_reviewed,E4_S02_A_FALL_STD_F_T008.csv,4,2,FALL_STD_F,FALL_STD_F,8,within_subject_seed42_val0.2_test0.2_pretrained6,train,filename,True,auto_reviewed,True,,False,,302,202,302,202,307,207,0.13243,0.00828,0.01595,0.14151,0.14905,1.12546,0.0625,1.24731,0.08729,0.59308,0.0,2,False,0,False,,,normal,
onset_manifest_v1_2026-06-05,v1_auto_reviewed,E4_S02_A_FALL_STD_F_T009.csv,4,2,FALL_STD_F,FALL_STD_F,9,within_subject_seed42_val0.2_test0.2_pretrained6,train,filename,True,auto_reviewed,True,,False,,206,106,206,106,268,168,0.15304,0.0078,0.01559,0.16086,0.16493,1.07769,0.05094,1.18009,0.03343,0.60336,0.0,2,False,0,False,,,high,has_hard_review
onset_manifest_v1_2026-06-05,v1_auto_reviewed,E4_S02_A_FALL_STD_F_T010.csv,4,2,FALL_STD_F,FALL_STD_F,10,within_subject_seed42_val0.2_test0.2_pretrained6,val,filename,True,auto_reviewed,True,,False,,268,168,268,168,309,209,0.16255,0.00774,0.01581,0.16864,0.17388,1.0697,0.04762,1.15599,0.03452,0.55606,2.0,2,False,0,False,,,normal,
onset_manifest_v1_2026-06-05,v1_auto_reviewed,E4_S02_A_FALL_WALK_B_T001.csv,4,2,FALL_WALK_B,FALL_WALK_B,1,within_subject_seed42_val0.2_test0.2_pretrained6,val,filename,True,pending_manual,False,,False,,,,,,,,0.14133,0.00941,0.01863,0.15038,0.16024,1.13378,0.06657,,,,0.0,,False,0,True,rise_not_found,,high,weak_subtype:FALL_WALK_B;has_hard_review
onset_manifest_v1_2026-06-05,v1_auto_reviewed,E4_S02_A_FALL_WALK_B_T002.csv,4,2,FALL_WALK_B,FALL_WALK_B,2,within_subject_seed42_val0.2_test0.2_pretrained6,train,filename,True,pending_manual,False,,False,,,,285,185,287,187,0.16203,0.02906,0.08085,0.22165,0.27562,1.70103,0.17937,1.64711,0.26047,0.71987,0.0,1,False,2,True,,baseline_noise_high;baseline_mad_high,high,weak_subtype:FALL_WALK_B
onset_manifest_v1_2026-06-05,v1_auto_reviewed,E4_S02_A_FALL_WALK_B_T003.csv,4,2,FALL_WALK_B,FALL_WALK_B,3,within_subject_seed42_val0.2_test0.2_pretrained6,train,filename,True,pending_manual,False,,False,,,,213,113,234,134,0.15881,0.01421,0.02914,0.17058,0.19082,1.2016,0.0895,1.29443,0.0322,0.61087,27.0,45,False,2,True,,baseline_mad_high;topk_spread_high,high,weak_subtype:FALL_WALK_B
onset_manifest_v1_2026-06-05,v1_auto_reviewed,E4_S02_A_FALL_WALK_B_T004.csv,4,2,FALL_WALK_B,FALL_WALK_B,4,within_subject_seed42_val0.2_test0.2_pretrained6,train,filename,True,auto_reviewed,True,,False,,209,109,209,109,213,113,0.16892,0.01109,0.02213,0.17917,0.1929,1.14199,0.06566,1.23079,0.05316,0.67345,0.0,1,False,0,False,,,high,weak_subtype:FALL_WALK_B
onset_manifest_v1_2026-06-05,v1_auto_reviewed,E4_S02_A_FALL_WALK_B_T005.csv,4,2,FALL_WALK_B,FALL_WALK_B,5,within_subject_seed42_val0.2_test0.2_pretrained6,train,filename,True,pending_manual,False,,False,,,,190,,192,,0.13706,0.01284,0.02668,0.1523,0.16151,1.17836,0.09365,1.30565,0.01165,,1.0,0,False,2,True,frame_mapping_failed;peak_in_beep_region;peak_outside_expected_fall_original_200_400;rise_in_beep_region;rise_too_early_original_lt_200,rise_slope_low;baseline_mad_high,high,weak_subtype:FALL_WALK_B;has_hard_review
onset_manifest_v1_2026-06-05,v1_auto_reviewed,E4_S02_A_FALL_WALK_B_T006.csv,4,2,FALL_WALK_B,FALL_WALK_B,6,within_subject_seed42_val0.2_test0.2_pretrained6,train,filename,True,auto_reviewed,True,,False,,323,223,323,223,326,226,0.16846,0.00835,0.01608,0.17799,0.18479,1.09696,0.04959,1.15537,0.08178,0.54805,1.0,2,False,0,False,,,high,weak_subtype:FALL_WALK_B
onset_manifest_v1_2026-06-05,v1_auto_reviewed,E4_S02_A_FALL_WALK_B_T007.csv,4,2,FALL_WALK_B,FALL_WALK_B,7,within_subject_seed42_val0.2_test0.2_pretrained6,train,filename,True,pending_manual,False,,False,,,,199,,202,102,0.16686,0.01857,0.11135,0.26415,0.51013,3.0572,0.1113,1.41602,0.04927,0.54655,9.0,2,False,2,True,frame_mapping_failed;rise_in_beep_region;rise_too_early_original_lt_200,baseline_noise_high;baseline_mad_high,high,weak_subtype:FALL_WALK_B;has_hard_review
onset_manifest_v1_2026-06-05,v1_auto_reviewed,E4_S02_A_FALL_WALK_B_T008.csv,4,2,FALL_WALK_B,FALL_WALK_B,8,within_subject_seed42_val0.2_test0.2_pretrained6,val,filename,True,auto_reviewed,True,,False,,270,170,270,170,274,174,0.16335,0.01399,0.02775,0.1763,0.1949,1.19315,0.08565,1.2813,0.13825,0.64254,49.0,2,False,1,False,,baseline_mad_high,high,weak_subtype:FALL_WALK_B
onset_manifest_v1_2026-06-05,v1_auto_reviewed,E4_S02_A_FALL_WALK_B_T009.csv,4,2,FALL_WALK_B,FALL_WALK_B,9,within_subject_seed42_val0.2_test0.2_pretrained6,train,filename,True,pending_manual,False,,False,,,,190,,192,,0.13745,0.00732,0.01879,0.14929,0.17875,1.30052,0.05328,5.02173,0.64202,,0.0,2,False,1,True,frame_mapping_failed;peak_in_beep_region;peak_outside_expected_fall_original_200_400;rise_in_beep_region;rise_too_early_original_lt_200,baseline_noise_high,high,weak_subtype:FALL_WALK_B;has_hard_review
onset_manifest_v1_2026-06-05,v1_auto_reviewed,E4_S02_A_FALL_WALK_B_T010.csv,4,2,FALL_WALK_B,FALL_WALK_B,10,within_subject_seed42_val0.2_test0.2_pretrained6,train,filename,True,pending_manual,False,,False,,,,193,,244,144,0.1767,0.00971,0.02806,0.19749,0.23744,1.34374,0.05493,1.18644,0.02963,0.59294,26.0,10,False,1,True,frame_mapping_failed;rise_in_beep_region;rise_too_early_original_lt_200,baseline_noise_high,high,weak_subtype:FALL_WALK_B;has_hard_review
onset_manifest_v1_2026-06-05,v1_auto_reviewed,E4_S02_A_FALL_WALK_F_T001.csv,4,2,FALL_WALK_F,FALL_WALK_F,1,within_subject_seed42_val0.2_test0.2_pretrained6,train,filename,True,pending_manual,False,,False,,,,195,,245,145,0.1376,0.00937,0.0189,0.14448,0.15967,1.16037,0.06806,1.24849,0.02565,0.63663,0.0,2,False,0,True,frame_mapping_failed;rise_in_beep_region;rise_too_early_original_lt_200,,high,has_hard_review
onset_manifest_v1_2026-06-05,v1_auto_reviewed,E4_S02_A_FALL_WALK_F_T002.csv,4,2,FALL_WALK_F,FALL_WALK_F,2,within_subject_seed42_val0.2_test0.2_pretrained6,train,filename,True,auto_reviewed,True,,False,,263,163,263,163,277,177,0.16311,0.01179,0.02448,0.17669,0.19029,1.16666,0.07228,1.23896,0.02485,0.59522,39.0,7,False,0,False,,,normal,
onset_manifest_v1_2026-06-05,v1_auto_reviewed,E4_S02_A_FALL_WALK_F_T003.csv,4,2,FALL_WALK_F,FALL_WALK_F,3,within_subject_seed42_val0.2_test0.2_pretrained6,val,filename,True,pending_manual,False,,False,,,,214,114,221,121,0.18168,0.02177,0.04324,0.20748,0.2336,1.28577,0.11984,1.67328,0.20621,0.82053,0.0,2,False,2,True,,baseline_noise_high;baseline_mad_high,normal,
onset_manifest_v1_2026-06-05,v1_auto_reviewed,E4_S02_A_FALL_WALK_F_T004.csv,4,2,FALL_WALK_F,FALL_WALK_F,4,within_subject_seed42_val0.2_test0.2_pretrained6,train,filename,True,pending_manual,False,,False,,,,195,,199,,0.15083,0.01239,0.03911,0.17957,0.2358,1.56335,0.08217,1.38235,0.28537,,5.0,2,False,2,True,frame_mapping_failed;peak_in_beep_region;peak_outside_expected_fall_original_200_400;rise_in_beep_region;rise_too_early_original_lt_200,baseline_noise_high;baseline_mad_high,high,has_hard_review
onset_manifest_v1_2026-06-05,v1_auto_reviewed,E4_S02_A_FALL_WALK_F_T005.csv,4,2,FALL_WALK_F,FALL_WALK_F,5,within_subject_seed42_val0.2_test0.2_pretrained6,test,filename,True,auto_reviewed,True,,False,,211,111,211,111,225,125,0.18561,0.0147,0.03067,0.20414,0.22332,1.20317,0.07921,1.26497,0.05285,0.66092,22.0,5,False,1,False,,baseline_mad_high,high,has_hard_review
onset_manifest_v1_2026-06-05,v1_auto_reviewed,E4_S02_A_FALL_WALK_F_T006.csv,4,2,FALL_WALK_F,FALL_WALK_F,6,within_subject_seed42_val0.2_test0.2_pretrained6,val,filename,True,auto_reviewed,True,,False,,221,121,221,121,229,129,0.17556,0.01368,0.02713,0.18901,0.20191,1.15011,0.07795,1.28643,0.11183,0.68689,1.0,2,False,0,False,,,normal,
onset_manifest_v1_2026-06-05,v1_auto_reviewed,E4_S02_A_FALL_WALK_F_T007.csv,4,2,FALL_WALK_F,FALL_WALK_F,7,within_subject_seed42_val0.2_test0.2_pretrained6,train,filename,True,auto_reviewed,True,,False,,215,115,215,115,315,215,0.18108,0.00767,0.01584,0.18787,0.20451,1.12938,0.04234,1.34155,0.09349,0.61429,20.0,2,False,0,False,,,high,has_hard_review
onset_manifest_v1_2026-06-05,v1_auto_reviewed,E4_S02_A_FALL_WALK_F_T008.csv,4,2,FALL_WALK_F,FALL_WALK_F,8,within_subject_seed42_val0.2_test0.2_pretrained6,train,filename,True,auto_reviewed,True,,False,,206,106,206,106,267,167,0.14102,0.00609,0.01222,0.14742,0.15352,1.08865,0.04319,1.21062,0.05393,0.61757,16.0,2,False,0,False,,,high,has_hard_review
onset_manifest_v1_2026-06-05,v1_auto_reviewed,E4_S02_A_FALL_WALK_F_T009.csv,4,2,FALL_WALK_F,FALL_WALK_F,9,within_subject_seed42_val0.2_test0.2_pretrained6,train,filename,True,pending_manual,False,,False,,,,,,,,0.16424,0.02156,0.04331,0.18841,0.21204,1.291,0.13127,,,,,,False,2,True,rise_not_found,baseline_noise_high;baseline_mad_high,high,has_hard_review
onset_manifest_v1_2026-06-05,v1_auto_reviewed,E4_S02_A_FALL_WALK_F_T010.csv,4,2,FALL_WALK_F,FALL_WALK_F,10,within_subject_seed42_val0.2_test0.2_pretrained6,train,filename,True,auto_reviewed,True,,False,,204,104,204,104,221,121,0.18045,0.0121,0.0255,0.18975,0.20238,1.1215,0.06706,1.28554,0.04594,0.6808,1.0,2,False,0,False,,,normal,
onset_manifest_v1_2026-06-05,v1_auto_reviewed,E4_S03_A_FALL_SIT_B_T001.csv,4,3,FALL_SIT_B,FALL_SIT_B,1,within_subject_seed42_val0.2_test0.2_pretrained6,train,filename,True,auto_reviewed,True,,False,,230,130,230,130,280,180,0.1612,0.00611,0.01248,0.1667,0.17041,1.05711,0.03793,1.27326,0.07106,0.615,1.0,16,False,1,False,,topk_spread_high,normal,
onset_manifest_v1_2026-06-05,v1_auto_reviewed,E4_S03_A_FALL_SIT_B_T002.csv,4,3,FALL_SIT_B,FALL_SIT_B,2,within_subject_seed42_val0.2_test0.2_pretrained6,val,filename,True,pending_manual,False,,False,,,,227,127,306,206,0.16626,0.00614,0.01217,0.17235,0.1786,1.07424,0.03696,1.11882,0.06965,0.52964,1.0,26,False,2,True,,rise_strength_low;topk_spread_high,normal,
onset_manifest_v1_2026-06-05,v1_auto_reviewed,E4_S03_A_FALL_SIT_B_T003.csv,4,3,FALL_SIT_B,FALL_SIT_B,3,within_subject_seed42_val0.2_test0.2_pretrained6,train,filename,True,auto_reviewed,True,,False,,231,131,231,131,265,165,0.16649,0.00501,0.01148,0.16955,0.17671,1.06137,0.03008,1.09562,0.04147,0.58489,13.0,2,False,1,False,,rise_strength_low,normal,
onset_manifest_v1_2026-06-05,v1_auto_reviewed,E4_S03_A_FALL_SIT_B_T004.csv,4,3,FALL_SIT_B,FALL_SIT_B,4,within_subject_seed42_val0.2_test0.2_pretrained6,test,filename,True,auto_reviewed,True,,False,,243,143,243,143,262,162,0.16544,0.00758,0.01441,0.1725,0.17802,1.07606,0.04581,1.21656,0.05355,0.62552,21.0,2,False,0,False,,,normal,
onset_manifest_v1_2026-06-05,v1_auto_reviewed,E4_S03_A_FALL_SIT_B_T005.csv,4,3,FALL_SIT_B,FALL_SIT_B,5,within_subject_seed42_val0.2_test0.2_pretrained6,train,filename,True,pending_manual,False,,False,,,,,,,,0.17224,0.01501,0.02961,0.18794,0.20766,1.20565,0.08713,,,,,,False,1,True,rise_not_found,baseline_mad_high,high,has_hard_review
onset_manifest_v1_2026-06-05,v1_auto_reviewed,E4_S03_A_FALL_SIT_B_T006.csv,4,3,FALL_SIT_B,FALL_SIT_B,6,within_subject_seed42_val0.2_test0.2_pretrained6,train,filename,True,auto_reviewed,True,,False,,226,126,226,126,290,190,0.15228,0.01058,0.0213,0.16285,0.17559,1.15308,0.06946,1.25881,0.09616,0.61309,0.0,2,False,0,False,,,normal,
onset_manifest_v1_2026-06-05,v1_auto_reviewed,E4_S03_A_FALL_SIT_B_T007.csv,4,3,FALL_SIT_B,FALL_SIT_B,7,within_subject_seed42_val0.2_test0.2_pretrained6,train,filename,True,excluded,False,resampled_lt_550,False,,,,,,,,,,,,,,,,,,,,,0,True,resampled_count<550,,high,hard_resampled_count_lt_550
onset_manifest_v1_2026-06-05,v1_auto_reviewed,E4_S03_A_FALL_SIT_B_T008.csv,4,3,FALL_SIT_B,FALL_SIT_B,8,within_subject_seed42_val0.2_test0.2_pretrained6,val,filename,True,auto_reviewed,True,,False,,242,142,242,142,293,193,0.15665,0.0072,0.01611,0.16738,0.17237,1.10032,0.04598,1.16686,0.05096,0.57649,9.0,2,False,0,False,,,normal,
onset_manifest_v1_2026-06-05,v1_auto_reviewed,E4_S03_A_FALL_SIT_B_T009.csv,4,3,FALL_SIT_B,FALL_SIT_B,9,within_subject_seed42_val0.2_test0.2_pretrained6,test,filename,True,auto_reviewed,True,,False,,219,119,219,119,230,130,0.16217,0.00565,0.01279,0.17076,0.17809,1.09813,0.03484,1.16034,0.02933,0.63259,17.0,2,False,0,False,,,high,has_hard_review
onset_manifest_v1_2026-06-05,v1_auto_reviewed,E4_S03_A_FALL_SIT_B_T010.csv,4,3,FALL_SIT_B,FALL_SIT_B,10,within_subject_seed42_val0.2_test0.2_pretrained6,val,filename,True,auto_reviewed,True,,False,,242,142,242,142,293,193,0.12839,0.00835,0.01535,0.13406,0.1421,1.10684,0.06503,1.19595,0.04168,0.56539,2.0,17,False,1,False,,topk_spread_high,normal,
onset_manifest_v1_2026-06-05,v1_auto_reviewed,E4_S03_A_FALL_SIT_F_T001.csv,4,3,FALL_SIT_F,FALL_SIT_F,1,within_subject_seed42_val0.2_test0.2_pretrained6,train,filename,True,auto_reviewed,True,,False,,223,123,223,123,309,209,0.15627,0.00766,0.01519,0.16373,0.17193,1.10021,0.04899,1.20426,0.03193,0.56673,16.0,2,False,0,False,,,normal,
onset_manifest_v1_2026-06-05,v1_auto_reviewed,E4_S03_A_FALL_SIT_F_T002.csv,4,3,FALL_SIT_F,FALL_SIT_F,2,within_subject_seed42_val0.2_test0.2_pretrained6,train,filename,True,pending_manual,False,,False,,,,212,112,341,241,0.12907,0.00497,0.00978,0.13394,0.13941,1.08006,0.03851,1.13137,0.0171,0.51111,26.0,2,False,2,True,,rise_strength_low;confidence_ref_low,high,has_hard_review
onset_manifest_v1_2026-06-05,v1_auto_reviewed,E4_S03_A_FALL_SIT_F_T003.csv,4,3,FALL_SIT_F,FALL_SIT_F,3,within_subject_seed42_val0.2_test0.2_pretrained6,test,filename,True,auto_reviewed,True,,False,,232,132,232,132,303,203,0.15524,0.00729,0.01414,0.163,0.16833,1.08431,0.04695,1.19613,0.01634,0.56797,59.0,2,False,1,False,,param_sensitivity_high,normal,
onset_manifest_v1_2026-06-05,v1_auto_reviewed,E4_S03_A_FALL_SIT_F_T004.csv,4,3,FALL_SIT_F,FALL_SIT_F,4,within_subject_seed42_val0.2_test0.2_pretrained6,test,filename,True,auto_reviewed,True,,False,,252,152,252,152,321,221,0.14564,0.0068,0.01332,0.15253,0.15575,1.06936,0.04668,1.19671,0.01756,0.55185,36.0,2,False,0,False,,,normal,
onset_manifest_v1_2026-06-05,v1_auto_reviewed,E4_S03_A_FALL_SIT_F_T005.csv,4,3,FALL_SIT_F,FALL_SIT_F,5,within_subject_seed42_val0.2_test0.2_pretrained6,train,filename,True,auto_reviewed,True,,False,,262,162,262,162,287,187,0.12973,0.00674,0.01409,0.13774,0.1479,1.14003,0.05194,1.17264,0.06093,0.58281,38.0,2,False,0,False,,,normal,
onset_manifest_v1_2026-06-05,v1_auto_reviewed,E4_S03_A_FALL_SIT_F_T006.csv,4,3,FALL_SIT_F,FALL_SIT_F,6,within_subject_seed42_val0.2_test0.2_pretrained6,test,filename,True,auto_reviewed,True,,False,,302,202,302,202,318,218,0.16715,0.00886,0.01814,0.17721,0.18279,1.09353,0.05299,1.17299,0.04842,0.55322,58.0,2,False,1,False,,param_sensitivity_high,normal,
onset_manifest_v1_2026-06-05,v1_auto_reviewed,E4_S03_A_FALL_SIT_F_T007.csv,4,3,FALL_SIT_F,FALL_SIT_F,7,within_subject_seed42_val0.2_test0.2_pretrained6,train,filename,True,auto_reviewed,True,,False,,211,111,211,111,293,193,0.15487,0.00563,0.01027,0.15933,0.16426,1.0606,0.03636,1.11627,0.02521,0.55885,1.0,2,False,1,False,,rise_strength_low,normal,
onset_manifest_v1_2026-06-05,v1_auto_reviewed,E4_S03_A_FALL_SIT_F_T008.csv,4,3,FALL_SIT_F,FALL_SIT_F,8,within_subject_seed42_val0.2_test0.2_pretrained6,train,filename,True,auto_reviewed,True,,False,,285,185,285,185,334,234,0.16987,0.0062,0.01226,0.17576,0.18091,1.06496,0.03652,1.13556,0.04151,0.52709,24.0,2,False,1,False,,rise_strength_low,normal,
onset_manifest_v1_2026-06-05,v1_auto_reviewed,E4_S03_A_FALL_SIT_F_T009.csv,4,3,FALL_SIT_F,FALL_SIT_F,9,within_subject_seed42_val0.2_test0.2_pretrained6,train,filename,True,auto_reviewed,True,,False,,228,128,228,128,263,163,0.162,0.00801,0.01541,0.171,0.17554,1.08354,0.04943,1.15159,0.02956,0.59834,2.0,2,False,0,False,,,normal,
onset_manifest_v1_2026-06-05,v1_auto_reviewed,E4_S03_A_FALL_SIT_F_T010.csv,4,3,FALL_SIT_F,FALL_SIT_F,10,within_subject_seed42_val0.2_test0.2_pretrained6,test,filename,True,auto_reviewed,True,,False,,232,132,232,132,298,198,0.14909,0.01042,0.02064,0.1585,0.16643,1.11628,0.06992,1.22783,0.05344,0.5395,19.0,46,True,1,False,,topk_spread_high,normal,
onset_manifest_v1_2026-06-05,v1_auto_reviewed,E4_S03_A_FALL_STD_B_T001.csv,4,3,FALL_STD_B,FALL_STD_B,1,within_subject_seed42_val0.2_test0.2_pretrained6,val,filename,True,pending_manual,False,,False,,,,227,127,282,182,0.15953,0.01681,0.03976,0.18393,0.20849,1.30693,0.10539,1.31911,0.05659,0.6137,51.0,2,False,2,True,,baseline_noise_high;baseline_mad_high,normal,
onset_manifest_v1_2026-06-05,v1_auto_reviewed,E4_S03_A_FALL_STD_B_T002.csv,4,3,FALL_STD_B,FALL_STD_B,2,within_subject_seed42_val0.2_test0.2_pretrained6,train,filename,True,auto_reviewed,True,,False,,207,107,207,107,317,217,0.12726,0.0046,0.00916,0.1319,0.13613,1.06972,0.03615,1.18808,0.05071,0.56167,13.0,2,False,0,False,,,high,has_hard_review
onset_manifest_v1_2026-06-05,v1_auto_reviewed,E4_S03_A_FALL_STD_B_T003.csv,4,3,FALL_STD_B,FALL_STD_B,3,within_subject_seed42_val0.2_test0.2_pretrained6,train,filename,True,auto_reviewed,True,,False,,209,109,209,109,280,180,0.14873,0.00795,0.01636,0.15765,0.16598,1.11597,0.05344,1.17356,0.00686,0.5788,34.0,2,False,1,False,,rise_slope_low,high,has_hard_review
onset_manifest_v1_2026-06-05,v1_auto_reviewed,E4_S03_A_FALL_STD_B_T004.csv,4,3,FALL_STD_B,FALL_STD_B,4,within_subject_seed42_val0.2_test0.2_pretrained6,test,filename,True,auto_reviewed,True,,False,,265,165,265,165,326,226,0.14234,0.00731,0.01394,0.14985,0.157,1.10296,0.05138,1.23226,0.04442,0.56087,67.0,2,False,1,False,,param_sensitivity_high,high,has_hard_review
onset_manifest_v1_2026-06-05,v1_auto_reviewed,E4_S03_A_FALL_STD_B_T005.csv,4,3,FALL_STD_B,FALL_STD_B,5,within_subject_seed42_val0.2_test0.2_pretrained6,train,filename,True,auto_reviewed,True,,False,,246,146,246,146,323,223,0.15156,0.00678,0.01405,0.157,0.16065,1.06,0.04473,1.16959,0.0695,0.55587,18.0,2,False,0,False,,,normal,
onset_manifest_v1_2026-06-05,v1_auto_reviewed,E4_S03_A_FALL_STD_B_T006.csv,4,3,FALL_STD_B,FALL_STD_B,6,within_subject_seed42_val0.2_test0.2_pretrained6,val,filename,True,auto_reviewed,True,,False,,267,167,267,167,302,202,0.17007,0.00727,0.01534,0.17703,0.18222,1.07147,0.04274,1.13795,0.03539,0.55776,37.0,2,False,0,False,,,normal,
onset_manifest_v1_2026-06-05,v1_auto_reviewed,E4_S03_A_FALL_STD_B_T007.csv,4,3,FALL_STD_B,FALL_STD_B,7,within_subject_seed42_val0.2_test0.2_pretrained6,train,filename,True,auto_reviewed,True,,False,,219,119,219,119,310,210,0.16322,0.00744,0.015,0.16964,0.17823,1.09195,0.04559,1.1628,0.02484,0.53229,0.0,20,False,1,False,,topk_spread_high,normal,
onset_manifest_v1_2026-06-05,v1_auto_reviewed,E4_S03_A_FALL_STD_B_T008.csv,4,3,FALL_STD_B,FALL_STD_B,8,within_subject_seed42_val0.2_test0.2_pretrained6,train,filename,True,auto_reviewed,True,,False,,230,130,230,130,281,181,0.15822,0.01147,0.02416,0.16895,0.17537,1.10837,0.07251,1.26797,0.03864,0.61473,0.0,2,False,0,False,,,normal,
onset_manifest_v1_2026-06-05,v1_auto_reviewed,E4_S03_A_FALL_STD_B_T009.csv,4,3,FALL_STD_B,FALL_STD_B,9,within_subject_seed42_val0.2_test0.2_pretrained6,train,filename,True,auto_reviewed,True,,False,,207,107,207,107,268,168,0.15064,0.00692,0.01311,0.15754,0.16168,1.07329,0.04595,1.2081,0.03839,0.6134,0.0,2,False,0,False,,,normal,
onset_manifest_v1_2026-06-05,v1_auto_reviewed,E4_S03_A_FALL_STD_B_T010.csv,4,3,FALL_STD_B,FALL_STD_B,10,within_subject_seed42_val0.2_test0.2_pretrained6,train,filename,True,auto_reviewed,True,,False,,206,106,206,106,282,182,0.15486,0.00714,0.01457,0.16041,0.16721,1.07975,0.04611,1.1886,0.02215,0.58876,1.0,2,False,0,False,,,normal,
onset_manifest_v1_2026-06-05,v1_auto_reviewed,E4_S03_A_FALL_STD_F_T001.csv,4,3,FALL_STD_F,FALL_STD_F,1,within_subject_seed42_val0.2_test0.2_pretrained6,test,filename,True,auto_reviewed,True,,False,,234,134,234,134,279,179,0.15885,0.01185,0.0242,0.17067,0.17573,1.10621,0.0746,1.28512,0.02189,0.61781,29.0,2,False,0,False,,,normal,
onset_manifest_v1_2026-06-05,v1_auto_reviewed,E4_S03_A_FALL_STD_F_T002.csv,4,3,FALL_STD_F,FALL_STD_F,2,within_subject_seed42_val0.2_test0.2_pretrained6,train,filename,True,pending_manual,False,,False,,,,195,,245,145,0.16914,0.00775,0.01639,0.17436,0.18149,1.07302,0.0458,1.24496,0.02166,0.64328,8.0,2,False,0,True,frame_mapping_failed;rise_in_beep_region;rise_too_early_original_lt_200,,high,has_hard_review
onset_manifest_v1_2026-06-05,v1_auto_reviewed,E4_S03_A_FALL_STD_F_T003.csv,4,3,FALL_STD_F,FALL_STD_F,3,within_subject_seed42_val0.2_test0.2_pretrained6,train,filename,True,auto_reviewed,True,,False,,227,127,227,127,281,181,0.12359,0.00732,0.01518,0.13231,0.1399,1.13198,0.05924,1.18408,0.07678,0.59707,33.0,2,False,0,False,,,high,has_hard_review
onset_manifest_v1_2026-06-05,v1_auto_reviewed,E4_S03_A_FALL_STD_F_T004.csv,4,3,FALL_STD_F,FALL_STD_F,4,within_subject_seed42_val0.2_test0.2_pretrained6,train,filename,True,pending_manual,False,,False,,,,198,,272,172,0.13771,0.00515,0.01012,0.14239,0.14493,1.05244,0.0374,1.19159,0.02967,0.60433,1.0,2,False,0,True,frame_mapping_failed;rise_in_beep_region;rise_too_early_original_lt_200,,high,has_hard_review
onset_manifest_v1_2026-06-05,v1_auto_reviewed,E4_S03_A_FALL_STD_F_T005.csv,4,3,FALL_STD_F,FALL_STD_F,5,within_subject_seed42_val0.2_test0.2_pretrained6,train,filename,True,auto_reviewed,True,,False,,224,124,224,124,307,207,0.15337,0.00623,0.01245,0.16029,0.16643,1.08517,0.04062,1.20958,0.02821,0.57088,0.0,2,False,0,False,,,normal,
onset_manifest_v1_2026-06-05,v1_auto_reviewed,E4_S03_A_FALL_STD_F_T006.csv,4,3,FALL_STD_F,FALL_STD_F,6,within_subject_seed42_val0.2_test0.2_pretrained6,test,filename,True,auto_reviewed,True,,False,,224,124,224,124,256,156,0.15661,0.01054,0.02085,0.16693,0.1768,1.12894,0.06732,1.22406,0.10068,0.64046,1.0,2,False,0,False,,,normal,
onset_manifest_v1_2026-06-05,v1_auto_reviewed,E4_S03_A_FALL_STD_F_T007.csv,4,3,FALL_STD_F,FALL_STD_F,7,within_subject_seed42_val0.2_test0.2_pretrained6,train,filename,True,auto_reviewed,True,,False,,222,122,222,122,301,201,0.15543,0.00712,0.01475,0.16365,0.17434,1.1217,0.04583,1.15543,0.06677,0.56692,21.0,2,False,0,False,,,normal,
onset_manifest_v1_2026-06-05,v1_auto_reviewed,E4_S03_A_FALL_STD_F_T008.csv,4,3,FALL_STD_F,FALL_STD_F,8,within_subject_seed42_val0.2_test0.2_pretrained6,test,filename,True,auto_reviewed,True,,False,,209,109,209,109,288,188,0.15756,0.00563,0.01127,0.16319,0.16818,1.06737,0.03575,1.1766,0.02632,0.58145,1.0,2,False,0,False,,,high,has_hard_review
onset_manifest_v1_2026-06-05,v1_auto_reviewed,E4_S03_A_FALL_STD_F_T009.csv,4,3,FALL_STD_F,FALL_STD_F,9,within_subject_seed42_val0.2_test0.2_pretrained6,test,filename,True,auto_reviewed,True,,False,,209,109,209,109,226,126,0.16406,0.00965,0.01932,0.17303,0.17965,1.09503,0.05881,1.25856,0.03458,0.6675,15.0,2,False,0,False,,,high,has_hard_review
onset_manifest_v1_2026-06-05,v1_auto_reviewed,E4_S03_A_FALL_STD_F_T010.csv,4,3,FALL_STD_F,FALL_STD_F,10,within_subject_seed42_val0.2_test0.2_pretrained6,train,filename,True,auto_reviewed,True,,False,,219,119,219,119,288,188,0.14251,0.0057,0.01106,0.14859,0.1523,1.06875,0.03999,1.16602,0.02349,0.57744,33.0,2,False,0,False,,,normal,
onset_manifest_v1_2026-06-05,v1_auto_reviewed,E4_S03_A_FALL_WALK_B_T001.csv,4,3,FALL_WALK_B,FALL_WALK_B,1,within_subject_seed42_val0.2_test0.2_pretrained6,train,filename,True,pending_manual,False,,False,,,,198,,286,186,0.1609,0.00778,0.01588,0.16903,0.17481,1.08642,0.04836,1.14948,0.02695,0.57364,1.0,2,False,0,True,frame_mapping_failed;rise_in_beep_region;rise_too_early_original_lt_200,,high,weak_subtype:FALL_WALK_B;has_hard_review
onset_manifest_v1_2026-06-05,v1_auto_reviewed,E4_S03_A_FALL_WALK_B_T002.csv,4,3,FALL_WALK_B,FALL_WALK_B,2,within_subject_seed42_val0.2_test0.2_pretrained6,test,filename,True,auto_reviewed,True,,False,,210,110,210,110,318,218,0.16878,0.00635,0.01305,0.17464,0.18369,1.08837,0.0376,1.14482,0.09042,0.556,9.0,2,False,0,False,,,high,weak_subtype:FALL_WALK_B
onset_manifest_v1_2026-06-05,v1_auto_reviewed,E4_S03_A_FALL_WALK_B_T003.csv,4,3,FALL_WALK_B,FALL_WALK_B,3,within_subject_seed42_val0.2_test0.2_pretrained6,train,filename,True,pending_manual,False,,False,,,,190,,273,173,0.13258,0.00728,0.01432,0.13849,0.14407,1.08667,0.05493,1.33387,0.04973,0.64626,0.0,3,False,0,True,frame_mapping_failed;rise_in_beep_region;rise_too_early_original_lt_200,,high,weak_subtype:FALL_WALK_B;has_hard_review
onset_manifest_v1_2026-06-05,v1_auto_reviewed,E4_S03_A_FALL_WALK_B_T004.csv,4,3,FALL_WALK_B,FALL_WALK_B,4,within_subject_seed42_val0.2_test0.2_pretrained6,train,filename,True,auto_reviewed,True,,False,,284,184,284,184,288,188,0.1803,0.01422,0.02873,0.19538,0.21884,1.21375,0.07888,1.33479,0.17164,0.65081,0.0,2,False,1,False,,baseline_noise_high,high,weak_subtype:FALL_WALK_B
onset_manifest_v1_2026-06-05,v1_auto_reviewed,E4_S03_A_FALL_WALK_B_T005.csv,4,3,FALL_WALK_B,FALL_WALK_B,5,within_subject_seed42_val0.2_test0.2_pretrained6,train,filename,True,pending_manual,False,,False,,,,198,,237,137,0.16908,0.00757,0.01599,0.17864,0.19658,1.16268,0.04478,1.1418,0.04081,0.61651,2.0,2,False,0,True,frame_mapping_failed;rise_in_beep_region;rise_too_early_original_lt_200,,high,weak_subtype:FALL_WALK_B;has_hard_review
onset_manifest_v1_2026-06-05,v1_auto_reviewed,E4_S03_A_FALL_WALK_B_T006.csv,4,3,FALL_WALK_B,FALL_WALK_B,6,within_subject_seed42_val0.2_test0.2_pretrained6,train,filename,True,pending_manual,False,,False,,,,193,,286,186,0.1611,0.00812,0.01636,0.169,0.17669,1.09678,0.05038,1.15461,0.01806,0.57189,1.0,2,False,0,True,frame_mapping_failed;rise_in_beep_region;rise_too_early_original_lt_200,,high,weak_subtype:FALL_WALK_B;has_hard_review
onset_manifest_v1_2026-06-05,v1_auto_reviewed,E4_S03_A_FALL_WALK_B_T007.csv,4,3,FALL_WALK_B,FALL_WALK_B,7,within_subject_seed42_val0.2_test0.2_pretrained6,test,filename,True,pending_manual,False,,False,,,,307,207,308,208,0.16665,0.01806,0.03864,0.19404,0.24418,1.4652,0.10838,1.33051,0.01118,0.5659,13.0,0,False,3,True,,rise_slope_low;baseline_noise_high;baseline_mad_high,high,weak_subtype:FALL_WALK_B;has_hard_review
onset_manifest_v1_2026-06-05,v1_auto_reviewed,E4_S03_A_FALL_WALK_B_T008.csv,4,3,FALL_WALK_B,FALL_WALK_B,8,within_subject_seed42_val0.2_test0.2_pretrained6,train,filename,True,pending_manual,False,,False,,,,,,,,0.17526,0.02431,0.05161,0.20942,0.33831,1.93032,0.13869,,,,,,False,2,True,rise_not_found,baseline_noise_high;baseline_mad_high,high,weak_subtype:FALL_WALK_B;has_hard_review
onset_manifest_v1_2026-06-05,v1_auto_reviewed,E4_S03_A_FALL_WALK_B_T009.csv,4,3,FALL_WALK_B,FALL_WALK_B,9,within_subject_seed42_val0.2_test0.2_pretrained6,train,filename,True,auto_reviewed,True,,False,,214,114,214,114,216,116,0.17604,0.01365,0.02625,0.18882,0.20858,1.18486,0.07755,1.23616,0.07639,0.67365,15.0,1,False,0,False,,,high,weak_subtype:FALL_WALK_B
onset_manifest_v1_2026-06-05,v1_auto_reviewed,E4_S03_A_FALL_WALK_B_T010.csv,4,3,FALL_WALK_B,FALL_WALK_B,10,within_subject_seed42_val0.2_test0.2_pretrained6,train,filename,True,pending_manual,False,,False,,,,193,,295,195,0.16447,0.00861,0.01681,0.17341,0.18286,1.11186,0.05237,1.19141,0.01609,0.46565,3.0,97,True,2,True,frame_mapping_failed;rise_in_beep_region;rise_too_early_original_lt_200;topk_no_consensus_hard,confidence_ref_low;topk_spread_high,high,weak_subtype:FALL_WALK_B;has_hard_review
onset_manifest_v1_2026-06-05,v1_auto_reviewed,E4_S03_A_FALL_WALK_F_T001.csv,4,3,FALL_WALK_F,FALL_WALK_F,1,within_subject_seed42_val0.2_test0.2_pretrained6,train,filename,True,pending_manual,False,,False,,,,,,,,0.19445,0.03591,0.09731,0.26513,0.32032,1.64729,0.18465,,,,,,False,2,True,rise_not_found,baseline_noise_high;baseline_mad_high,high,has_hard_review
onset_manifest_v1_2026-06-05,v1_auto_reviewed,E4_S03_A_FALL_WALK_F_T002.csv,4,3,FALL_WALK_F,FALL_WALK_F,2,within_subject_seed42_val0.2_test0.2_pretrained6,train,filename,True,pending_manual,False,,False,,,,195,,268,168,0.14574,0.00699,0.01535,0.1561,0.16393,1.12482,0.04799,1.16619,0.02194,0.57597,1.0,16,False,1,True,frame_mapping_failed;rise_in_beep_region;rise_too_early_original_lt_200,topk_spread_high,high,has_hard_review
onset_manifest_v1_2026-06-05,v1_auto_reviewed,E4_S03_A_FALL_WALK_F_T003.csv,4,3,FALL_WALK_F,FALL_WALK_F,3,within_subject_seed42_val0.2_test0.2_pretrained6,train,filename,True,auto_reviewed,True,,False,,206,106,206,106,302,202,0.16262,0.0092,0.01826,0.17171,0.17949,1.10376,0.05658,1.17616,0.05733,0.57149,14.0,2,False,0,False,,,high,has_hard_review
onset_manifest_v1_2026-06-05,v1_auto_reviewed,E4_S03_A_FALL_WALK_F_T004.csv,4,3,FALL_WALK_F,FALL_WALK_F,4,within_subject_seed42_val0.2_test0.2_pretrained6,test,filename,True,auto_reviewed,True,,False,,213,113,213,113,298,198,0.13805,0.01034,0.01981,0.14791,0.1556,1.12711,0.07492,1.24417,0.06475,0.58749,1.0,9,False,0,False,,,high,has_hard_review
onset_manifest_v1_2026-06-05,v1_auto_reviewed,E4_S03_A_FALL_WALK_F_T005.csv,4,3,FALL_WALK_F,FALL_WALK_F,5,within_subject_seed42_val0.2_test0.2_pretrained6,test,filename,True,pending_manual,False,,False,,,,198,,247,147,0.16313,0.01048,0.02129,0.17494,0.18355,1.12515,0.06426,1.25228,0.01657,0.63696,1.0,2,False,0,True,frame_mapping_failed;rise_in_beep_region;rise_too_early_original_lt_200,,high,has_hard_review
onset_manifest_v1_2026-06-05,v1_auto_reviewed,E4_S03_A_FALL_WALK_F_T006.csv,4,3,FALL_WALK_F,FALL_WALK_F,6,within_subject_seed42_val0.2_test0.2_pretrained6,val,filename,True,auto_reviewed,True,,False,,234,134,234,134,243,143,0.17284,0.01,0.01955,0.18116,0.18769,1.08589,0.05788,1.21103,0.03469,0.63609,2.0,3,False,0,False,,,normal,
onset_manifest_v1_2026-06-05,v1_auto_reviewed,E4_S03_A_FALL_WALK_F_T007.csv,4,3,FALL_WALK_F,FALL_WALK_F,7,within_subject_seed42_val0.2_test0.2_pretrained6,train,filename,True,pending_manual,False,,False,,,,193,,274,174,0.12911,0.00731,0.01466,0.13825,0.14443,1.11864,0.05661,1.23311,0.04884,0.61295,67.0,2,False,1,True,frame_mapping_failed;rise_in_beep_region;rise_too_early_original_lt_200,param_sensitivity_high,high,has_hard_review
onset_manifest_v1_2026-06-05,v1_auto_reviewed,E4_S03_A_FALL_WALK_F_T008.csv,4,3,FALL_WALK_F,FALL_WALK_F,8,within_subject_seed42_val0.2_test0.2_pretrained6,test,filename,True,auto_reviewed,True,,False,,254,154,254,154,266,166,0.13616,0.00836,0.0163,0.14378,0.15702,1.15319,0.06142,1.21553,0.14729,0.63727,30.0,2,False,0,False,,,normal,
onset_manifest_v1_2026-06-05,v1_auto_reviewed,E4_S03_A_FALL_WALK_F_T009.csv,4,3,FALL_WALK_F,FALL_WALK_F,9,within_subject_seed42_val0.2_test0.2_pretrained6,test,filename,True,pending_manual,False,,False,,,,190,,273,173,0.13163,0.0067,0.01299,0.13816,0.14403,1.09417,0.05088,1.22962,0.03583,0.54836,0.0,59,True,1,True,frame_mapping_failed;rise_in_beep_region;rise_too_early_original_lt_200,topk_spread_high,high,has_hard_review
onset_manifest_v1_2026-06-05,v1_auto_reviewed,E4_S03_A_FALL_WALK_F_T010.csv,4,3,FALL_WALK_F,FALL_WALK_F,10,within_subject_seed42_val0.2_test0.2_pretrained6,train,filename,True,pending_manual,False,,False,,,,,,,,0.17588,0.0148,0.02899,0.19131,0.20873,1.18674,0.08416,,,,,,False,1,True,rise_not_found,baseline_mad_high,high,has_hard_review
