filename,subtype,env,subject,split_assignment,onset_status,usable_for_fixed,usable_for_onset_aligned,exclude_scope,onset_frame_clean,crop_policy,crop_start_clean,crop_end_clean,generated,crop_exclude_reason,manifest_id
E1_S01_A_FALL_SIT_B_T001.csv,FALL_SIT_B,1,1,test,auto_reviewed,True,True,none,156,fixed,50,350,True,,onset_manifest_v2_2026-06-06
E1_S01_A_FALL_SIT_B_T001.csv,FALL_SIT_B,1,1,test,auto_reviewed,True,True,none,156,onset_primary,106,406,False,crop_out_of_bounds,onset_manifest_v2_2026-06-06
E1_S01_A_FALL_SIT_B_T001.csv,FALL_SIT_B,1,1,test,auto_reviewed,True,True,none,156,onset_reduced,56,356,True,,onset_manifest_v2_2026-06-06
E1_S01_A_FALL_SIT_B_T002.csv,FALL_SIT_B,1,1,train,onset_unusable,True,False,onset_aligned_only,,fixed,50,350,True,,onset_manifest_v2_2026-06-06
E1_S01_A_FALL_SIT_B_T002.csv,FALL_SIT_B,1,1,train,onset_unusable,True,False,onset_aligned_only,,onset_primary,,,False,not_usable_for_onset_aligned,onset_manifest_v2_2026-06-06
E1_S01_A_FALL_SIT_B_T002.csv,FALL_SIT_B,1,1,train,onset_unusable,True,False,onset_aligned_only,,onset_reduced,,,False,not_usable_for_onset_aligned,onset_manifest_v2_2026-06-06
E1_S01_A_FALL_SIT_B_T003.csv,FALL_SIT_B,1,1,test,auto_reviewed,True,True,none,104,fixed,50,350,True,,onset_manifest_v2_2026-06-06
E1_S01_A_FALL_SIT_B_T003.csv,FALL_SIT_B,1,1,test,auto_reviewed,True,True,none,104,onset_primary,54,354,True,,onset_manifest_v2_2026-06-06
E1_S01_A_FALL_SIT_B_T003.csv,FALL_SIT_B,1,1,test,auto_reviewed,True,True,none,104,onset_reduced,4,304,True,,onset_manifest_v2_2026-06-06
E1_S01_A_FALL_SIT_B_T004.csv,FALL_SIT_B,1,1,test,auto_reviewed,True,True,none,172,fixed,50,350,True,,onset_manifest_v2_2026-06-06
E1_S01_A_FALL_SIT_B_T004.csv,FALL_SIT_B,1,1,test,auto_reviewed,True,True,none,172,onset_primary,122,422,False,crop_out_of_bounds,onset_manifest_v2_2026-06-06
E1_S01_A_FALL_SIT_B_T004.csv,FALL_SIT_B,1,1,test,auto_reviewed,True,True,none,172,onset_reduced,72,372,True,,onset_manifest_v2_2026-06-06
E1_S01_A_FALL_SIT_B_T005.csv,FALL_SIT_B,1,1,val,manual_corrected,True,True,none,246,fixed,50,350,True,,onset_manifest_v2_2026-06-06
E1_S01_A_FALL_SIT_B_T005.csv,FALL_SIT_B,1,1,val,manual_corrected,True,True,none,246,onset_primary,196,496,False,crop_out_of_bounds,onset_manifest_v2_2026-06-06
E1_S01_A_FALL_SIT_B_T005.csv,FALL_SIT_B,1,1,val,manual_corrected,True,True,none,246,onset_reduced,146,446,False,crop_out_of_bounds,onset_manifest_v2_2026-06-06
E1_S01_A_FALL_SIT_B_T006.csv,FALL_SIT_B,1,1,train,onset_unusable,True,False,onset_aligned_only,,fixed,50,350,True,,onset_manifest_v2_2026-06-06
E1_S01_A_FALL_SIT_B_T006.csv,FALL_SIT_B,1,1,train,onset_unusable,True,False,onset_aligned_only,,onset_primary,,,False,not_usable_for_onset_aligned,onset_manifest_v2_2026-06-06
E1_S01_A_FALL_SIT_B_T006.csv,FALL_SIT_B,1,1,train,onset_unusable,True,False,onset_aligned_only,,onset_reduced,,,False,not_usable_for_onset_aligned,onset_manifest_v2_2026-06-06
E1_S01_A_FALL_SIT_B_T007.csv,FALL_SIT_B,1,1,train,auto_reviewed,True,True,none,171,fixed,50,350,True,,onset_manifest_v2_2026-06-06
E1_S01_A_FALL_SIT_B_T007.csv,FALL_SIT_B,1,1,train,auto_reviewed,True,True,none,171,onset_primary,121,421,False,crop_out_of_bounds,onset_manifest_v2_2026-06-06
E1_S01_A_FALL_SIT_B_T007.csv,FALL_SIT_B,1,1,train,auto_reviewed,True,True,none,171,onset_reduced,71,371,True,,onset_manifest_v2_2026-06-06
E1_S01_A_FALL_SIT_B_T008.csv,FALL_SIT_B,1,1,val,manual_corrected,True,True,none,250,fixed,50,350,True,,onset_manifest_v2_2026-06-06
E1_S01_A_FALL_SIT_B_T008.csv,FALL_SIT_B,1,1,val,manual_corrected,True,True,none,250,onset_primary,200,500,False,crop_out_of_bounds,onset_manifest_v2_2026-06-06
E1_S01_A_FALL_SIT_B_T008.csv,FALL_SIT_B,1,1,val,manual_corrected,True,True,none,250,onset_reduced,150,450,False,crop_out_of_bounds,onset_manifest_v2_2026-06-06
E1_S01_A_FALL_SIT_B_T009.csv,FALL_SIT_B,1,1,train,onset_unusable,True,False,onset_aligned_only,,fixed,50,350,True,,onset_manifest_v2_2026-06-06
E1_S01_A_FALL_SIT_B_T009.csv,FALL_SIT_B,1,1,train,onset_unusable,True,False,onset_aligned_only,,onset_primary,,,False,not_usable_for_onset_aligned,onset_manifest_v2_2026-06-06
E1_S01_A_FALL_SIT_B_T009.csv,FALL_SIT_B,1,1,train,onset_unusable,True,False,onset_aligned_only,,onset_reduced,,,False,not_usable_for_onset_aligned,onset_manifest_v2_2026-06-06
E1_S01_A_FALL_SIT_B_T010.csv,FALL_SIT_B,1,1,train,onset_unusable,True,False,onset_aligned_only,,fixed,50,350,True,,onset_manifest_v2_2026-06-06
E1_S01_A_FALL_SIT_B_T010.csv,FALL_SIT_B,1,1,train,onset_unusable,True,False,onset_aligned_only,,onset_primary,,,False,not_usable_for_onset_aligned,onset_manifest_v2_2026-06-06
E1_S01_A_FALL_SIT_B_T010.csv,FALL_SIT_B,1,1,train,onset_unusable,True,False,onset_aligned_only,,onset_reduced,,,False,not_usable_for_onset_aligned,onset_manifest_v2_2026-06-06
E1_S01_A_FALL_SIT_F_T001.csv,FALL_SIT_F,1,1,train,auto_reviewed,True,True,none,158,fixed,50,350,True,,onset_manifest_v2_2026-06-06
E1_S01_A_FALL_SIT_F_T001.csv,FALL_SIT_F,1,1,train,auto_reviewed,True,True,none,158,onset_primary,108,408,False,crop_out_of_bounds,onset_manifest_v2_2026-06-06
E1_S01_A_FALL_SIT_F_T001.csv,FALL_SIT_F,1,1,train,auto_reviewed,True,True,none,158,onset_reduced,58,358,True,,onset_manifest_v2_2026-06-06
E1_S01_A_FALL_SIT_F_T002.csv,FALL_SIT_F,1,1,train,auto_reviewed,True,True,none,108,fixed,50,350,True,,onset_manifest_v2_2026-06-06
E1_S01_A_FALL_SIT_F_T002.csv,FALL_SIT_F,1,1,train,auto_reviewed,True,True,none,108,onset_primary,58,358,True,,onset_manifest_v2_2026-06-06
E1_S01_A_FALL_SIT_F_T002.csv,FALL_SIT_F,1,1,train,auto_reviewed,True,True,none,108,onset_reduced,8,308,True,,onset_manifest_v2_2026-06-06
E1_S01_A_FALL_SIT_F_T003.csv,FALL_SIT_F,1,1,train,auto_reviewed,True,True,none,132,fixed,50,350,True,,onset_manifest_v2_2026-06-06
E1_S01_A_FALL_SIT_F_T003.csv,FALL_SIT_F,1,1,train,auto_reviewed,True,True,none,132,onset_primary,82,382,True,,onset_manifest_v2_2026-06-06
E1_S01_A_FALL_SIT_F_T003.csv,FALL_SIT_F,1,1,train,auto_reviewed,True,True,none,132,onset_reduced,32,332,True,,onset_manifest_v2_2026-06-06
E1_S01_A_FALL_SIT_F_T004.csv,FALL_SIT_F,1,1,train,manual_corrected,True,True,none,144,fixed,50,350,True,,onset_manifest_v2_2026-06-06
E1_S01_A_FALL_SIT_F_T004.csv,FALL_SIT_F,1,1,train,manual_corrected,True,True,none,144,onset_primary,94,394,True,,onset_manifest_v2_2026-06-06
E1_S01_A_FALL_SIT_F_T004.csv,FALL_SIT_F,1,1,train,manual_corrected,True,True,none,144,onset_reduced,44,344,True,,onset_manifest_v2_2026-06-06
E1_S01_A_FALL_SIT_F_T005.csv,FALL_SIT_F,1,1,train,auto_reviewed,True,True,none,124,fixed,50,350,True,,onset_manifest_v2_2026-06-06
E1_S01_A_FALL_SIT_F_T005.csv,FALL_SIT_F,1,1,train,auto_reviewed,True,True,none,124,onset_primary,74,374,True,,onset_manifest_v2_2026-06-06
E1_S01_A_FALL_SIT_F_T005.csv,FALL_SIT_F,1,1,train,auto_reviewed,True,True,none,124,onset_reduced,24,324,True,,onset_manifest_v2_2026-06-06
E1_S01_A_FALL_SIT_F_T006.csv,FALL_SIT_F,1,1,train,onset_unusable,True,False,onset_aligned_only,,fixed,50,350,True,,onset_manifest_v2_2026-06-06
E1_S01_A_FALL_SIT_F_T006.csv,FALL_SIT_F,1,1,train,onset_unusable,True,False,onset_aligned_only,,onset_primary,,,False,not_usable_for_onset_aligned,onset_manifest_v2_2026-06-06
E1_S01_A_FALL_SIT_F_T006.csv,FALL_SIT_F,1,1,train,onset_unusable,True,False,onset_aligned_only,,onset_reduced,,,False,not_usable_for_onset_aligned,onset_manifest_v2_2026-06-06
E1_S01_A_FALL_SIT_F_T007.csv,FALL_SIT_F,1,1,train,auto_reviewed,True,True,none,108,fixed,50,350,True,,onset_manifest_v2_2026-06-06
E1_S01_A_FALL_SIT_F_T007.csv,FALL_SIT_F,1,1,train,auto_reviewed,True,True,none,108,onset_primary,58,358,True,,onset_manifest_v2_2026-06-06
E1_S01_A_FALL_SIT_F_T007.csv,FALL_SIT_F,1,1,train,auto_reviewed,True,True,none,108,onset_reduced,8,308,True,,onset_manifest_v2_2026-06-06
E1_S01_A_FALL_SIT_F_T008.csv,FALL_SIT_F,1,1,train,auto_reviewed,True,True,none,126,fixed,50,350,True,,onset_manifest_v2_2026-06-06
E1_S01_A_FALL_SIT_F_T008.csv,FALL_SIT_F,1,1,train,auto_reviewed,True,True,none,126,onset_primary,76,376,True,,onset_manifest_v2_2026-06-06
E1_S01_A_FALL_SIT_F_T008.csv,FALL_SIT_F,1,1,train,auto_reviewed,True,True,none,126,onset_reduced,26,326,True,,onset_manifest_v2_2026-06-06
E1_S01_A_FALL_SIT_F_T009.csv,FALL_SIT_F,1,1,test,auto_reviewed,True,True,none,104,fixed,50,350,True,,onset_manifest_v2_2026-06-06
E1_S01_A_FALL_SIT_F_T009.csv,FALL_SIT_F,1,1,test,auto_reviewed,True,True,none,104,onset_primary,54,354,True,,onset_manifest_v2_2026-06-06
E1_S01_A_FALL_SIT_F_T009.csv,FALL_SIT_F,1,1,test,auto_reviewed,True,True,none,104,onset_reduced,4,304,True,,onset_manifest_v2_2026-06-06
E1_S01_A_FALL_SIT_F_T010.csv,FALL_SIT_F,1,1,train,auto_reviewed,True,True,none,124,fixed,50,350,True,,onset_manifest_v2_2026-06-06
E1_S01_A_FALL_SIT_F_T010.csv,FALL_SIT_F,1,1,train,auto_reviewed,True,True,none,124,onset_primary,74,374,True,,onset_manifest_v2_2026-06-06
E1_S01_A_FALL_SIT_F_T010.csv,FALL_SIT_F,1,1,train,auto_reviewed,True,True,none,124,onset_reduced,24,324,True,,onset_manifest_v2_2026-06-06
E1_S01_A_FALL_STD_B_T001.csv,FALL_STD_B,1,1,test,auto_reviewed,True,True,none,144,fixed,50,350,True,,onset_manifest_v2_2026-06-06
E1_S01_A_FALL_STD_B_T001.csv,FALL_STD_B,1,1,test,auto_reviewed,True,True,none,144,onset_primary,94,394,True,,onset_manifest_v2_2026-06-06
E1_S01_A_FALL_STD_B_T001.csv,FALL_STD_B,1,1,test,auto_reviewed,True,True,none,144,onset_reduced,44,344,True,,onset_manifest_v2_2026-06-06
E1_S01_A_FALL_STD_B_T002.csv,FALL_STD_B,1,1,val,auto_reviewed,True,True,none,229,fixed,50,350,True,,onset_manifest_v2_2026-06-06
E1_S01_A_FALL_STD_B_T002.csv,FALL_STD_B,1,1,val,auto_reviewed,True,True,none,229,onset_primary,179,479,False,crop_out_of_bounds,onset_manifest_v2_2026-06-06
E1_S01_A_FALL_STD_B_T002.csv,FALL_STD_B,1,1,val,auto_reviewed,True,True,none,229,onset_reduced,129,429,False,crop_out_of_bounds,onset_manifest_v2_2026-06-06
E1_S01_A_FALL_STD_B_T003.csv,FALL_STD_B,1,1,train,auto_reviewed,True,True,none,147,fixed,50,350,True,,onset_manifest_v2_2026-06-06
E1_S01_A_FALL_STD_B_T003.csv,FALL_STD_B,1,1,train,auto_reviewed,True,True,none,147,onset_primary,97,397,True,,onset_manifest_v2_2026-06-06
E1_S01_A_FALL_STD_B_T003.csv,FALL_STD_B,1,1,train,auto_reviewed,True,True,none,147,onset_reduced,47,347,True,,onset_manifest_v2_2026-06-06
E1_S01_A_FALL_STD_B_T004.csv,FALL_STD_B,1,1,train,auto_reviewed,True,True,none,229,fixed,50,350,True,,onset_manifest_v2_2026-06-06
E1_S01_A_FALL_STD_B_T004.csv,FALL_STD_B,1,1,train,auto_reviewed,True,True,none,229,onset_primary,179,479,False,crop_out_of_bounds,onset_manifest_v2_2026-06-06
E1_S01_A_FALL_STD_B_T004.csv,FALL_STD_B,1,1,train,auto_reviewed,True,True,none,229,onset_reduced,129,429,False,crop_out_of_bounds,onset_manifest_v2_2026-06-06
E1_S01_A_FALL_STD_B_T005.csv,FALL_STD_B,1,1,test,auto_reviewed,True,True,none,147,fixed,50,350,True,,onset_manifest_v2_2026-06-06
E1_S01_A_FALL_STD_B_T005.csv,FALL_STD_B,1,1,test,auto_reviewed,True,True,none,147,onset_primary,97,397,True,,onset_manifest_v2_2026-06-06
E1_S01_A_FALL_STD_B_T005.csv,FALL_STD_B,1,1,test,auto_reviewed,True,True,none,147,onset_reduced,47,347,True,,onset_manifest_v2_2026-06-06
E1_S01_A_FALL_STD_B_T006.csv,FALL_STD_B,1,1,test,auto_reviewed,True,True,none,229,fixed,50,350,True,,onset_manifest_v2_2026-06-06
E1_S01_A_FALL_STD_B_T006.csv,FALL_STD_B,1,1,test,auto_reviewed,True,True,none,229,onset_primary,179,479,False,crop_out_of_bounds,onset_manifest_v2_2026-06-06
E1_S01_A_FALL_STD_B_T006.csv,FALL_STD_B,1,1,test,auto_reviewed,True,True,none,229,onset_reduced,129,429,False,crop_out_of_bounds,onset_manifest_v2_2026-06-06
E1_S01_A_FALL_STD_B_T007.csv,FALL_STD_B,1,1,train,auto_reviewed,True,True,none,144,fixed,50,350,True,,onset_manifest_v2_2026-06-06
E1_S01_A_FALL_STD_B_T007.csv,FALL_STD_B,1,1,train,auto_reviewed,True,True,none,144,onset_primary,94,394,True,,onset_manifest_v2_2026-06-06
E1_S01_A_FALL_STD_B_T007.csv,FALL_STD_B,1,1,train,auto_reviewed,True,True,none,144,onset_reduced,44,344,True,,onset_manifest_v2_2026-06-06
E1_S01_A_FALL_STD_B_T008.csv,FALL_STD_B,1,1,val,manual_corrected,True,True,none,221,fixed,50,350,True,,onset_manifest_v2_2026-06-06
E1_S01_A_FALL_STD_B_T008.csv,FALL_STD_B,1,1,val,manual_corrected,True,True,none,221,onset_primary,171,471,False,crop_out_of_bounds,onset_manifest_v2_2026-06-06
E1_S01_A_FALL_STD_B_T008.csv,FALL_STD_B,1,1,val,manual_corrected,True,True,none,221,onset_reduced,121,421,False,crop_out_of_bounds,onset_manifest_v2_2026-06-06
E1_S01_A_FALL_STD_B_T009.csv,FALL_STD_B,1,1,val,auto_reviewed,True,True,none,147,fixed,50,350,True,,onset_manifest_v2_2026-06-06
E1_S01_A_FALL_STD_B_T009.csv,FALL_STD_B,1,1,val,auto_reviewed,True,True,none,147,onset_primary,97,397,True,,onset_manifest_v2_2026-06-06
E1_S01_A_FALL_STD_B_T009.csv,FALL_STD_B,1,1,val,auto_reviewed,True,True,none,147,onset_reduced,47,347,True,,onset_manifest_v2_2026-06-06
E1_S01_A_FALL_STD_B_T010.csv,FALL_STD_B,1,1,train,auto_reviewed,True,True,none,229,fixed,50,350,True,,onset_manifest_v2_2026-06-06
E1_S01_A_FALL_STD_B_T010.csv,FALL_STD_B,1,1,train,auto_reviewed,True,True,none,229,onset_primary,179,479,False,crop_out_of_bounds,onset_manifest_v2_2026-06-06
E1_S01_A_FALL_STD_B_T010.csv,FALL_STD_B,1,1,train,auto_reviewed,True,True,none,229,onset_reduced,129,429,False,crop_out_of_bounds,onset_manifest_v2_2026-06-06
E1_S01_A_FALL_STD_F_T001.csv,FALL_STD_F,1,1,train,manual_corrected,True,True,none,206,fixed,50,350,True,,onset_manifest_v2_2026-06-06
E1_S01_A_FALL_STD_F_T001.csv,FALL_STD_F,1,1,train,manual_corrected,True,True,none,206,onset_primary,156,456,False,crop_out_of_bounds,onset_manifest_v2_2026-06-06
E1_S01_A_FALL_STD_F_T001.csv,FALL_STD_F,1,1,train,manual_corrected,True,True,none,206,onset_reduced,106,406,False,crop_out_of_bounds,onset_manifest_v2_2026-06-06
E1_S01_A_FALL_STD_F_T002.csv,FALL_STD_F,1,1,train,auto_reviewed,True,True,none,157,fixed,50,350,True,,onset_manifest_v2_2026-06-06
E1_S01_A_FALL_STD_F_T002.csv,FALL_STD_F,1,1,train,auto_reviewed,True,True,none,157,onset_primary,107,407,False,crop_out_of_bounds,onset_manifest_v2_2026-06-06
E1_S01_A_FALL_STD_F_T002.csv,FALL_STD_F,1,1,train,auto_reviewed,True,True,none,157,onset_reduced,57,357,True,,onset_manifest_v2_2026-06-06
E1_S01_A_FALL_STD_F_T003.csv,FALL_STD_F,1,1,train,onset_unusable,True,False,onset_aligned_only,,fixed,50,350,True,,onset_manifest_v2_2026-06-06
E1_S01_A_FALL_STD_F_T003.csv,FALL_STD_F,1,1,train,onset_unusable,True,False,onset_aligned_only,,onset_primary,,,False,not_usable_for_onset_aligned,onset_manifest_v2_2026-06-06
E1_S01_A_FALL_STD_F_T003.csv,FALL_STD_F,1,1,train,onset_unusable,True,False,onset_aligned_only,,onset_reduced,,,False,not_usable_for_onset_aligned,onset_manifest_v2_2026-06-06
E1_S01_A_FALL_STD_F_T004.csv,FALL_STD_F,1,1,val,auto_reviewed,True,True,none,157,fixed,50,350,True,,onset_manifest_v2_2026-06-06
E1_S01_A_FALL_STD_F_T004.csv,FALL_STD_F,1,1,val,auto_reviewed,True,True,none,157,onset_primary,107,407,False,crop_out_of_bounds,onset_manifest_v2_2026-06-06
E1_S01_A_FALL_STD_F_T004.csv,FALL_STD_F,1,1,val,auto_reviewed,True,True,none,157,onset_reduced,57,357,True,,onset_manifest_v2_2026-06-06
E1_S01_A_FALL_STD_F_T005.csv,FALL_STD_F,1,1,train,onset_unusable,True,False,onset_aligned_only,,fixed,50,350,True,,onset_manifest_v2_2026-06-06
E1_S01_A_FALL_STD_F_T005.csv,FALL_STD_F,1,1,train,onset_unusable,True,False,onset_aligned_only,,onset_primary,,,False,not_usable_for_onset_aligned,onset_manifest_v2_2026-06-06
E1_S01_A_FALL_STD_F_T005.csv,FALL_STD_F,1,1,train,onset_unusable,True,False,onset_aligned_only,,onset_reduced,,,False,not_usable_for_onset_aligned,onset_manifest_v2_2026-06-06
E1_S01_A_FALL_STD_F_T006.csv,FALL_STD_F,1,1,train,auto_reviewed,True,True,none,160,fixed,50,350,True,,onset_manifest_v2_2026-06-06
E1_S01_A_FALL_STD_F_T006.csv,FALL_STD_F,1,1,train,auto_reviewed,True,True,none,160,onset_primary,110,410,False,crop_out_of_bounds,onset_manifest_v2_2026-06-06
E1_S01_A_FALL_STD_F_T006.csv,FALL_STD_F,1,1,train,auto_reviewed,True,True,none,160,onset_reduced,60,360,True,,onset_manifest_v2_2026-06-06
E1_S01_A_FALL_STD_F_T007.csv,FALL_STD_F,1,1,train,manual_corrected,True,True,none,207,fixed,50,350,True,,onset_manifest_v2_2026-06-06
E1_S01_A_FALL_STD_F_T007.csv,FALL_STD_F,1,1,train,manual_corrected,True,True,none,207,onset_primary,157,457,False,crop_out_of_bounds,onset_manifest_v2_2026-06-06
E1_S01_A_FALL_STD_F_T007.csv,FALL_STD_F,1,1,train,manual_corrected,True,True,none,207,onset_reduced,107,407,False,crop_out_of_bounds,onset_manifest_v2_2026-06-06
E1_S01_A_FALL_STD_F_T008.csv,FALL_STD_F,1,1,test,auto_reviewed,True,True,none,154,fixed,50,350,True,,onset_manifest_v2_2026-06-06
E1_S01_A_FALL_STD_F_T008.csv,FALL_STD_F,1,1,test,auto_reviewed,True,True,none,154,onset_primary,104,404,False,crop_out_of_bounds,onset_manifest_v2_2026-06-06
E1_S01_A_FALL_STD_F_T008.csv,FALL_STD_F,1,1,test,auto_reviewed,True,True,none,154,onset_reduced,54,354,True,,onset_manifest_v2_2026-06-06
E1_S01_A_FALL_STD_F_T009.csv,FALL_STD_F,1,1,val,onset_unusable,True,False,onset_aligned_only,,fixed,50,350,True,,onset_manifest_v2_2026-06-06
E1_S01_A_FALL_STD_F_T009.csv,FALL_STD_F,1,1,val,onset_unusable,True,False,onset_aligned_only,,onset_primary,,,False,not_usable_for_onset_aligned,onset_manifest_v2_2026-06-06
E1_S01_A_FALL_STD_F_T009.csv,FALL_STD_F,1,1,val,onset_unusable,True,False,onset_aligned_only,,onset_reduced,,,False,not_usable_for_onset_aligned,onset_manifest_v2_2026-06-06
E1_S01_A_FALL_STD_F_T010.csv,FALL_STD_F,1,1,train,auto_reviewed,True,True,none,157,fixed,50,350,True,,onset_manifest_v2_2026-06-06
E1_S01_A_FALL_STD_F_T010.csv,FALL_STD_F,1,1,train,auto_reviewed,True,True,none,157,onset_primary,107,407,False,crop_out_of_bounds,onset_manifest_v2_2026-06-06
E1_S01_A_FALL_STD_F_T010.csv,FALL_STD_F,1,1,train,auto_reviewed,True,True,none,157,onset_reduced,57,357,True,,onset_manifest_v2_2026-06-06
E1_S01_A_FALL_WALK_B_T001.csv,FALL_WALK_B,1,1,train,auto_reviewed,True,True,none,100,fixed,50,350,True,,onset_manifest_v2_2026-06-06
E1_S01_A_FALL_WALK_B_T001.csv,FALL_WALK_B,1,1,train,auto_reviewed,True,True,none,100,onset_primary,50,350,True,,onset_manifest_v2_2026-06-06
E1_S01_A_FALL_WALK_B_T001.csv,FALL_WALK_B,1,1,train,auto_reviewed,True,True,none,100,onset_reduced,0,300,True,,onset_manifest_v2_2026-06-06
E1_S01_A_FALL_WALK_B_T002.csv,FALL_WALK_B,1,1,train,auto_reviewed,True,True,none,122,fixed,50,350,True,,onset_manifest_v2_2026-06-06
E1_S01_A_FALL_WALK_B_T002.csv,FALL_WALK_B,1,1,train,auto_reviewed,True,True,none,122,onset_primary,72,372,True,,onset_manifest_v2_2026-06-06
E1_S01_A_FALL_WALK_B_T002.csv,FALL_WALK_B,1,1,train,auto_reviewed,True,True,none,122,onset_reduced,22,322,True,,onset_manifest_v2_2026-06-06
E1_S01_A_FALL_WALK_B_T003.csv,FALL_WALK_B,1,1,train,manual_corrected,True,True,none,177,fixed,50,350,True,,onset_manifest_v2_2026-06-06
E1_S01_A_FALL_WALK_B_T003.csv,FALL_WALK_B,1,1,train,manual_corrected,True,True,none,177,onset_primary,127,427,False,crop_out_of_bounds,onset_manifest_v2_2026-06-06
E1_S01_A_FALL_WALK_B_T003.csv,FALL_WALK_B,1,1,train,manual_corrected,True,True,none,177,onset_reduced,77,377,True,,onset_manifest_v2_2026-06-06
E1_S01_A_FALL_WALK_B_T004.csv,FALL_WALK_B,1,1,train,auto_reviewed,True,True,none,122,fixed,50,350,True,,onset_manifest_v2_2026-06-06
E1_S01_A_FALL_WALK_B_T004.csv,FALL_WALK_B,1,1,train,auto_reviewed,True,True,none,122,onset_primary,72,372,True,,onset_manifest_v2_2026-06-06
E1_S01_A_FALL_WALK_B_T004.csv,FALL_WALK_B,1,1,train,auto_reviewed,True,True,none,122,onset_reduced,22,322,True,,onset_manifest_v2_2026-06-06
E1_S01_A_FALL_WALK_B_T005.csv,FALL_WALK_B,1,1,train,manual_corrected,True,True,none,176,fixed,50,350,True,,onset_manifest_v2_2026-06-06
E1_S01_A_FALL_WALK_B_T005.csv,FALL_WALK_B,1,1,train,manual_corrected,True,True,none,176,onset_primary,126,426,False,crop_out_of_bounds,onset_manifest_v2_2026-06-06
E1_S01_A_FALL_WALK_B_T005.csv,FALL_WALK_B,1,1,train,manual_corrected,True,True,none,176,onset_reduced,76,376,True,,onset_manifest_v2_2026-06-06
E1_S01_A_FALL_WALK_B_T006.csv,FALL_WALK_B,1,1,test,auto_reviewed,True,True,none,120,fixed,50,350,True,,onset_manifest_v2_2026-06-06
E1_S01_A_FALL_WALK_B_T006.csv,FALL_WALK_B,1,1,test,auto_reviewed,True,True,none,120,onset_primary,70,370,True,,onset_manifest_v2_2026-06-06
E1_S01_A_FALL_WALK_B_T006.csv,FALL_WALK_B,1,1,test,auto_reviewed,True,True,none,120,onset_reduced,20,320,True,,onset_manifest_v2_2026-06-06
E1_S01_A_FALL_WALK_B_T007.csv,FALL_WALK_B,1,1,test,auto_reviewed,True,True,none,100,fixed,50,350,True,,onset_manifest_v2_2026-06-06
E1_S01_A_FALL_WALK_B_T007.csv,FALL_WALK_B,1,1,test,auto_reviewed,True,True,none,100,onset_primary,50,350,True,,onset_manifest_v2_2026-06-06
E1_S01_A_FALL_WALK_B_T007.csv,FALL_WALK_B,1,1,test,auto_reviewed,True,True,none,100,onset_reduced,0,300,True,,onset_manifest_v2_2026-06-06
E1_S01_A_FALL_WALK_B_T008.csv,FALL_WALK_B,1,1,train,auto_reviewed,True,True,none,122,fixed,50,350,True,,onset_manifest_v2_2026-06-06
E1_S01_A_FALL_WALK_B_T008.csv,FALL_WALK_B,1,1,train,auto_reviewed,True,True,none,122,onset_primary,72,372,True,,onset_manifest_v2_2026-06-06
E1_S01_A_FALL_WALK_B_T008.csv,FALL_WALK_B,1,1,train,auto_reviewed,True,True,none,122,onset_reduced,22,322,True,,onset_manifest_v2_2026-06-06
E1_S01_A_FALL_WALK_B_T009.csv,FALL_WALK_B,1,1,train,auto_reviewed,True,True,none,177,fixed,50,350,True,,onset_manifest_v2_2026-06-06
E1_S01_A_FALL_WALK_B_T009.csv,FALL_WALK_B,1,1,train,auto_reviewed,True,True,none,177,onset_primary,127,427,False,crop_out_of_bounds,onset_manifest_v2_2026-06-06
E1_S01_A_FALL_WALK_B_T009.csv,FALL_WALK_B,1,1,train,auto_reviewed,True,True,none,177,onset_reduced,77,377,True,,onset_manifest_v2_2026-06-06
E1_S01_A_FALL_WALK_B_T010.csv,FALL_WALK_B,1,1,train,auto_reviewed,True,True,none,122,fixed,50,350,True,,onset_manifest_v2_2026-06-06
E1_S01_A_FALL_WALK_B_T010.csv,FALL_WALK_B,1,1,train,auto_reviewed,True,True,none,122,onset_primary,72,372,True,,onset_manifest_v2_2026-06-06
E1_S01_A_FALL_WALK_B_T010.csv,FALL_WALK_B,1,1,train,auto_reviewed,True,True,none,122,onset_reduced,22,322,True,,onset_manifest_v2_2026-06-06
E1_S01_A_FALL_WALK_F_T001.csv,FALL_WALK_F,1,1,val,auto_reviewed,True,True,none,154,fixed,50,350,True,,onset_manifest_v2_2026-06-06
E1_S01_A_FALL_WALK_F_T001.csv,FALL_WALK_F,1,1,val,auto_reviewed,True,True,none,154,onset_primary,104,404,False,crop_out_of_bounds,onset_manifest_v2_2026-06-06
E1_S01_A_FALL_WALK_F_T001.csv,FALL_WALK_F,1,1,val,auto_reviewed,True,True,none,154,onset_reduced,54,354,True,,onset_manifest_v2_2026-06-06
E1_S01_A_FALL_WALK_F_T002.csv,FALL_WALK_F,1,1,val,manual_corrected,True,True,none,33,fixed,50,350,True,,onset_manifest_v2_2026-06-06
E1_S01_A_FALL_WALK_F_T002.csv,FALL_WALK_F,1,1,val,manual_corrected,True,True,none,33,onset_primary,-17,283,False,crop_out_of_bounds,onset_manifest_v2_2026-06-06
E1_S01_A_FALL_WALK_F_T002.csv,FALL_WALK_F,1,1,val,manual_corrected,True,True,none,33,onset_reduced,-67,233,False,crop_out_of_bounds,onset_manifest_v2_2026-06-06
E1_S01_A_FALL_WALK_F_T003.csv,FALL_WALK_F,1,1,val,auto_reviewed,True,True,none,150,fixed,50,350,True,,onset_manifest_v2_2026-06-06
E1_S01_A_FALL_WALK_F_T003.csv,FALL_WALK_F,1,1,val,auto_reviewed,True,True,none,150,onset_primary,100,400,True,,onset_manifest_v2_2026-06-06
E1_S01_A_FALL_WALK_F_T003.csv,FALL_WALK_F,1,1,val,auto_reviewed,True,True,none,150,onset_reduced,50,350,True,,onset_manifest_v2_2026-06-06
E1_S01_A_FALL_WALK_F_T004.csv,FALL_WALK_F,1,1,train,manual_corrected,True,True,none,32,fixed,50,350,True,,onset_manifest_v2_2026-06-06
E1_S01_A_FALL_WALK_F_T004.csv,FALL_WALK_F,1,1,train,manual_corrected,True,True,none,32,onset_primary,-18,282,False,crop_out_of_bounds,onset_manifest_v2_2026-06-06
E1_S01_A_FALL_WALK_F_T004.csv,FALL_WALK_F,1,1,train,manual_corrected,True,True,none,32,onset_reduced,-68,232,False,crop_out_of_bounds,onset_manifest_v2_2026-06-06
E1_S01_A_FALL_WALK_F_T005.csv,FALL_WALK_F,1,1,train,manual_corrected,True,True,none,150,fixed,50,350,True,,onset_manifest_v2_2026-06-06
E1_S01_A_FALL_WALK_F_T005.csv,FALL_WALK_F,1,1,train,manual_corrected,True,True,none,150,onset_primary,100,400,True,,onset_manifest_v2_2026-06-06
E1_S01_A_FALL_WALK_F_T005.csv,FALL_WALK_F,1,1,train,manual_corrected,True,True,none,150,onset_reduced,50,350,True,,onset_manifest_v2_2026-06-06
E1_S01_A_FALL_WALK_F_T006.csv,FALL_WALK_F,1,1,test,pending_manual,True,False,none,,fixed,50,350,True,,onset_manifest_v2_2026-06-06
E1_S01_A_FALL_WALK_F_T006.csv,FALL_WALK_F,1,1,test,pending_manual,True,False,none,,onset_primary,,,False,not_usable_for_onset_aligned,onset_manifest_v2_2026-06-06
E1_S01_A_FALL_WALK_F_T006.csv,FALL_WALK_F,1,1,test,pending_manual,True,False,none,,onset_reduced,,,False,not_usable_for_onset_aligned,onset_manifest_v2_2026-06-06
E1_S01_A_FALL_WALK_F_T007.csv,FALL_WALK_F,1,1,test,auto_reviewed,True,True,none,154,fixed,50,350,True,,onset_manifest_v2_2026-06-06
E1_S01_A_FALL_WALK_F_T007.csv,FALL_WALK_F,1,1,test,auto_reviewed,True,True,none,154,onset_primary,104,404,False,crop_out_of_bounds,onset_manifest_v2_2026-06-06
E1_S01_A_FALL_WALK_F_T007.csv,FALL_WALK_F,1,1,test,auto_reviewed,True,True,none,154,onset_reduced,54,354,True,,onset_manifest_v2_2026-06-06
E1_S01_A_FALL_WALK_F_T008.csv,FALL_WALK_F,1,1,train,auto_reviewed,True,True,none,176,fixed,50,350,True,,onset_manifest_v2_2026-06-06
E1_S01_A_FALL_WALK_F_T008.csv,FALL_WALK_F,1,1,train,auto_reviewed,True,True,none,176,onset_primary,126,426,False,crop_out_of_bounds,onset_manifest_v2_2026-06-06
E1_S01_A_FALL_WALK_F_T008.csv,FALL_WALK_F,1,1,train,auto_reviewed,True,True,none,176,onset_reduced,76,376,True,,onset_manifest_v2_2026-06-06
E1_S01_A_FALL_WALK_F_T009.csv,FALL_WALK_F,1,1,train,auto_reviewed,True,True,none,153,fixed,50,350,True,,onset_manifest_v2_2026-06-06
E1_S01_A_FALL_WALK_F_T009.csv,FALL_WALK_F,1,1,train,auto_reviewed,True,True,none,153,onset_primary,103,403,False,crop_out_of_bounds,onset_manifest_v2_2026-06-06
E1_S01_A_FALL_WALK_F_T009.csv,FALL_WALK_F,1,1,train,auto_reviewed,True,True,none,153,onset_reduced,53,353,True,,onset_manifest_v2_2026-06-06
E1_S01_A_FALL_WALK_F_T010.csv,FALL_WALK_F,1,1,val,manual_corrected,True,True,none,33,fixed,50,350,True,,onset_manifest_v2_2026-06-06
E1_S01_A_FALL_WALK_F_T010.csv,FALL_WALK_F,1,1,val,manual_corrected,True,True,none,33,onset_primary,-17,283,False,crop_out_of_bounds,onset_manifest_v2_2026-06-06
E1_S01_A_FALL_WALK_F_T010.csv,FALL_WALK_F,1,1,val,manual_corrected,True,True,none,33,onset_reduced,-67,233,False,crop_out_of_bounds,onset_manifest_v2_2026-06-06
E2_S02_A_FALL_SIT_B_T001.csv,FALL_SIT_B,2,2,val,auto_reviewed,True,True,none,179,fixed,50,350,True,,onset_manifest_v2_2026-06-06
E2_S02_A_FALL_SIT_B_T001.csv,FALL_SIT_B,2,2,val,auto_reviewed,True,True,none,179,onset_primary,129,429,False,crop_out_of_bounds,onset_manifest_v2_2026-06-06
E2_S02_A_FALL_SIT_B_T001.csv,FALL_SIT_B,2,2,val,auto_reviewed,True,True,none,179,onset_reduced,79,379,True,,onset_manifest_v2_2026-06-06
E2_S02_A_FALL_SIT_B_T002.csv,FALL_SIT_B,2,2,train,onset_unusable,True,False,onset_aligned_only,,fixed,50,350,True,,onset_manifest_v2_2026-06-06
E2_S02_A_FALL_SIT_B_T002.csv,FALL_SIT_B,2,2,train,onset_unusable,True,False,onset_aligned_only,,onset_primary,,,False,not_usable_for_onset_aligned,onset_manifest_v2_2026-06-06
E2_S02_A_FALL_SIT_B_T002.csv,FALL_SIT_B,2,2,train,onset_unusable,True,False,onset_aligned_only,,onset_reduced,,,False,not_usable_for_onset_aligned,onset_manifest_v2_2026-06-06
E2_S02_A_FALL_SIT_B_T003.csv,FALL_SIT_B,2,2,train,auto_reviewed,True,True,none,109,fixed,50,350,True,,onset_manifest_v2_2026-06-06
E2_S02_A_FALL_SIT_B_T003.csv,FALL_SIT_B,2,2,train,auto_reviewed,True,True,none,109,onset_primary,59,359,True,,onset_manifest_v2_2026-06-06
E2_S02_A_FALL_SIT_B_T003.csv,FALL_SIT_B,2,2,train,auto_reviewed,True,True,none,109,onset_reduced,9,309,True,,onset_manifest_v2_2026-06-06
E2_S02_A_FALL_SIT_B_T004.csv,FALL_SIT_B,2,2,val,auto_reviewed,True,True,none,101,fixed,50,350,True,,onset_manifest_v2_2026-06-06
E2_S02_A_FALL_SIT_B_T004.csv,FALL_SIT_B,2,2,val,auto_reviewed,True,True,none,101,onset_primary,51,351,True,,onset_manifest_v2_2026-06-06
E2_S02_A_FALL_SIT_B_T004.csv,FALL_SIT_B,2,2,val,auto_reviewed,True,True,none,101,onset_reduced,1,301,True,,onset_manifest_v2_2026-06-06
E2_S02_A_FALL_SIT_B_T005.csv,FALL_SIT_B,2,2,train,auto_reviewed,True,True,none,105,fixed,50,350,True,,onset_manifest_v2_2026-06-06
E2_S02_A_FALL_SIT_B_T005.csv,FALL_SIT_B,2,2,train,auto_reviewed,True,True,none,105,onset_primary,55,355,True,,onset_manifest_v2_2026-06-06
E2_S02_A_FALL_SIT_B_T005.csv,FALL_SIT_B,2,2,train,auto_reviewed,True,True,none,105,onset_reduced,5,305,True,,onset_manifest_v2_2026-06-06
E2_S02_A_FALL_SIT_B_T006.csv,FALL_SIT_B,2,2,train,auto_reviewed,True,True,none,101,fixed,50,350,True,,onset_manifest_v2_2026-06-06
E2_S02_A_FALL_SIT_B_T006.csv,FALL_SIT_B,2,2,train,auto_reviewed,True,True,none,101,onset_primary,51,351,True,,onset_manifest_v2_2026-06-06
E2_S02_A_FALL_SIT_B_T006.csv,FALL_SIT_B,2,2,train,auto_reviewed,True,True,none,101,onset_reduced,1,301,True,,onset_manifest_v2_2026-06-06
E2_S02_A_FALL_SIT_B_T007.csv,FALL_SIT_B,2,2,train,manual_corrected,True,True,none,109,fixed,50,350,True,,onset_manifest_v2_2026-06-06
E2_S02_A_FALL_SIT_B_T007.csv,FALL_SIT_B,2,2,train,manual_corrected,True,True,none,109,onset_primary,59,359,True,,onset_manifest_v2_2026-06-06
E2_S02_A_FALL_SIT_B_T007.csv,FALL_SIT_B,2,2,train,manual_corrected,True,True,none,109,onset_reduced,9,309,True,,onset_manifest_v2_2026-06-06
E2_S02_A_FALL_SIT_B_T008.csv,FALL_SIT_B,2,2,test,auto_reviewed,True,True,none,123,fixed,50,350,True,,onset_manifest_v2_2026-06-06
E2_S02_A_FALL_SIT_B_T008.csv,FALL_SIT_B,2,2,test,auto_reviewed,True,True,none,123,onset_primary,73,373,True,,onset_manifest_v2_2026-06-06
E2_S02_A_FALL_SIT_B_T008.csv,FALL_SIT_B,2,2,test,auto_reviewed,True,True,none,123,onset_reduced,23,323,True,,onset_manifest_v2_2026-06-06
E2_S02_A_FALL_SIT_B_T009.csv,FALL_SIT_B,2,2,train,auto_reviewed,True,True,none,105,fixed,50,350,True,,onset_manifest_v2_2026-06-06
E2_S02_A_FALL_SIT_B_T009.csv,FALL_SIT_B,2,2,train,auto_reviewed,True,True,none,105,onset_primary,55,355,True,,onset_manifest_v2_2026-06-06
E2_S02_A_FALL_SIT_B_T009.csv,FALL_SIT_B,2,2,train,auto_reviewed,True,True,none,105,onset_reduced,5,305,True,,onset_manifest_v2_2026-06-06
E2_S02_A_FALL_SIT_B_T010.csv,FALL_SIT_B,2,2,test,pending_manual,True,False,none,,fixed,50,350,True,,onset_manifest_v2_2026-06-06
E2_S02_A_FALL_SIT_B_T010.csv,FALL_SIT_B,2,2,test,pending_manual,True,False,none,,onset_primary,,,False,not_usable_for_onset_aligned,onset_manifest_v2_2026-06-06
E2_S02_A_FALL_SIT_B_T010.csv,FALL_SIT_B,2,2,test,pending_manual,True,False,none,,onset_reduced,,,False,not_usable_for_onset_aligned,onset_manifest_v2_2026-06-06
E2_S02_A_FALL_SIT_F_T001.csv,FALL_SIT_F,2,2,train,onset_unusable,True,False,onset_aligned_only,,fixed,50,350,True,,onset_manifest_v2_2026-06-06
E2_S02_A_FALL_SIT_F_T001.csv,FALL_SIT_F,2,2,train,onset_unusable,True,False,onset_aligned_only,,onset_primary,,,False,not_usable_for_onset_aligned,onset_manifest_v2_2026-06-06
E2_S02_A_FALL_SIT_F_T001.csv,FALL_SIT_F,2,2,train,onset_unusable,True,False,onset_aligned_only,,onset_reduced,,,False,not_usable_for_onset_aligned,onset_manifest_v2_2026-06-06
E2_S02_A_FALL_SIT_F_T002.csv,FALL_SIT_F,2,2,test,auto_reviewed,True,True,none,164,fixed,50,350,True,,onset_manifest_v2_2026-06-06
E2_S02_A_FALL_SIT_F_T002.csv,FALL_SIT_F,2,2,test,auto_reviewed,True,True,none,164,onset_primary,114,414,False,crop_out_of_bounds,onset_manifest_v2_2026-06-06
E2_S02_A_FALL_SIT_F_T002.csv,FALL_SIT_F,2,2,test,auto_reviewed,True,True,none,164,onset_reduced,64,364,True,,onset_manifest_v2_2026-06-06
E2_S02_A_FALL_SIT_F_T003.csv,FALL_SIT_F,2,2,test,auto_reviewed,True,True,none,109,fixed,50,350,True,,onset_manifest_v2_2026-06-06
E2_S02_A_FALL_SIT_F_T003.csv,FALL_SIT_F,2,2,test,auto_reviewed,True,True,none,109,onset_primary,59,359,True,,onset_manifest_v2_2026-06-06
E2_S02_A_FALL_SIT_F_T003.csv,FALL_SIT_F,2,2,test,auto_reviewed,True,True,none,109,onset_reduced,9,309,True,,onset_manifest_v2_2026-06-06
E2_S02_A_FALL_SIT_F_T004.csv,FALL_SIT_F,2,2,test,auto_reviewed,True,True,none,174,fixed,50,350,True,,onset_manifest_v2_2026-06-06
E2_S02_A_FALL_SIT_F_T004.csv,FALL_SIT_F,2,2,test,auto_reviewed,True,True,none,174,onset_primary,124,424,False,crop_out_of_bounds,onset_manifest_v2_2026-06-06
E2_S02_A_FALL_SIT_F_T004.csv,FALL_SIT_F,2,2,test,auto_reviewed,True,True,none,174,onset_reduced,74,374,True,,onset_manifest_v2_2026-06-06
E2_S02_A_FALL_SIT_F_T005.csv,FALL_SIT_F,2,2,train,auto_reviewed,True,True,none,107,fixed,50,350,True,,onset_manifest_v2_2026-06-06
E2_S02_A_FALL_SIT_F_T005.csv,FALL_SIT_F,2,2,train,auto_reviewed,True,True,none,107,onset_primary,57,357,True,,onset_manifest_v2_2026-06-06
E2_S02_A_FALL_SIT_F_T005.csv,FALL_SIT_F,2,2,train,auto_reviewed,True,True,none,107,onset_reduced,7,307,True,,onset_manifest_v2_2026-06-06
E2_S02_A_FALL_SIT_F_T006.csv,FALL_SIT_F,2,2,test,auto_reviewed,True,True,none,143,fixed,50,350,True,,onset_manifest_v2_2026-06-06
E2_S02_A_FALL_SIT_F_T006.csv,FALL_SIT_F,2,2,test,auto_reviewed,True,True,none,143,onset_primary,93,393,True,,onset_manifest_v2_2026-06-06
E2_S02_A_FALL_SIT_F_T006.csv,FALL_SIT_F,2,2,test,auto_reviewed,True,True,none,143,onset_reduced,43,343,True,,onset_manifest_v2_2026-06-06
E2_S02_A_FALL_SIT_F_T007.csv,FALL_SIT_F,2,2,train,data_invalid,False,False,all_policies,,fixed,50,350,False,not_usable_for_fixed,onset_manifest_v2_2026-06-06
E2_S02_A_FALL_SIT_F_T007.csv,FALL_SIT_F,2,2,train,data_invalid,False,False,all_policies,,onset_primary,,,False,not_usable_for_onset_aligned,onset_manifest_v2_2026-06-06
E2_S02_A_FALL_SIT_F_T007.csv,FALL_SIT_F,2,2,train,data_invalid,False,False,all_policies,,onset_reduced,,,False,not_usable_for_onset_aligned,onset_manifest_v2_2026-06-06
E2_S02_A_FALL_SIT_F_T008.csv,FALL_SIT_F,2,2,train,onset_unusable,True,False,onset_aligned_only,,fixed,50,350,True,,onset_manifest_v2_2026-06-06
E2_S02_A_FALL_SIT_F_T008.csv,FALL_SIT_F,2,2,train,onset_unusable,True,False,onset_aligned_only,,onset_primary,,,False,not_usable_for_onset_aligned,onset_manifest_v2_2026-06-06
E2_S02_A_FALL_SIT_F_T008.csv,FALL_SIT_F,2,2,train,onset_unusable,True,False,onset_aligned_only,,onset_reduced,,,False,not_usable_for_onset_aligned,onset_manifest_v2_2026-06-06
E2_S02_A_FALL_SIT_F_T009.csv,FALL_SIT_F,2,2,train,data_invalid,False,False,all_policies,,fixed,50,350,False,not_usable_for_fixed,onset_manifest_v2_2026-06-06
E2_S02_A_FALL_SIT_F_T009.csv,FALL_SIT_F,2,2,train,data_invalid,False,False,all_policies,,onset_primary,,,False,not_usable_for_onset_aligned,onset_manifest_v2_2026-06-06
E2_S02_A_FALL_SIT_F_T009.csv,FALL_SIT_F,2,2,train,data_invalid,False,False,all_policies,,onset_reduced,,,False,not_usable_for_onset_aligned,onset_manifest_v2_2026-06-06
E2_S02_A_FALL_SIT_F_T010.csv,FALL_SIT_F,2,2,val,auto_reviewed,True,True,none,135,fixed,50,350,True,,onset_manifest_v2_2026-06-06
E2_S02_A_FALL_SIT_F_T010.csv,FALL_SIT_F,2,2,val,auto_reviewed,True,True,none,135,onset_primary,85,385,True,,onset_manifest_v2_2026-06-06
E2_S02_A_FALL_SIT_F_T010.csv,FALL_SIT_F,2,2,val,auto_reviewed,True,True,none,135,onset_reduced,35,335,True,,onset_manifest_v2_2026-06-06
E2_S02_A_FALL_STD_B_T001.csv,FALL_STD_B,2,2,train,onset_unusable,True,False,onset_aligned_only,,fixed,50,350,True,,onset_manifest_v2_2026-06-06
E2_S02_A_FALL_STD_B_T001.csv,FALL_STD_B,2,2,train,onset_unusable,True,False,onset_aligned_only,,onset_primary,,,False,not_usable_for_onset_aligned,onset_manifest_v2_2026-06-06
E2_S02_A_FALL_STD_B_T001.csv,FALL_STD_B,2,2,train,onset_unusable,True,False,onset_aligned_only,,onset_reduced,,,False,not_usable_for_onset_aligned,onset_manifest_v2_2026-06-06
E2_S02_A_FALL_STD_B_T002.csv,FALL_STD_B,2,2,train,onset_unusable,True,False,onset_aligned_only,,fixed,50,350,True,,onset_manifest_v2_2026-06-06
E2_S02_A_FALL_STD_B_T002.csv,FALL_STD_B,2,2,train,onset_unusable,True,False,onset_aligned_only,,onset_primary,,,False,not_usable_for_onset_aligned,onset_manifest_v2_2026-06-06
E2_S02_A_FALL_STD_B_T002.csv,FALL_STD_B,2,2,train,onset_unusable,True,False,onset_aligned_only,,onset_reduced,,,False,not_usable_for_onset_aligned,onset_manifest_v2_2026-06-06
E2_S02_A_FALL_STD_B_T003.csv,FALL_STD_B,2,2,val,onset_unusable,True,False,onset_aligned_only,,fixed,50,350,True,,onset_manifest_v2_2026-06-06
E2_S02_A_FALL_STD_B_T003.csv,FALL_STD_B,2,2,val,onset_unusable,True,False,onset_aligned_only,,onset_primary,,,False,not_usable_for_onset_aligned,onset_manifest_v2_2026-06-06
E2_S02_A_FALL_STD_B_T003.csv,FALL_STD_B,2,2,val,onset_unusable,True,False,onset_aligned_only,,onset_reduced,,,False,not_usable_for_onset_aligned,onset_manifest_v2_2026-06-06
E2_S02_A_FALL_STD_B_T004.csv,FALL_STD_B,2,2,test,auto_reviewed,True,True,none,136,fixed,50,350,True,,onset_manifest_v2_2026-06-06
E2_S02_A_FALL_STD_B_T004.csv,FALL_STD_B,2,2,test,auto_reviewed,True,True,none,136,onset_primary,86,386,True,,onset_manifest_v2_2026-06-06
E2_S02_A_FALL_STD_B_T004.csv,FALL_STD_B,2,2,test,auto_reviewed,True,True,none,136,onset_reduced,36,336,True,,onset_manifest_v2_2026-06-06
E2_S02_A_FALL_STD_B_T005.csv,FALL_STD_B,2,2,train,auto_reviewed,True,True,none,165,fixed,50,350,True,,onset_manifest_v2_2026-06-06
E2_S02_A_FALL_STD_B_T005.csv,FALL_STD_B,2,2,train,auto_reviewed,True,True,none,165,onset_primary,115,415,False,crop_out_of_bounds,onset_manifest_v2_2026-06-06
E2_S02_A_FALL_STD_B_T005.csv,FALL_STD_B,2,2,train,auto_reviewed,True,True,none,165,onset_reduced,65,365,True,,onset_manifest_v2_2026-06-06
E2_S02_A_FALL_STD_B_T006.csv,FALL_STD_B,2,2,train,auto_reviewed,True,True,none,105,fixed,50,350,True,,onset_manifest_v2_2026-06-06
E2_S02_A_FALL_STD_B_T006.csv,FALL_STD_B,2,2,train,auto_reviewed,True,True,none,105,onset_primary,55,355,True,,onset_manifest_v2_2026-06-06
E2_S02_A_FALL_STD_B_T006.csv,FALL_STD_B,2,2,train,auto_reviewed,True,True,none,105,onset_reduced,5,305,True,,onset_manifest_v2_2026-06-06
E2_S02_A_FALL_STD_B_T007.csv,FALL_STD_B,2,2,train,auto_reviewed,True,True,none,153,fixed,50,350,True,,onset_manifest_v2_2026-06-06
E2_S02_A_FALL_STD_B_T007.csv,FALL_STD_B,2,2,train,auto_reviewed,True,True,none,153,onset_primary,103,403,False,crop_out_of_bounds,onset_manifest_v2_2026-06-06
E2_S02_A_FALL_STD_B_T007.csv,FALL_STD_B,2,2,train,auto_reviewed,True,True,none,153,onset_reduced,53,353,True,,onset_manifest_v2_2026-06-06
E2_S02_A_FALL_STD_B_T008.csv,FALL_STD_B,2,2,train,auto_reviewed,True,True,none,135,fixed,50,350,True,,onset_manifest_v2_2026-06-06
E2_S02_A_FALL_STD_B_T008.csv,FALL_STD_B,2,2,train,auto_reviewed,True,True,none,135,onset_primary,85,385,True,,onset_manifest_v2_2026-06-06
E2_S02_A_FALL_STD_B_T008.csv,FALL_STD_B,2,2,train,auto_reviewed,True,True,none,135,onset_reduced,35,335,True,,onset_manifest_v2_2026-06-06
E2_S02_A_FALL_STD_B_T009.csv,FALL_STD_B,2,2,val,manual_corrected,True,True,none,161,fixed,50,350,True,,onset_manifest_v2_2026-06-06
E2_S02_A_FALL_STD_B_T009.csv,FALL_STD_B,2,2,val,manual_corrected,True,True,none,161,onset_primary,111,411,False,crop_out_of_bounds,onset_manifest_v2_2026-06-06
E2_S02_A_FALL_STD_B_T009.csv,FALL_STD_B,2,2,val,manual_corrected,True,True,none,161,onset_reduced,61,361,True,,onset_manifest_v2_2026-06-06
E2_S02_A_FALL_STD_B_T010.csv,FALL_STD_B,2,2,val,manual_corrected,True,True,none,131,fixed,50,350,True,,onset_manifest_v2_2026-06-06
E2_S02_A_FALL_STD_B_T010.csv,FALL_STD_B,2,2,val,manual_corrected,True,True,none,131,onset_primary,81,381,True,,onset_manifest_v2_2026-06-06
E2_S02_A_FALL_STD_B_T010.csv,FALL_STD_B,2,2,val,manual_corrected,True,True,none,131,onset_reduced,31,331,True,,onset_manifest_v2_2026-06-06
E2_S02_A_FALL_STD_F_T001.csv,FALL_STD_F,2,2,val,data_invalid,False,False,all_policies,,fixed,50,350,False,not_usable_for_fixed,onset_manifest_v2_2026-06-06
E2_S02_A_FALL_STD_F_T001.csv,FALL_STD_F,2,2,val,data_invalid,False,False,all_policies,,onset_primary,,,False,not_usable_for_onset_aligned,onset_manifest_v2_2026-06-06
E2_S02_A_FALL_STD_F_T001.csv,FALL_STD_F,2,2,val,data_invalid,False,False,all_policies,,onset_reduced,,,False,not_usable_for_onset_aligned,onset_manifest_v2_2026-06-06
E2_S02_A_FALL_STD_F_T002.csv,FALL_STD_F,2,2,train,auto_reviewed,True,True,none,129,fixed,50,350,True,,onset_manifest_v2_2026-06-06
E2_S02_A_FALL_STD_F_T002.csv,FALL_STD_F,2,2,train,auto_reviewed,True,True,none,129,onset_primary,79,379,True,,onset_manifest_v2_2026-06-06
E2_S02_A_FALL_STD_F_T002.csv,FALL_STD_F,2,2,train,auto_reviewed,True,True,none,129,onset_reduced,29,329,True,,onset_manifest_v2_2026-06-06
E2_S02_A_FALL_STD_F_T003.csv,FALL_STD_F,2,2,train,auto_reviewed,True,True,none,120,fixed,50,350,True,,onset_manifest_v2_2026-06-06
E2_S02_A_FALL_STD_F_T003.csv,FALL_STD_F,2,2,train,auto_reviewed,True,True,none,120,onset_primary,70,370,True,,onset_manifest_v2_2026-06-06
E2_S02_A_FALL_STD_F_T003.csv,FALL_STD_F,2,2,train,auto_reviewed,True,True,none,120,onset_reduced,20,320,True,,onset_manifest_v2_2026-06-06
E2_S02_A_FALL_STD_F_T004.csv,FALL_STD_F,2,2,train,auto_reviewed,True,True,none,142,fixed,50,350,True,,onset_manifest_v2_2026-06-06
E2_S02_A_FALL_STD_F_T004.csv,FALL_STD_F,2,2,train,auto_reviewed,True,True,none,142,onset_primary,92,392,True,,onset_manifest_v2_2026-06-06
E2_S02_A_FALL_STD_F_T004.csv,FALL_STD_F,2,2,train,auto_reviewed,True,True,none,142,onset_reduced,42,342,True,,onset_manifest_v2_2026-06-06
E2_S02_A_FALL_STD_F_T005.csv,FALL_STD_F,2,2,train,manual_corrected,True,True,none,162,fixed,50,350,True,,onset_manifest_v2_2026-06-06
E2_S02_A_FALL_STD_F_T005.csv,FALL_STD_F,2,2,train,manual_corrected,True,True,none,162,onset_primary,112,412,False,crop_out_of_bounds,onset_manifest_v2_2026-06-06
E2_S02_A_FALL_STD_F_T005.csv,FALL_STD_F,2,2,train,manual_corrected,True,True,none,162,onset_reduced,62,362,True,,onset_manifest_v2_2026-06-06
E2_S02_A_FALL_STD_F_T006.csv,FALL_STD_F,2,2,train,auto_reviewed,True,True,none,115,fixed,50,350,True,,onset_manifest_v2_2026-06-06
E2_S02_A_FALL_STD_F_T006.csv,FALL_STD_F,2,2,train,auto_reviewed,True,True,none,115,onset_primary,65,365,True,,onset_manifest_v2_2026-06-06
E2_S02_A_FALL_STD_F_T006.csv,FALL_STD_F,2,2,train,auto_reviewed,True,True,none,115,onset_reduced,15,315,True,,onset_manifest_v2_2026-06-06
E2_S02_A_FALL_STD_F_T007.csv,FALL_STD_F,2,2,val,auto_reviewed,True,True,none,171,fixed,50,350,True,,onset_manifest_v2_2026-06-06
E2_S02_A_FALL_STD_F_T007.csv,FALL_STD_F,2,2,val,auto_reviewed,True,True,none,171,onset_primary,121,421,False,crop_out_of_bounds,onset_manifest_v2_2026-06-06
E2_S02_A_FALL_STD_F_T007.csv,FALL_STD_F,2,2,val,auto_reviewed,True,True,none,171,onset_reduced,71,371,True,,onset_manifest_v2_2026-06-06
E2_S02_A_FALL_STD_F_T008.csv,FALL_STD_F,2,2,train,auto_reviewed,True,True,none,137,fixed,50,350,True,,onset_manifest_v2_2026-06-06
E2_S02_A_FALL_STD_F_T008.csv,FALL_STD_F,2,2,train,auto_reviewed,True,True,none,137,onset_primary,87,387,True,,onset_manifest_v2_2026-06-06
E2_S02_A_FALL_STD_F_T008.csv,FALL_STD_F,2,2,train,auto_reviewed,True,True,none,137,onset_reduced,37,337,True,,onset_manifest_v2_2026-06-06
E2_S02_A_FALL_STD_F_T009.csv,FALL_STD_F,2,2,test,auto_reviewed,True,True,none,106,fixed,50,350,True,,onset_manifest_v2_2026-06-06
E2_S02_A_FALL_STD_F_T009.csv,FALL_STD_F,2,2,test,auto_reviewed,True,True,none,106,onset_primary,56,356,True,,onset_manifest_v2_2026-06-06
E2_S02_A_FALL_STD_F_T009.csv,FALL_STD_F,2,2,test,auto_reviewed,True,True,none,106,onset_reduced,6,306,True,,onset_manifest_v2_2026-06-06
E2_S02_A_FALL_STD_F_T010.csv,FALL_STD_F,2,2,train,auto_reviewed,True,True,none,155,fixed,50,350,True,,onset_manifest_v2_2026-06-06
E2_S02_A_FALL_STD_F_T010.csv,FALL_STD_F,2,2,train,auto_reviewed,True,True,none,155,onset_primary,105,405,False,crop_out_of_bounds,onset_manifest_v2_2026-06-06
E2_S02_A_FALL_STD_F_T010.csv,FALL_STD_F,2,2,train,auto_reviewed,True,True,none,155,onset_reduced,55,355,True,,onset_manifest_v2_2026-06-06
E2_S02_A_FALL_WALK_B_T001.csv,FALL_WALK_B,2,2,val,auto_reviewed,True,True,none,195,fixed,50,350,True,,onset_manifest_v2_2026-06-06
E2_S02_A_FALL_WALK_B_T001.csv,FALL_WALK_B,2,2,val,auto_reviewed,True,True,none,195,onset_primary,145,445,False,crop_out_of_bounds,onset_manifest_v2_2026-06-06
E2_S02_A_FALL_WALK_B_T001.csv,FALL_WALK_B,2,2,val,auto_reviewed,True,True,none,195,onset_reduced,95,395,True,,onset_manifest_v2_2026-06-06
E2_S02_A_FALL_WALK_B_T002.csv,FALL_WALK_B,2,2,val,onset_unusable,True,False,onset_aligned_only,,fixed,50,350,True,,onset_manifest_v2_2026-06-06
E2_S02_A_FALL_WALK_B_T002.csv,FALL_WALK_B,2,2,val,onset_unusable,True,False,onset_aligned_only,,onset_primary,,,False,not_usable_for_onset_aligned,onset_manifest_v2_2026-06-06
E2_S02_A_FALL_WALK_B_T002.csv,FALL_WALK_B,2,2,val,onset_unusable,True,False,onset_aligned_only,,onset_reduced,,,False,not_usable_for_onset_aligned,onset_manifest_v2_2026-06-06
E2_S02_A_FALL_WALK_B_T003.csv,FALL_WALK_B,2,2,train,auto_reviewed,True,True,none,150,fixed,50,350,True,,onset_manifest_v2_2026-06-06
E2_S02_A_FALL_WALK_B_T003.csv,FALL_WALK_B,2,2,train,auto_reviewed,True,True,none,150,onset_primary,100,400,True,,onset_manifest_v2_2026-06-06
E2_S02_A_FALL_WALK_B_T003.csv,FALL_WALK_B,2,2,train,auto_reviewed,True,True,none,150,onset_reduced,50,350,True,,onset_manifest_v2_2026-06-06
E2_S02_A_FALL_WALK_B_T004.csv,FALL_WALK_B,2,2,train,manual_corrected,True,True,none,93,fixed,50,350,True,,onset_manifest_v2_2026-06-06
E2_S02_A_FALL_WALK_B_T004.csv,FALL_WALK_B,2,2,train,manual_corrected,True,True,none,93,onset_primary,43,343,True,,onset_manifest_v2_2026-06-06
E2_S02_A_FALL_WALK_B_T004.csv,FALL_WALK_B,2,2,train,manual_corrected,True,True,none,93,onset_reduced,-7,293,False,crop_out_of_bounds,onset_manifest_v2_2026-06-06
E2_S02_A_FALL_WALK_B_T005.csv,FALL_WALK_B,2,2,train,onset_unusable,True,False,onset_aligned_only,,fixed,50,350,True,,onset_manifest_v2_2026-06-06
E2_S02_A_FALL_WALK_B_T005.csv,FALL_WALK_B,2,2,train,onset_unusable,True,False,onset_aligned_only,,onset_primary,,,False,not_usable_for_onset_aligned,onset_manifest_v2_2026-06-06
E2_S02_A_FALL_WALK_B_T005.csv,FALL_WALK_B,2,2,train,onset_unusable,True,False,onset_aligned_only,,onset_reduced,,,False,not_usable_for_onset_aligned,onset_manifest_v2_2026-06-06
E2_S02_A_FALL_WALK_B_T006.csv,FALL_WALK_B,2,2,test,pending_manual,True,False,none,,fixed,50,350,True,,onset_manifest_v2_2026-06-06
E2_S02_A_FALL_WALK_B_T006.csv,FALL_WALK_B,2,2,test,pending_manual,True,False,none,,onset_primary,,,False,not_usable_for_onset_aligned,onset_manifest_v2_2026-06-06
E2_S02_A_FALL_WALK_B_T006.csv,FALL_WALK_B,2,2,test,pending_manual,True,False,none,,onset_reduced,,,False,not_usable_for_onset_aligned,onset_manifest_v2_2026-06-06
E2_S02_A_FALL_WALK_B_T007.csv,FALL_WALK_B,2,2,test,pending_manual,True,False,none,,fixed,50,350,True,,onset_manifest_v2_2026-06-06
E2_S02_A_FALL_WALK_B_T007.csv,FALL_WALK_B,2,2,test,pending_manual,True,False,none,,onset_primary,,,False,not_usable_for_onset_aligned,onset_manifest_v2_2026-06-06
E2_S02_A_FALL_WALK_B_T007.csv,FALL_WALK_B,2,2,test,pending_manual,True,False,none,,onset_reduced,,,False,not_usable_for_onset_aligned,onset_manifest_v2_2026-06-06
E2_S02_A_FALL_WALK_B_T008.csv,FALL_WALK_B,2,2,train,auto_reviewed,True,True,none,100,fixed,50,350,True,,onset_manifest_v2_2026-06-06
E2_S02_A_FALL_WALK_B_T008.csv,FALL_WALK_B,2,2,train,auto_reviewed,True,True,none,100,onset_primary,50,350,True,,onset_manifest_v2_2026-06-06
E2_S02_A_FALL_WALK_B_T008.csv,FALL_WALK_B,2,2,train,auto_reviewed,True,True,none,100,onset_reduced,0,300,True,,onset_manifest_v2_2026-06-06
E2_S02_A_FALL_WALK_B_T009.csv,FALL_WALK_B,2,2,test,auto_reviewed,True,True,none,111,fixed,50,350,True,,onset_manifest_v2_2026-06-06
E2_S02_A_FALL_WALK_B_T009.csv,FALL_WALK_B,2,2,test,auto_reviewed,True,True,none,111,onset_primary,61,361,True,,onset_manifest_v2_2026-06-06
E2_S02_A_FALL_WALK_B_T009.csv,FALL_WALK_B,2,2,test,auto_reviewed,True,True,none,111,onset_reduced,11,311,True,,onset_manifest_v2_2026-06-06
E2_S02_A_FALL_WALK_B_T010.csv,FALL_WALK_B,2,2,train,manual_corrected,True,True,none,108,fixed,50,350,True,,onset_manifest_v2_2026-06-06
E2_S02_A_FALL_WALK_B_T010.csv,FALL_WALK_B,2,2,train,manual_corrected,True,True,none,108,onset_primary,58,358,True,,onset_manifest_v2_2026-06-06
E2_S02_A_FALL_WALK_B_T010.csv,FALL_WALK_B,2,2,train,manual_corrected,True,True,none,108,onset_reduced,8,308,True,,onset_manifest_v2_2026-06-06
E2_S02_A_FALL_WALK_F_T001.csv,FALL_WALK_F,2,2,train,manual_corrected,True,True,none,,fixed,50,350,True,,onset_manifest_v2_2026-06-06
E2_S02_A_FALL_WALK_F_T001.csv,FALL_WALK_F,2,2,train,manual_corrected,True,True,none,,onset_primary,,,False,onset_null,onset_manifest_v2_2026-06-06
E2_S02_A_FALL_WALK_F_T001.csv,FALL_WALK_F,2,2,train,manual_corrected,True,True,none,,onset_reduced,,,False,onset_null,onset_manifest_v2_2026-06-06
E2_S02_A_FALL_WALK_F_T002.csv,FALL_WALK_F,2,2,test,data_invalid,False,False,all_policies,,fixed,50,350,False,not_usable_for_fixed,onset_manifest_v2_2026-06-06
E2_S02_A_FALL_WALK_F_T002.csv,FALL_WALK_F,2,2,test,data_invalid,False,False,all_policies,,onset_primary,,,False,not_usable_for_onset_aligned,onset_manifest_v2_2026-06-06
E2_S02_A_FALL_WALK_F_T002.csv,FALL_WALK_F,2,2,test,data_invalid,False,False,all_policies,,onset_reduced,,,False,not_usable_for_onset_aligned,onset_manifest_v2_2026-06-06
E2_S02_A_FALL_WALK_F_T003.csv,FALL_WALK_F,2,2,test,pending_manual,True,False,none,,fixed,50,350,True,,onset_manifest_v2_2026-06-06
E2_S02_A_FALL_WALK_F_T003.csv,FALL_WALK_F,2,2,test,pending_manual,True,False,none,,onset_primary,,,False,not_usable_for_onset_aligned,onset_manifest_v2_2026-06-06
E2_S02_A_FALL_WALK_F_T003.csv,FALL_WALK_F,2,2,test,pending_manual,True,False,none,,onset_reduced,,,False,not_usable_for_onset_aligned,onset_manifest_v2_2026-06-06
E2_S02_A_FALL_WALK_F_T004.csv,FALL_WALK_F,2,2,test,auto_reviewed,True,True,none,153,fixed,50,350,True,,onset_manifest_v2_2026-06-06
E2_S02_A_FALL_WALK_F_T004.csv,FALL_WALK_F,2,2,test,auto_reviewed,True,True,none,153,onset_primary,103,403,False,crop_out_of_bounds,onset_manifest_v2_2026-06-06
E2_S02_A_FALL_WALK_F_T004.csv,FALL_WALK_F,2,2,test,auto_reviewed,True,True,none,153,onset_reduced,53,353,True,,onset_manifest_v2_2026-06-06
E2_S02_A_FALL_WALK_F_T005.csv,FALL_WALK_F,2,2,val,onset_unusable,True,False,onset_aligned_only,,fixed,50,350,True,,onset_manifest_v2_2026-06-06
E2_S02_A_FALL_WALK_F_T005.csv,FALL_WALK_F,2,2,val,onset_unusable,True,False,onset_aligned_only,,onset_primary,,,False,not_usable_for_onset_aligned,onset_manifest_v2_2026-06-06
E2_S02_A_FALL_WALK_F_T005.csv,FALL_WALK_F,2,2,val,onset_unusable,True,False,onset_aligned_only,,onset_reduced,,,False,not_usable_for_onset_aligned,onset_manifest_v2_2026-06-06
E2_S02_A_FALL_WALK_F_T006.csv,FALL_WALK_F,2,2,train,onset_unusable,True,False,onset_aligned_only,,fixed,50,350,True,,onset_manifest_v2_2026-06-06
E2_S02_A_FALL_WALK_F_T006.csv,FALL_WALK_F,2,2,train,onset_unusable,True,False,onset_aligned_only,,onset_primary,,,False,not_usable_for_onset_aligned,onset_manifest_v2_2026-06-06
E2_S02_A_FALL_WALK_F_T006.csv,FALL_WALK_F,2,2,train,onset_unusable,True,False,onset_aligned_only,,onset_reduced,,,False,not_usable_for_onset_aligned,onset_manifest_v2_2026-06-06
E2_S02_A_FALL_WALK_F_T007.csv,FALL_WALK_F,2,2,val,onset_unusable,True,False,onset_aligned_only,,fixed,50,350,True,,onset_manifest_v2_2026-06-06
E2_S02_A_FALL_WALK_F_T007.csv,FALL_WALK_F,2,2,val,onset_unusable,True,False,onset_aligned_only,,onset_primary,,,False,not_usable_for_onset_aligned,onset_manifest_v2_2026-06-06
E2_S02_A_FALL_WALK_F_T007.csv,FALL_WALK_F,2,2,val,onset_unusable,True,False,onset_aligned_only,,onset_reduced,,,False,not_usable_for_onset_aligned,onset_manifest_v2_2026-06-06
E2_S02_A_FALL_WALK_F_T008.csv,FALL_WALK_F,2,2,train,onset_unusable,True,False,onset_aligned_only,,fixed,50,350,True,,onset_manifest_v2_2026-06-06
E2_S02_A_FALL_WALK_F_T008.csv,FALL_WALK_F,2,2,train,onset_unusable,True,False,onset_aligned_only,,onset_primary,,,False,not_usable_for_onset_aligned,onset_manifest_v2_2026-06-06
E2_S02_A_FALL_WALK_F_T008.csv,FALL_WALK_F,2,2,train,onset_unusable,True,False,onset_aligned_only,,onset_reduced,,,False,not_usable_for_onset_aligned,onset_manifest_v2_2026-06-06
E2_S02_A_FALL_WALK_F_T009.csv,FALL_WALK_F,2,2,train,onset_unusable,True,False,onset_aligned_only,,fixed,50,350,True,,onset_manifest_v2_2026-06-06
E2_S02_A_FALL_WALK_F_T009.csv,FALL_WALK_F,2,2,train,onset_unusable,True,False,onset_aligned_only,,onset_primary,,,False,not_usable_for_onset_aligned,onset_manifest_v2_2026-06-06
E2_S02_A_FALL_WALK_F_T009.csv,FALL_WALK_F,2,2,train,onset_unusable,True,False,onset_aligned_only,,onset_reduced,,,False,not_usable_for_onset_aligned,onset_manifest_v2_2026-06-06
E2_S02_A_FALL_WALK_F_T010.csv,FALL_WALK_F,2,2,train,onset_unusable,True,False,onset_aligned_only,,fixed,50,350,True,,onset_manifest_v2_2026-06-06
E2_S02_A_FALL_WALK_F_T010.csv,FALL_WALK_F,2,2,train,onset_unusable,True,False,onset_aligned_only,,onset_primary,,,False,not_usable_for_onset_aligned,onset_manifest_v2_2026-06-06
E2_S02_A_FALL_WALK_F_T010.csv,FALL_WALK_F,2,2,train,onset_unusable,True,False,onset_aligned_only,,onset_reduced,,,False,not_usable_for_onset_aligned,onset_manifest_v2_2026-06-06
E3_S03_A_FALL_SIT_B_T001.csv,FALL_SIT_B,3,3,train,onset_unusable,True,False,onset_aligned_only,,fixed,50,350,True,,onset_manifest_v2_2026-06-06
E3_S03_A_FALL_SIT_B_T001.csv,FALL_SIT_B,3,3,train,onset_unusable,True,False,onset_aligned_only,,onset_primary,,,False,not_usable_for_onset_aligned,onset_manifest_v2_2026-06-06
E3_S03_A_FALL_SIT_B_T001.csv,FALL_SIT_B,3,3,train,onset_unusable,True,False,onset_aligned_only,,onset_reduced,,,False,not_usable_for_onset_aligned,onset_manifest_v2_2026-06-06
E3_S03_A_FALL_SIT_B_T002.csv,FALL_SIT_B,3,3,train,onset_unusable,True,False,onset_aligned_only,,fixed,50,350,True,,onset_manifest_v2_2026-06-06
E3_S03_A_FALL_SIT_B_T002.csv,FALL_SIT_B,3,3,train,onset_unusable,True,False,onset_aligned_only,,onset_primary,,,False,not_usable_for_onset_aligned,onset_manifest_v2_2026-06-06
E3_S03_A_FALL_SIT_B_T002.csv,FALL_SIT_B,3,3,train,onset_unusable,True,False,onset_aligned_only,,onset_reduced,,,False,not_usable_for_onset_aligned,onset_manifest_v2_2026-06-06
E3_S03_A_FALL_SIT_B_T003.csv,FALL_SIT_B,3,3,train,onset_unusable,True,False,onset_aligned_only,,fixed,50,350,True,,onset_manifest_v2_2026-06-06
E3_S03_A_FALL_SIT_B_T003.csv,FALL_SIT_B,3,3,train,onset_unusable,True,False,onset_aligned_only,,onset_primary,,,False,not_usable_for_onset_aligned,onset_manifest_v2_2026-06-06
E3_S03_A_FALL_SIT_B_T003.csv,FALL_SIT_B,3,3,train,onset_unusable,True,False,onset_aligned_only,,onset_reduced,,,False,not_usable_for_onset_aligned,onset_manifest_v2_2026-06-06
E3_S03_A_FALL_SIT_B_T004.csv,FALL_SIT_B,3,3,train,onset_unusable,True,False,onset_aligned_only,,fixed,50,350,True,,onset_manifest_v2_2026-06-06
E3_S03_A_FALL_SIT_B_T004.csv,FALL_SIT_B,3,3,train,onset_unusable,True,False,onset_aligned_only,,onset_primary,,,False,not_usable_for_onset_aligned,onset_manifest_v2_2026-06-06
E3_S03_A_FALL_SIT_B_T004.csv,FALL_SIT_B,3,3,train,onset_unusable,True,False,onset_aligned_only,,onset_reduced,,,False,not_usable_for_onset_aligned,onset_manifest_v2_2026-06-06
E3_S03_A_FALL_SIT_B_T005.csv,FALL_SIT_B,3,3,train,auto_reviewed,True,True,none,152,fixed,50,350,True,,onset_manifest_v2_2026-06-06
E3_S03_A_FALL_SIT_B_T005.csv,FALL_SIT_B,3,3,train,auto_reviewed,True,True,none,152,onset_primary,102,402,False,crop_out_of_bounds,onset_manifest_v2_2026-06-06
E3_S03_A_FALL_SIT_B_T005.csv,FALL_SIT_B,3,3,train,auto_reviewed,True,True,none,152,onset_reduced,52,352,True,,onset_manifest_v2_2026-06-06
E3_S03_A_FALL_SIT_B_T006.csv,FALL_SIT_B,3,3,train,onset_unusable,True,False,onset_aligned_only,,fixed,50,350,True,,onset_manifest_v2_2026-06-06
E3_S03_A_FALL_SIT_B_T006.csv,FALL_SIT_B,3,3,train,onset_unusable,True,False,onset_aligned_only,,onset_primary,,,False,not_usable_for_onset_aligned,onset_manifest_v2_2026-06-06
E3_S03_A_FALL_SIT_B_T006.csv,FALL_SIT_B,3,3,train,onset_unusable,True,False,onset_aligned_only,,onset_reduced,,,False,not_usable_for_onset_aligned,onset_manifest_v2_2026-06-06
E3_S03_A_FALL_SIT_B_T007.csv,FALL_SIT_B,3,3,train,auto_reviewed,True,True,none,138,fixed,50,350,True,,onset_manifest_v2_2026-06-06
E3_S03_A_FALL_SIT_B_T007.csv,FALL_SIT_B,3,3,train,auto_reviewed,True,True,none,138,onset_primary,88,388,True,,onset_manifest_v2_2026-06-06
E3_S03_A_FALL_SIT_B_T007.csv,FALL_SIT_B,3,3,train,auto_reviewed,True,True,none,138,onset_reduced,38,338,True,,onset_manifest_v2_2026-06-06
E3_S03_A_FALL_SIT_B_T008.csv,FALL_SIT_B,3,3,train,auto_reviewed,True,True,none,147,fixed,50,350,True,,onset_manifest_v2_2026-06-06
E3_S03_A_FALL_SIT_B_T008.csv,FALL_SIT_B,3,3,train,auto_reviewed,True,True,none,147,onset_primary,97,397,True,,onset_manifest_v2_2026-06-06
E3_S03_A_FALL_SIT_B_T008.csv,FALL_SIT_B,3,3,train,auto_reviewed,True,True,none,147,onset_reduced,47,347,True,,onset_manifest_v2_2026-06-06
E3_S03_A_FALL_SIT_B_T009.csv,FALL_SIT_B,3,3,val,auto_reviewed,True,True,none,190,fixed,50,350,True,,onset_manifest_v2_2026-06-06
E3_S03_A_FALL_SIT_B_T009.csv,FALL_SIT_B,3,3,val,auto_reviewed,True,True,none,190,onset_primary,140,440,False,crop_out_of_bounds,onset_manifest_v2_2026-06-06
E3_S03_A_FALL_SIT_B_T009.csv,FALL_SIT_B,3,3,val,auto_reviewed,True,True,none,190,onset_reduced,90,390,True,,onset_manifest_v2_2026-06-06
E3_S03_A_FALL_SIT_B_T010.csv,FALL_SIT_B,3,3,train,auto_reviewed,True,True,none,131,fixed,50,350,True,,onset_manifest_v2_2026-06-06
E3_S03_A_FALL_SIT_B_T010.csv,FALL_SIT_B,3,3,train,auto_reviewed,True,True,none,131,onset_primary,81,381,True,,onset_manifest_v2_2026-06-06
E3_S03_A_FALL_SIT_B_T010.csv,FALL_SIT_B,3,3,train,auto_reviewed,True,True,none,131,onset_reduced,31,331,True,,onset_manifest_v2_2026-06-06
E3_S03_A_FALL_SIT_F_T001.csv,FALL_SIT_F,3,3,train,onset_unusable,True,False,onset_aligned_only,,fixed,50,350,True,,onset_manifest_v2_2026-06-06
E3_S03_A_FALL_SIT_F_T001.csv,FALL_SIT_F,3,3,train,onset_unusable,True,False,onset_aligned_only,,onset_primary,,,False,not_usable_for_onset_aligned,onset_manifest_v2_2026-06-06
E3_S03_A_FALL_SIT_F_T001.csv,FALL_SIT_F,3,3,train,onset_unusable,True,False,onset_aligned_only,,onset_reduced,,,False,not_usable_for_onset_aligned,onset_manifest_v2_2026-06-06
E3_S03_A_FALL_SIT_F_T002.csv,FALL_SIT_F,3,3,train,auto_reviewed,True,True,none,203,fixed,50,350,True,,onset_manifest_v2_2026-06-06
E3_S03_A_FALL_SIT_F_T002.csv,FALL_SIT_F,3,3,train,auto_reviewed,True,True,none,203,onset_primary,153,453,False,crop_out_of_bounds,onset_manifest_v2_2026-06-06
E3_S03_A_FALL_SIT_F_T002.csv,FALL_SIT_F,3,3,train,auto_reviewed,True,True,none,203,onset_reduced,103,403,False,crop_out_of_bounds,onset_manifest_v2_2026-06-06
E3_S03_A_FALL_SIT_F_T003.csv,FALL_SIT_F,3,3,train,auto_reviewed,True,True,none,213,fixed,50,350,True,,onset_manifest_v2_2026-06-06
E3_S03_A_FALL_SIT_F_T003.csv,FALL_SIT_F,3,3,train,auto_reviewed,True,True,none,213,onset_primary,163,463,False,crop_out_of_bounds,onset_manifest_v2_2026-06-06
E3_S03_A_FALL_SIT_F_T003.csv,FALL_SIT_F,3,3,train,auto_reviewed,True,True,none,213,onset_reduced,113,413,False,crop_out_of_bounds,onset_manifest_v2_2026-06-06
E3_S03_A_FALL_SIT_F_T004.csv,FALL_SIT_F,3,3,test,auto_reviewed,True,True,none,148,fixed,50,350,True,,onset_manifest_v2_2026-06-06
E3_S03_A_FALL_SIT_F_T004.csv,FALL_SIT_F,3,3,test,auto_reviewed,True,True,none,148,onset_primary,98,398,True,,onset_manifest_v2_2026-06-06
E3_S03_A_FALL_SIT_F_T004.csv,FALL_SIT_F,3,3,test,auto_reviewed,True,True,none,148,onset_reduced,48,348,True,,onset_manifest_v2_2026-06-06
E3_S03_A_FALL_SIT_F_T005.csv,FALL_SIT_F,3,3,test,auto_reviewed,True,True,none,129,fixed,50,350,True,,onset_manifest_v2_2026-06-06
E3_S03_A_FALL_SIT_F_T005.csv,FALL_SIT_F,3,3,test,auto_reviewed,True,True,none,129,onset_primary,79,379,True,,onset_manifest_v2_2026-06-06
E3_S03_A_FALL_SIT_F_T005.csv,FALL_SIT_F,3,3,test,auto_reviewed,True,True,none,129,onset_reduced,29,329,True,,onset_manifest_v2_2026-06-06
E3_S03_A_FALL_SIT_F_T006.csv,FALL_SIT_F,3,3,train,manual_corrected,True,True,none,171,fixed,50,350,True,,onset_manifest_v2_2026-06-06
E3_S03_A_FALL_SIT_F_T006.csv,FALL_SIT_F,3,3,train,manual_corrected,True,True,none,171,onset_primary,121,421,False,crop_out_of_bounds,onset_manifest_v2_2026-06-06
E3_S03_A_FALL_SIT_F_T006.csv,FALL_SIT_F,3,3,train,manual_corrected,True,True,none,171,onset_reduced,71,371,True,,onset_manifest_v2_2026-06-06
E3_S03_A_FALL_SIT_F_T007.csv,FALL_SIT_F,3,3,test,pending_manual,True,False,none,,fixed,50,350,True,,onset_manifest_v2_2026-06-06
E3_S03_A_FALL_SIT_F_T007.csv,FALL_SIT_F,3,3,test,pending_manual,True,False,none,,onset_primary,,,False,not_usable_for_onset_aligned,onset_manifest_v2_2026-06-06
E3_S03_A_FALL_SIT_F_T007.csv,FALL_SIT_F,3,3,test,pending_manual,True,False,none,,onset_reduced,,,False,not_usable_for_onset_aligned,onset_manifest_v2_2026-06-06
E3_S03_A_FALL_SIT_F_T008.csv,FALL_SIT_F,3,3,train,data_invalid,False,False,all_policies,,fixed,50,350,False,not_usable_for_fixed,onset_manifest_v2_2026-06-06
E3_S03_A_FALL_SIT_F_T008.csv,FALL_SIT_F,3,3,train,data_invalid,False,False,all_policies,,onset_primary,,,False,not_usable_for_onset_aligned,onset_manifest_v2_2026-06-06
E3_S03_A_FALL_SIT_F_T008.csv,FALL_SIT_F,3,3,train,data_invalid,False,False,all_policies,,onset_reduced,,,False,not_usable_for_onset_aligned,onset_manifest_v2_2026-06-06
E3_S03_A_FALL_SIT_F_T009.csv,FALL_SIT_F,3,3,train,auto_reviewed,True,True,none,126,fixed,50,350,True,,onset_manifest_v2_2026-06-06
E3_S03_A_FALL_SIT_F_T009.csv,FALL_SIT_F,3,3,train,auto_reviewed,True,True,none,126,onset_primary,76,376,True,,onset_manifest_v2_2026-06-06
E3_S03_A_FALL_SIT_F_T009.csv,FALL_SIT_F,3,3,train,auto_reviewed,True,True,none,126,onset_reduced,26,326,True,,onset_manifest_v2_2026-06-06
E3_S03_A_FALL_SIT_F_T010.csv,FALL_SIT_F,3,3,train,onset_unusable,True,False,onset_aligned_only,,fixed,50,350,True,,onset_manifest_v2_2026-06-06
E3_S03_A_FALL_SIT_F_T010.csv,FALL_SIT_F,3,3,train,onset_unusable,True,False,onset_aligned_only,,onset_primary,,,False,not_usable_for_onset_aligned,onset_manifest_v2_2026-06-06
E3_S03_A_FALL_SIT_F_T010.csv,FALL_SIT_F,3,3,train,onset_unusable,True,False,onset_aligned_only,,onset_reduced,,,False,not_usable_for_onset_aligned,onset_manifest_v2_2026-06-06
E3_S03_A_FALL_STD_B_T001.csv,FALL_STD_B,3,3,train,auto_reviewed,True,True,none,192,fixed,50,350,True,,onset_manifest_v2_2026-06-06
E3_S03_A_FALL_STD_B_T001.csv,FALL_STD_B,3,3,train,auto_reviewed,True,True,none,192,onset_primary,142,442,False,crop_out_of_bounds,onset_manifest_v2_2026-06-06
E3_S03_A_FALL_STD_B_T001.csv,FALL_STD_B,3,3,train,auto_reviewed,True,True,none,192,onset_reduced,92,392,True,,onset_manifest_v2_2026-06-06
E3_S03_A_FALL_STD_B_T002.csv,FALL_STD_B,3,3,train,auto_reviewed,True,True,none,170,fixed,50,350,True,,onset_manifest_v2_2026-06-06
E3_S03_A_FALL_STD_B_T002.csv,FALL_STD_B,3,3,train,auto_reviewed,True,True,none,170,onset_primary,120,420,False,crop_out_of_bounds,onset_manifest_v2_2026-06-06
E3_S03_A_FALL_STD_B_T002.csv,FALL_STD_B,3,3,train,auto_reviewed,True,True,none,170,onset_reduced,70,370,True,,onset_manifest_v2_2026-06-06
E3_S03_A_FALL_STD_B_T003.csv,FALL_STD_B,3,3,val,auto_reviewed,True,True,none,124,fixed,50,350,True,,onset_manifest_v2_2026-06-06
E3_S03_A_FALL_STD_B_T003.csv,FALL_STD_B,3,3,val,auto_reviewed,True,True,none,124,onset_primary,74,374,True,,onset_manifest_v2_2026-06-06
E3_S03_A_FALL_STD_B_T003.csv,FALL_STD_B,3,3,val,auto_reviewed,True,True,none,124,onset_reduced,24,324,True,,onset_manifest_v2_2026-06-06
E3_S03_A_FALL_STD_B_T004.csv,FALL_STD_B,3,3,train,onset_unusable,True,False,onset_aligned_only,,fixed,50,350,True,,onset_manifest_v2_2026-06-06
E3_S03_A_FALL_STD_B_T004.csv,FALL_STD_B,3,3,train,onset_unusable,True,False,onset_aligned_only,,onset_primary,,,False,not_usable_for_onset_aligned,onset_manifest_v2_2026-06-06
E3_S03_A_FALL_STD_B_T004.csv,FALL_STD_B,3,3,train,onset_unusable,True,False,onset_aligned_only,,onset_reduced,,,False,not_usable_for_onset_aligned,onset_manifest_v2_2026-06-06
E3_S03_A_FALL_STD_B_T005.csv,FALL_STD_B,3,3,train,auto_reviewed,True,True,none,105,fixed,50,350,True,,onset_manifest_v2_2026-06-06
E3_S03_A_FALL_STD_B_T005.csv,FALL_STD_B,3,3,train,auto_reviewed,True,True,none,105,onset_primary,55,355,True,,onset_manifest_v2_2026-06-06
E3_S03_A_FALL_STD_B_T005.csv,FALL_STD_B,3,3,train,auto_reviewed,True,True,none,105,onset_reduced,5,305,True,,onset_manifest_v2_2026-06-06
E3_S03_A_FALL_STD_B_T006.csv,FALL_STD_B,3,3,test,auto_reviewed,True,True,none,132,fixed,50,350,True,,onset_manifest_v2_2026-06-06
E3_S03_A_FALL_STD_B_T006.csv,FALL_STD_B,3,3,test,auto_reviewed,True,True,none,132,onset_primary,82,382,True,,onset_manifest_v2_2026-06-06
E3_S03_A_FALL_STD_B_T006.csv,FALL_STD_B,3,3,test,auto_reviewed,True,True,none,132,onset_reduced,32,332,True,,onset_manifest_v2_2026-06-06
E3_S03_A_FALL_STD_B_T007.csv,FALL_STD_B,3,3,train,onset_unusable,True,False,onset_aligned_only,,fixed,50,350,True,,onset_manifest_v2_2026-06-06
E3_S03_A_FALL_STD_B_T007.csv,FALL_STD_B,3,3,train,onset_unusable,True,False,onset_aligned_only,,onset_primary,,,False,not_usable_for_onset_aligned,onset_manifest_v2_2026-06-06
E3_S03_A_FALL_STD_B_T007.csv,FALL_STD_B,3,3,train,onset_unusable,True,False,onset_aligned_only,,onset_reduced,,,False,not_usable_for_onset_aligned,onset_manifest_v2_2026-06-06
E3_S03_A_FALL_STD_B_T008.csv,FALL_STD_B,3,3,val,onset_unusable,True,False,onset_aligned_only,,fixed,50,350,True,,onset_manifest_v2_2026-06-06
E3_S03_A_FALL_STD_B_T008.csv,FALL_STD_B,3,3,val,onset_unusable,True,False,onset_aligned_only,,onset_primary,,,False,not_usable_for_onset_aligned,onset_manifest_v2_2026-06-06
E3_S03_A_FALL_STD_B_T008.csv,FALL_STD_B,3,3,val,onset_unusable,True,False,onset_aligned_only,,onset_reduced,,,False,not_usable_for_onset_aligned,onset_manifest_v2_2026-06-06
E3_S03_A_FALL_STD_B_T009.csv,FALL_STD_B,3,3,val,auto_reviewed,True,True,none,123,fixed,50,350,True,,onset_manifest_v2_2026-06-06
E3_S03_A_FALL_STD_B_T009.csv,FALL_STD_B,3,3,val,auto_reviewed,True,True,none,123,onset_primary,73,373,True,,onset_manifest_v2_2026-06-06
E3_S03_A_FALL_STD_B_T009.csv,FALL_STD_B,3,3,val,auto_reviewed,True,True,none,123,onset_reduced,23,323,True,,onset_manifest_v2_2026-06-06
E3_S03_A_FALL_STD_B_T010.csv,FALL_STD_B,3,3,train,auto_reviewed,True,True,none,108,fixed,50,350,True,,onset_manifest_v2_2026-06-06
E3_S03_A_FALL_STD_B_T010.csv,FALL_STD_B,3,3,train,auto_reviewed,True,True,none,108,onset_primary,58,358,True,,onset_manifest_v2_2026-06-06
E3_S03_A_FALL_STD_B_T010.csv,FALL_STD_B,3,3,train,auto_reviewed,True,True,none,108,onset_reduced,8,308,True,,onset_manifest_v2_2026-06-06
E3_S03_A_FALL_STD_F_T001.csv,FALL_STD_F,3,3,train,auto_reviewed,True,True,none,148,fixed,50,350,True,,onset_manifest_v2_2026-06-06
E3_S03_A_FALL_STD_F_T001.csv,FALL_STD_F,3,3,train,auto_reviewed,True,True,none,148,onset_primary,98,398,True,,onset_manifest_v2_2026-06-06
E3_S03_A_FALL_STD_F_T001.csv,FALL_STD_F,3,3,train,auto_reviewed,True,True,none,148,onset_reduced,48,348,True,,onset_manifest_v2_2026-06-06
E3_S03_A_FALL_STD_F_T002.csv,FALL_STD_F,3,3,val,manual_corrected,True,True,none,150,fixed,50,350,True,,onset_manifest_v2_2026-06-06
E3_S03_A_FALL_STD_F_T002.csv,FALL_STD_F,3,3,val,manual_corrected,True,True,none,150,onset_primary,100,400,True,,onset_manifest_v2_2026-06-06
E3_S03_A_FALL_STD_F_T002.csv,FALL_STD_F,3,3,val,manual_corrected,True,True,none,150,onset_reduced,50,350,True,,onset_manifest_v2_2026-06-06
E3_S03_A_FALL_STD_F_T003.csv,FALL_STD_F,3,3,train,onset_unusable,True,False,onset_aligned_only,,fixed,50,350,True,,onset_manifest_v2_2026-06-06
E3_S03_A_FALL_STD_F_T003.csv,FALL_STD_F,3,3,train,onset_unusable,True,False,onset_aligned_only,,onset_primary,,,False,not_usable_for_onset_aligned,onset_manifest_v2_2026-06-06
E3_S03_A_FALL_STD_F_T003.csv,FALL_STD_F,3,3,train,onset_unusable,True,False,onset_aligned_only,,onset_reduced,,,False,not_usable_for_onset_aligned,onset_manifest_v2_2026-06-06
E3_S03_A_FALL_STD_F_T004.csv,FALL_STD_F,3,3,test,auto_reviewed,True,True,none,102,fixed,50,350,True,,onset_manifest_v2_2026-06-06
E3_S03_A_FALL_STD_F_T004.csv,FALL_STD_F,3,3,test,auto_reviewed,True,True,none,102,onset_primary,52,352,True,,onset_manifest_v2_2026-06-06
E3_S03_A_FALL_STD_F_T004.csv,FALL_STD_F,3,3,test,auto_reviewed,True,True,none,102,onset_reduced,2,302,True,,onset_manifest_v2_2026-06-06
E3_S03_A_FALL_STD_F_T005.csv,FALL_STD_F,3,3,train,onset_unusable,True,False,onset_aligned_only,,fixed,50,350,True,,onset_manifest_v2_2026-06-06
E3_S03_A_FALL_STD_F_T005.csv,FALL_STD_F,3,3,train,onset_unusable,True,False,onset_aligned_only,,onset_primary,,,False,not_usable_for_onset_aligned,onset_manifest_v2_2026-06-06
E3_S03_A_FALL_STD_F_T005.csv,FALL_STD_F,3,3,train,onset_unusable,True,False,onset_aligned_only,,onset_reduced,,,False,not_usable_for_onset_aligned,onset_manifest_v2_2026-06-06
E3_S03_A_FALL_STD_F_T006.csv,FALL_STD_F,3,3,train,auto_reviewed,True,True,none,198,fixed,50,350,True,,onset_manifest_v2_2026-06-06
E3_S03_A_FALL_STD_F_T006.csv,FALL_STD_F,3,3,train,auto_reviewed,True,True,none,198,onset_primary,148,448,False,crop_out_of_bounds,onset_manifest_v2_2026-06-06
E3_S03_A_FALL_STD_F_T006.csv,FALL_STD_F,3,3,train,auto_reviewed,True,True,none,198,onset_reduced,98,398,True,,onset_manifest_v2_2026-06-06
E3_S03_A_FALL_STD_F_T007.csv,FALL_STD_F,3,3,test,pending_manual,True,False,none,,fixed,50,350,True,,onset_manifest_v2_2026-06-06
E3_S03_A_FALL_STD_F_T007.csv,FALL_STD_F,3,3,test,pending_manual,True,False,none,,onset_primary,,,False,not_usable_for_onset_aligned,onset_manifest_v2_2026-06-06
E3_S03_A_FALL_STD_F_T007.csv,FALL_STD_F,3,3,test,pending_manual,True,False,none,,onset_reduced,,,False,not_usable_for_onset_aligned,onset_manifest_v2_2026-06-06
E3_S03_A_FALL_STD_F_T008.csv,FALL_STD_F,3,3,val,auto_reviewed,True,True,none,147,fixed,50,350,True,,onset_manifest_v2_2026-06-06
E3_S03_A_FALL_STD_F_T008.csv,FALL_STD_F,3,3,val,auto_reviewed,True,True,none,147,onset_primary,97,397,True,,onset_manifest_v2_2026-06-06
E3_S03_A_FALL_STD_F_T008.csv,FALL_STD_F,3,3,val,auto_reviewed,True,True,none,147,onset_reduced,47,347,True,,onset_manifest_v2_2026-06-06
E3_S03_A_FALL_STD_F_T009.csv,FALL_STD_F,3,3,val,auto_reviewed,True,True,none,143,fixed,50,350,True,,onset_manifest_v2_2026-06-06
E3_S03_A_FALL_STD_F_T009.csv,FALL_STD_F,3,3,val,auto_reviewed,True,True,none,143,onset_primary,93,393,True,,onset_manifest_v2_2026-06-06
E3_S03_A_FALL_STD_F_T009.csv,FALL_STD_F,3,3,val,auto_reviewed,True,True,none,143,onset_reduced,43,343,True,,onset_manifest_v2_2026-06-06
E3_S03_A_FALL_STD_F_T010.csv,FALL_STD_F,3,3,val,auto_reviewed,True,True,none,161,fixed,50,350,True,,onset_manifest_v2_2026-06-06
E3_S03_A_FALL_STD_F_T010.csv,FALL_STD_F,3,3,val,auto_reviewed,True,True,none,161,onset_primary,111,411,False,crop_out_of_bounds,onset_manifest_v2_2026-06-06
E3_S03_A_FALL_STD_F_T010.csv,FALL_STD_F,3,3,val,auto_reviewed,True,True,none,161,onset_reduced,61,361,True,,onset_manifest_v2_2026-06-06
E3_S03_A_FALL_WALK_B_T001.csv,FALL_WALK_B,3,3,train,auto_reviewed,True,True,none,107,fixed,50,350,True,,onset_manifest_v2_2026-06-06
E3_S03_A_FALL_WALK_B_T001.csv,FALL_WALK_B,3,3,train,auto_reviewed,True,True,none,107,onset_primary,57,357,True,,onset_manifest_v2_2026-06-06
E3_S03_A_FALL_WALK_B_T001.csv,FALL_WALK_B,3,3,train,auto_reviewed,True,True,none,107,onset_reduced,7,307,True,,onset_manifest_v2_2026-06-06
E3_S03_A_FALL_WALK_B_T002.csv,FALL_WALK_B,3,3,val,auto_reviewed,True,True,none,109,fixed,50,350,True,,onset_manifest_v2_2026-06-06
E3_S03_A_FALL_WALK_B_T002.csv,FALL_WALK_B,3,3,val,auto_reviewed,True,True,none,109,onset_primary,59,359,True,,onset_manifest_v2_2026-06-06
E3_S03_A_FALL_WALK_B_T002.csv,FALL_WALK_B,3,3,val,auto_reviewed,True,True,none,109,onset_reduced,9,309,True,,onset_manifest_v2_2026-06-06
E3_S03_A_FALL_WALK_B_T003.csv,FALL_WALK_B,3,3,train,onset_unusable,True,False,onset_aligned_only,,fixed,50,350,True,,onset_manifest_v2_2026-06-06
E3_S03_A_FALL_WALK_B_T003.csv,FALL_WALK_B,3,3,train,onset_unusable,True,False,onset_aligned_only,,onset_primary,,,False,not_usable_for_onset_aligned,onset_manifest_v2_2026-06-06
E3_S03_A_FALL_WALK_B_T003.csv,FALL_WALK_B,3,3,train,onset_unusable,True,False,onset_aligned_only,,onset_reduced,,,False,not_usable_for_onset_aligned,onset_manifest_v2_2026-06-06
E3_S03_A_FALL_WALK_B_T004.csv,FALL_WALK_B,3,3,train,data_invalid,False,False,all_policies,,fixed,50,350,False,not_usable_for_fixed,onset_manifest_v2_2026-06-06
E3_S03_A_FALL_WALK_B_T004.csv,FALL_WALK_B,3,3,train,data_invalid,False,False,all_policies,,onset_primary,,,False,not_usable_for_onset_aligned,onset_manifest_v2_2026-06-06
E3_S03_A_FALL_WALK_B_T004.csv,FALL_WALK_B,3,3,train,data_invalid,False,False,all_policies,,onset_reduced,,,False,not_usable_for_onset_aligned,onset_manifest_v2_2026-06-06
E3_S03_A_FALL_WALK_B_T005.csv,FALL_WALK_B,3,3,train,onset_unusable,True,False,onset_aligned_only,,fixed,50,350,True,,onset_manifest_v2_2026-06-06
E3_S03_A_FALL_WALK_B_T005.csv,FALL_WALK_B,3,3,train,onset_unusable,True,False,onset_aligned_only,,onset_primary,,,False,not_usable_for_onset_aligned,onset_manifest_v2_2026-06-06
E3_S03_A_FALL_WALK_B_T005.csv,FALL_WALK_B,3,3,train,onset_unusable,True,False,onset_aligned_only,,onset_reduced,,,False,not_usable_for_onset_aligned,onset_manifest_v2_2026-06-06
E3_S03_A_FALL_WALK_B_T006.csv,FALL_WALK_B,3,3,val,onset_unusable,True,False,onset_aligned_only,,fixed,50,350,True,,onset_manifest_v2_2026-06-06
E3_S03_A_FALL_WALK_B_T006.csv,FALL_WALK_B,3,3,val,onset_unusable,True,False,onset_aligned_only,,onset_primary,,,False,not_usable_for_onset_aligned,onset_manifest_v2_2026-06-06
E3_S03_A_FALL_WALK_B_T006.csv,FALL_WALK_B,3,3,val,onset_unusable,True,False,onset_aligned_only,,onset_reduced,,,False,not_usable_for_onset_aligned,onset_manifest_v2_2026-06-06
E3_S03_A_FALL_WALK_B_T007.csv,FALL_WALK_B,3,3,train,onset_unusable,True,False,onset_aligned_only,,fixed,50,350,True,,onset_manifest_v2_2026-06-06
E3_S03_A_FALL_WALK_B_T007.csv,FALL_WALK_B,3,3,train,onset_unusable,True,False,onset_aligned_only,,onset_primary,,,False,not_usable_for_onset_aligned,onset_manifest_v2_2026-06-06
E3_S03_A_FALL_WALK_B_T007.csv,FALL_WALK_B,3,3,train,onset_unusable,True,False,onset_aligned_only,,onset_reduced,,,False,not_usable_for_onset_aligned,onset_manifest_v2_2026-06-06
E3_S03_A_FALL_WALK_B_T008.csv,FALL_WALK_B,3,3,train,onset_unusable,True,False,onset_aligned_only,,fixed,50,350,True,,onset_manifest_v2_2026-06-06
E3_S03_A_FALL_WALK_B_T008.csv,FALL_WALK_B,3,3,train,onset_unusable,True,False,onset_aligned_only,,onset_primary,,,False,not_usable_for_onset_aligned,onset_manifest_v2_2026-06-06
E3_S03_A_FALL_WALK_B_T008.csv,FALL_WALK_B,3,3,train,onset_unusable,True,False,onset_aligned_only,,onset_reduced,,,False,not_usable_for_onset_aligned,onset_manifest_v2_2026-06-06
E3_S03_A_FALL_WALK_B_T009.csv,FALL_WALK_B,3,3,train,manual_corrected,True,True,none,76,fixed,50,350,True,,onset_manifest_v2_2026-06-06
E3_S03_A_FALL_WALK_B_T009.csv,FALL_WALK_B,3,3,train,manual_corrected,True,True,none,76,onset_primary,26,326,True,,onset_manifest_v2_2026-06-06
E3_S03_A_FALL_WALK_B_T009.csv,FALL_WALK_B,3,3,train,manual_corrected,True,True,none,76,onset_reduced,-24,276,False,crop_out_of_bounds,onset_manifest_v2_2026-06-06
E3_S03_A_FALL_WALK_B_T010.csv,FALL_WALK_B,3,3,train,manual_corrected,True,True,none,61,fixed,50,350,True,,onset_manifest_v2_2026-06-06
E3_S03_A_FALL_WALK_B_T010.csv,FALL_WALK_B,3,3,train,manual_corrected,True,True,none,61,onset_primary,11,311,True,,onset_manifest_v2_2026-06-06
E3_S03_A_FALL_WALK_B_T010.csv,FALL_WALK_B,3,3,train,manual_corrected,True,True,none,61,onset_reduced,-39,261,False,crop_out_of_bounds,onset_manifest_v2_2026-06-06
E3_S03_A_FALL_WALK_F_T001.csv,FALL_WALK_F,3,3,train,onset_unusable,True,False,onset_aligned_only,,fixed,50,350,True,,onset_manifest_v2_2026-06-06
E3_S03_A_FALL_WALK_F_T001.csv,FALL_WALK_F,3,3,train,onset_unusable,True,False,onset_aligned_only,,onset_primary,,,False,not_usable_for_onset_aligned,onset_manifest_v2_2026-06-06
E3_S03_A_FALL_WALK_F_T001.csv,FALL_WALK_F,3,3,train,onset_unusable,True,False,onset_aligned_only,,onset_reduced,,,False,not_usable_for_onset_aligned,onset_manifest_v2_2026-06-06
E3_S03_A_FALL_WALK_F_T002.csv,FALL_WALK_F,3,3,train,manual_corrected,True,True,none,81,fixed,50,350,True,,onset_manifest_v2_2026-06-06
E3_S03_A_FALL_WALK_F_T002.csv,FALL_WALK_F,3,3,train,manual_corrected,True,True,none,81,onset_primary,31,331,True,,onset_manifest_v2_2026-06-06
E3_S03_A_FALL_WALK_F_T002.csv,FALL_WALK_F,3,3,train,manual_corrected,True,True,none,81,onset_reduced,-19,281,False,crop_out_of_bounds,onset_manifest_v2_2026-06-06
E3_S03_A_FALL_WALK_F_T003.csv,FALL_WALK_F,3,3,val,onset_unusable,True,False,onset_aligned_only,,fixed,50,350,True,,onset_manifest_v2_2026-06-06
E3_S03_A_FALL_WALK_F_T003.csv,FALL_WALK_F,3,3,val,onset_unusable,True,False,onset_aligned_only,,onset_primary,,,False,not_usable_for_onset_aligned,onset_manifest_v2_2026-06-06
E3_S03_A_FALL_WALK_F_T003.csv,FALL_WALK_F,3,3,val,onset_unusable,True,False,onset_aligned_only,,onset_reduced,,,False,not_usable_for_onset_aligned,onset_manifest_v2_2026-06-06
E3_S03_A_FALL_WALK_F_T004.csv,FALL_WALK_F,3,3,train,auto_reviewed,True,True,none,105,fixed,50,350,True,,onset_manifest_v2_2026-06-06
E3_S03_A_FALL_WALK_F_T004.csv,FALL_WALK_F,3,3,train,auto_reviewed,True,True,none,105,onset_primary,55,355,True,,onset_manifest_v2_2026-06-06
E3_S03_A_FALL_WALK_F_T004.csv,FALL_WALK_F,3,3,train,auto_reviewed,True,True,none,105,onset_reduced,5,305,True,,onset_manifest_v2_2026-06-06
E3_S03_A_FALL_WALK_F_T005.csv,FALL_WALK_F,3,3,train,data_invalid,False,False,all_policies,,fixed,50,350,False,not_usable_for_fixed,onset_manifest_v2_2026-06-06
E3_S03_A_FALL_WALK_F_T005.csv,FALL_WALK_F,3,3,train,data_invalid,False,False,all_policies,,onset_primary,,,False,not_usable_for_onset_aligned,onset_manifest_v2_2026-06-06
E3_S03_A_FALL_WALK_F_T005.csv,FALL_WALK_F,3,3,train,data_invalid,False,False,all_policies,,onset_reduced,,,False,not_usable_for_onset_aligned,onset_manifest_v2_2026-06-06
E3_S03_A_FALL_WALK_F_T006.csv,FALL_WALK_F,3,3,test,pending_manual,True,False,none,,fixed,50,350,True,,onset_manifest_v2_2026-06-06
E3_S03_A_FALL_WALK_F_T006.csv,FALL_WALK_F,3,3,test,pending_manual,True,False,none,,onset_primary,,,False,not_usable_for_onset_aligned,onset_manifest_v2_2026-06-06
E3_S03_A_FALL_WALK_F_T006.csv,FALL_WALK_F,3,3,test,pending_manual,True,False,none,,onset_reduced,,,False,not_usable_for_onset_aligned,onset_manifest_v2_2026-06-06
E3_S03_A_FALL_WALK_F_T007.csv,FALL_WALK_F,3,3,val,auto_reviewed,True,True,none,118,fixed,50,350,True,,onset_manifest_v2_2026-06-06
E3_S03_A_FALL_WALK_F_T007.csv,FALL_WALK_F,3,3,val,auto_reviewed,True,True,none,118,onset_primary,68,368,True,,onset_manifest_v2_2026-06-06
E3_S03_A_FALL_WALK_F_T007.csv,FALL_WALK_F,3,3,val,auto_reviewed,True,True,none,118,onset_reduced,18,318,True,,onset_manifest_v2_2026-06-06
E3_S03_A_FALL_WALK_F_T008.csv,FALL_WALK_F,3,3,train,auto_reviewed,True,True,none,166,fixed,50,350,True,,onset_manifest_v2_2026-06-06
E3_S03_A_FALL_WALK_F_T008.csv,FALL_WALK_F,3,3,train,auto_reviewed,True,True,none,166,onset_primary,116,416,False,crop_out_of_bounds,onset_manifest_v2_2026-06-06
E3_S03_A_FALL_WALK_F_T008.csv,FALL_WALK_F,3,3,train,auto_reviewed,True,True,none,166,onset_reduced,66,366,True,,onset_manifest_v2_2026-06-06
E3_S03_A_FALL_WALK_F_T009.csv,FALL_WALK_F,3,3,val,auto_reviewed,True,True,none,200,fixed,50,350,True,,onset_manifest_v2_2026-06-06
E3_S03_A_FALL_WALK_F_T009.csv,FALL_WALK_F,3,3,val,auto_reviewed,True,True,none,200,onset_primary,150,450,False,crop_out_of_bounds,onset_manifest_v2_2026-06-06
E3_S03_A_FALL_WALK_F_T009.csv,FALL_WALK_F,3,3,val,auto_reviewed,True,True,none,200,onset_reduced,100,400,True,,onset_manifest_v2_2026-06-06
E3_S03_A_FALL_WALK_F_T010.csv,FALL_WALK_F,3,3,train,auto_reviewed,True,True,none,181,fixed,50,350,True,,onset_manifest_v2_2026-06-06
E3_S03_A_FALL_WALK_F_T010.csv,FALL_WALK_F,3,3,train,auto_reviewed,True,True,none,181,onset_primary,131,431,False,crop_out_of_bounds,onset_manifest_v2_2026-06-06
E3_S03_A_FALL_WALK_F_T010.csv,FALL_WALK_F,3,3,train,auto_reviewed,True,True,none,181,onset_reduced,81,381,True,,onset_manifest_v2_2026-06-06
E4_S01_A_FALL_SIT_B_T001.csv,FALL_SIT_B,4,1,train,auto_reviewed,True,True,none,105,fixed,50,350,True,,onset_manifest_v2_2026-06-06
E4_S01_A_FALL_SIT_B_T001.csv,FALL_SIT_B,4,1,train,auto_reviewed,True,True,none,105,onset_primary,55,355,True,,onset_manifest_v2_2026-06-06
E4_S01_A_FALL_SIT_B_T001.csv,FALL_SIT_B,4,1,train,auto_reviewed,True,True,none,105,onset_reduced,5,305,True,,onset_manifest_v2_2026-06-06
E4_S01_A_FALL_SIT_B_T002.csv,FALL_SIT_B,4,1,train,auto_reviewed,True,True,none,133,fixed,50,350,True,,onset_manifest_v2_2026-06-06
E4_S01_A_FALL_SIT_B_T002.csv,FALL_SIT_B,4,1,train,auto_reviewed,True,True,none,133,onset_primary,83,383,True,,onset_manifest_v2_2026-06-06
E4_S01_A_FALL_SIT_B_T002.csv,FALL_SIT_B,4,1,train,auto_reviewed,True,True,none,133,onset_reduced,33,333,True,,onset_manifest_v2_2026-06-06
E4_S01_A_FALL_SIT_B_T003.csv,FALL_SIT_B,4,1,train,auto_reviewed,True,True,none,118,fixed,50,350,True,,onset_manifest_v2_2026-06-06
E4_S01_A_FALL_SIT_B_T003.csv,FALL_SIT_B,4,1,train,auto_reviewed,True,True,none,118,onset_primary,68,368,True,,onset_manifest_v2_2026-06-06
E4_S01_A_FALL_SIT_B_T003.csv,FALL_SIT_B,4,1,train,auto_reviewed,True,True,none,118,onset_reduced,18,318,True,,onset_manifest_v2_2026-06-06
E4_S01_A_FALL_SIT_B_T004.csv,FALL_SIT_B,4,1,train,auto_reviewed,True,True,none,106,fixed,50,350,True,,onset_manifest_v2_2026-06-06
E4_S01_A_FALL_SIT_B_T004.csv,FALL_SIT_B,4,1,train,auto_reviewed,True,True,none,106,onset_primary,56,356,True,,onset_manifest_v2_2026-06-06
E4_S01_A_FALL_SIT_B_T004.csv,FALL_SIT_B,4,1,train,auto_reviewed,True,True,none,106,onset_reduced,6,306,True,,onset_manifest_v2_2026-06-06
E4_S01_A_FALL_SIT_B_T005.csv,FALL_SIT_B,4,1,train,auto_reviewed,True,True,none,116,fixed,50,350,True,,onset_manifest_v2_2026-06-06
E4_S01_A_FALL_SIT_B_T005.csv,FALL_SIT_B,4,1,train,auto_reviewed,True,True,none,116,onset_primary,66,366,True,,onset_manifest_v2_2026-06-06
E4_S01_A_FALL_SIT_B_T005.csv,FALL_SIT_B,4,1,train,auto_reviewed,True,True,none,116,onset_reduced,16,316,True,,onset_manifest_v2_2026-06-06
E4_S01_A_FALL_SIT_B_T006.csv,FALL_SIT_B,4,1,train,auto_reviewed,True,True,none,126,fixed,50,350,True,,onset_manifest_v2_2026-06-06
E4_S01_A_FALL_SIT_B_T006.csv,FALL_SIT_B,4,1,train,auto_reviewed,True,True,none,126,onset_primary,76,376,True,,onset_manifest_v2_2026-06-06
E4_S01_A_FALL_SIT_B_T006.csv,FALL_SIT_B,4,1,train,auto_reviewed,True,True,none,126,onset_reduced,26,326,True,,onset_manifest_v2_2026-06-06
E4_S01_A_FALL_SIT_B_T007.csv,FALL_SIT_B,4,1,train,auto_reviewed,True,True,none,143,fixed,50,350,True,,onset_manifest_v2_2026-06-06
E4_S01_A_FALL_SIT_B_T007.csv,FALL_SIT_B,4,1,train,auto_reviewed,True,True,none,143,onset_primary,93,393,True,,onset_manifest_v2_2026-06-06
E4_S01_A_FALL_SIT_B_T007.csv,FALL_SIT_B,4,1,train,auto_reviewed,True,True,none,143,onset_reduced,43,343,True,,onset_manifest_v2_2026-06-06
E4_S01_A_FALL_SIT_B_T008.csv,FALL_SIT_B,4,1,train,auto_reviewed,True,True,none,147,fixed,50,350,True,,onset_manifest_v2_2026-06-06
E4_S01_A_FALL_SIT_B_T008.csv,FALL_SIT_B,4,1,train,auto_reviewed,True,True,none,147,onset_primary,97,397,True,,onset_manifest_v2_2026-06-06
E4_S01_A_FALL_SIT_B_T008.csv,FALL_SIT_B,4,1,train,auto_reviewed,True,True,none,147,onset_reduced,47,347,True,,onset_manifest_v2_2026-06-06
E4_S01_A_FALL_SIT_B_T009.csv,FALL_SIT_B,4,1,train,onset_unusable,True,False,onset_aligned_only,,fixed,50,350,True,,onset_manifest_v2_2026-06-06
E4_S01_A_FALL_SIT_B_T009.csv,FALL_SIT_B,4,1,train,onset_unusable,True,False,onset_aligned_only,,onset_primary,,,False,not_usable_for_onset_aligned,onset_manifest_v2_2026-06-06
E4_S01_A_FALL_SIT_B_T009.csv,FALL_SIT_B,4,1,train,onset_unusable,True,False,onset_aligned_only,,onset_reduced,,,False,not_usable_for_onset_aligned,onset_manifest_v2_2026-06-06
E4_S01_A_FALL_SIT_B_T010.csv,FALL_SIT_B,4,1,test,pending_manual,True,False,none,,fixed,50,350,True,,onset_manifest_v2_2026-06-06
E4_S01_A_FALL_SIT_B_T010.csv,FALL_SIT_B,4,1,test,pending_manual,True,False,none,,onset_primary,,,False,not_usable_for_onset_aligned,onset_manifest_v2_2026-06-06
E4_S01_A_FALL_SIT_B_T010.csv,FALL_SIT_B,4,1,test,pending_manual,True,False,none,,onset_reduced,,,False,not_usable_for_onset_aligned,onset_manifest_v2_2026-06-06
E4_S01_A_FALL_SIT_F_T001.csv,FALL_SIT_F,4,1,val,auto_reviewed,True,True,none,104,fixed,50,350,True,,onset_manifest_v2_2026-06-06
E4_S01_A_FALL_SIT_F_T001.csv,FALL_SIT_F,4,1,val,auto_reviewed,True,True,none,104,onset_primary,54,354,True,,onset_manifest_v2_2026-06-06
E4_S01_A_FALL_SIT_F_T001.csv,FALL_SIT_F,4,1,val,auto_reviewed,True,True,none,104,onset_reduced,4,304,True,,onset_manifest_v2_2026-06-06
E4_S01_A_FALL_SIT_F_T002.csv,FALL_SIT_F,4,1,test,pending_manual,True,False,none,,fixed,50,350,True,,onset_manifest_v2_2026-06-06
E4_S01_A_FALL_SIT_F_T002.csv,FALL_SIT_F,4,1,test,pending_manual,True,False,none,,onset_primary,,,False,not_usable_for_onset_aligned,onset_manifest_v2_2026-06-06
E4_S01_A_FALL_SIT_F_T002.csv,FALL_SIT_F,4,1,test,pending_manual,True,False,none,,onset_reduced,,,False,not_usable_for_onset_aligned,onset_manifest_v2_2026-06-06
E4_S01_A_FALL_SIT_F_T003.csv,FALL_SIT_F,4,1,train,auto_reviewed,True,True,none,105,fixed,50,350,True,,onset_manifest_v2_2026-06-06
E4_S01_A_FALL_SIT_F_T003.csv,FALL_SIT_F,4,1,train,auto_reviewed,True,True,none,105,onset_primary,55,355,True,,onset_manifest_v2_2026-06-06
E4_S01_A_FALL_SIT_F_T003.csv,FALL_SIT_F,4,1,train,auto_reviewed,True,True,none,105,onset_reduced,5,305,True,,onset_manifest_v2_2026-06-06
E4_S01_A_FALL_SIT_F_T004.csv,FALL_SIT_F,4,1,train,onset_unusable,True,False,onset_aligned_only,,fixed,50,350,True,,onset_manifest_v2_2026-06-06
E4_S01_A_FALL_SIT_F_T004.csv,FALL_SIT_F,4,1,train,onset_unusable,True,False,onset_aligned_only,,onset_primary,,,False,not_usable_for_onset_aligned,onset_manifest_v2_2026-06-06
E4_S01_A_FALL_SIT_F_T004.csv,FALL_SIT_F,4,1,train,onset_unusable,True,False,onset_aligned_only,,onset_reduced,,,False,not_usable_for_onset_aligned,onset_manifest_v2_2026-06-06
E4_S01_A_FALL_SIT_F_T005.csv,FALL_SIT_F,4,1,train,auto_reviewed,True,True,none,110,fixed,50,350,True,,onset_manifest_v2_2026-06-06
E4_S01_A_FALL_SIT_F_T005.csv,FALL_SIT_F,4,1,train,auto_reviewed,True,True,none,110,onset_primary,60,360,True,,onset_manifest_v2_2026-06-06
E4_S01_A_FALL_SIT_F_T005.csv,FALL_SIT_F,4,1,train,auto_reviewed,True,True,none,110,onset_reduced,10,310,True,,onset_manifest_v2_2026-06-06
E4_S01_A_FALL_SIT_F_T006.csv,FALL_SIT_F,4,1,train,auto_reviewed,True,True,none,134,fixed,50,350,True,,onset_manifest_v2_2026-06-06
E4_S01_A_FALL_SIT_F_T006.csv,FALL_SIT_F,4,1,train,auto_reviewed,True,True,none,134,onset_primary,84,384,True,,onset_manifest_v2_2026-06-06
E4_S01_A_FALL_SIT_F_T006.csv,FALL_SIT_F,4,1,train,auto_reviewed,True,True,none,134,onset_reduced,34,334,True,,onset_manifest_v2_2026-06-06
E4_S01_A_FALL_SIT_F_T007.csv,FALL_SIT_F,4,1,val,auto_reviewed,True,True,none,148,fixed,50,350,True,,onset_manifest_v2_2026-06-06
E4_S01_A_FALL_SIT_F_T007.csv,FALL_SIT_F,4,1,val,auto_reviewed,True,True,none,148,onset_primary,98,398,True,,onset_manifest_v2_2026-06-06
E4_S01_A_FALL_SIT_F_T007.csv,FALL_SIT_F,4,1,val,auto_reviewed,True,True,none,148,onset_reduced,48,348,True,,onset_manifest_v2_2026-06-06
E4_S01_A_FALL_SIT_F_T008.csv,FALL_SIT_F,4,1,train,auto_reviewed,True,True,none,146,fixed,50,350,True,,onset_manifest_v2_2026-06-06
E4_S01_A_FALL_SIT_F_T008.csv,FALL_SIT_F,4,1,train,auto_reviewed,True,True,none,146,onset_primary,96,396,True,,onset_manifest_v2_2026-06-06
E4_S01_A_FALL_SIT_F_T008.csv,FALL_SIT_F,4,1,train,auto_reviewed,True,True,none,146,onset_reduced,46,346,True,,onset_manifest_v2_2026-06-06
E4_S01_A_FALL_SIT_F_T009.csv,FALL_SIT_F,4,1,test,auto_reviewed,True,True,none,133,fixed,50,350,True,,onset_manifest_v2_2026-06-06
E4_S01_A_FALL_SIT_F_T009.csv,FALL_SIT_F,4,1,test,auto_reviewed,True,True,none,133,onset_primary,83,383,True,,onset_manifest_v2_2026-06-06
E4_S01_A_FALL_SIT_F_T009.csv,FALL_SIT_F,4,1,test,auto_reviewed,True,True,none,133,onset_reduced,33,333,True,,onset_manifest_v2_2026-06-06
E4_S01_A_FALL_SIT_F_T010.csv,FALL_SIT_F,4,1,train,auto_reviewed,True,True,none,164,fixed,50,350,True,,onset_manifest_v2_2026-06-06
E4_S01_A_FALL_SIT_F_T010.csv,FALL_SIT_F,4,1,train,auto_reviewed,True,True,none,164,onset_primary,114,414,False,crop_out_of_bounds,onset_manifest_v2_2026-06-06
E4_S01_A_FALL_SIT_F_T010.csv,FALL_SIT_F,4,1,train,auto_reviewed,True,True,none,164,onset_reduced,64,364,True,,onset_manifest_v2_2026-06-06
E4_S01_A_FALL_STD_B_T001.csv,FALL_STD_B,4,1,val,auto_reviewed,True,True,none,134,fixed,50,350,True,,onset_manifest_v2_2026-06-06
E4_S01_A_FALL_STD_B_T001.csv,FALL_STD_B,4,1,val,auto_reviewed,True,True,none,134,onset_primary,84,384,True,,onset_manifest_v2_2026-06-06
E4_S01_A_FALL_STD_B_T001.csv,FALL_STD_B,4,1,val,auto_reviewed,True,True,none,134,onset_reduced,34,334,True,,onset_manifest_v2_2026-06-06
E4_S01_A_FALL_STD_B_T002.csv,FALL_STD_B,4,1,train,auto_reviewed,True,True,none,140,fixed,50,350,True,,onset_manifest_v2_2026-06-06
E4_S01_A_FALL_STD_B_T002.csv,FALL_STD_B,4,1,train,auto_reviewed,True,True,none,140,onset_primary,90,390,True,,onset_manifest_v2_2026-06-06
E4_S01_A_FALL_STD_B_T002.csv,FALL_STD_B,4,1,train,auto_reviewed,True,True,none,140,onset_reduced,40,340,True,,onset_manifest_v2_2026-06-06
E4_S01_A_FALL_STD_B_T003.csv,FALL_STD_B,4,1,test,auto_reviewed,True,True,none,194,fixed,50,350,True,,onset_manifest_v2_2026-06-06
E4_S01_A_FALL_STD_B_T003.csv,FALL_STD_B,4,1,test,auto_reviewed,True,True,none,194,onset_primary,144,444,False,crop_out_of_bounds,onset_manifest_v2_2026-06-06
E4_S01_A_FALL_STD_B_T003.csv,FALL_STD_B,4,1,test,auto_reviewed,True,True,none,194,onset_reduced,94,394,True,,onset_manifest_v2_2026-06-06
E4_S01_A_FALL_STD_B_T004.csv,FALL_STD_B,4,1,val,auto_reviewed,True,True,none,169,fixed,50,350,True,,onset_manifest_v2_2026-06-06
E4_S01_A_FALL_STD_B_T004.csv,FALL_STD_B,4,1,val,auto_reviewed,True,True,none,169,onset_primary,119,419,False,crop_out_of_bounds,onset_manifest_v2_2026-06-06
E4_S01_A_FALL_STD_B_T004.csv,FALL_STD_B,4,1,val,auto_reviewed,True,True,none,169,onset_reduced,69,369,True,,onset_manifest_v2_2026-06-06
E4_S01_A_FALL_STD_B_T005.csv,FALL_STD_B,4,1,test,pending_manual,True,False,none,,fixed,50,350,True,,onset_manifest_v2_2026-06-06
E4_S01_A_FALL_STD_B_T005.csv,FALL_STD_B,4,1,test,pending_manual,True,False,none,,onset_primary,,,False,not_usable_for_onset_aligned,onset_manifest_v2_2026-06-06
E4_S01_A_FALL_STD_B_T005.csv,FALL_STD_B,4,1,test,pending_manual,True,False,none,,onset_reduced,,,False,not_usable_for_onset_aligned,onset_manifest_v2_2026-06-06
E4_S01_A_FALL_STD_B_T006.csv,FALL_STD_B,4,1,train,auto_reviewed,True,True,none,163,fixed,50,350,True,,onset_manifest_v2_2026-06-06
E4_S01_A_FALL_STD_B_T006.csv,FALL_STD_B,4,1,train,auto_reviewed,True,True,none,163,onset_primary,113,413,False,crop_out_of_bounds,onset_manifest_v2_2026-06-06
E4_S01_A_FALL_STD_B_T006.csv,FALL_STD_B,4,1,train,auto_reviewed,True,True,none,163,onset_reduced,63,363,True,,onset_manifest_v2_2026-06-06
E4_S01_A_FALL_STD_B_T007.csv,FALL_STD_B,4,1,train,auto_reviewed,True,True,none,127,fixed,50,350,True,,onset_manifest_v2_2026-06-06
E4_S01_A_FALL_STD_B_T007.csv,FALL_STD_B,4,1,train,auto_reviewed,True,True,none,127,onset_primary,77,377,True,,onset_manifest_v2_2026-06-06
E4_S01_A_FALL_STD_B_T007.csv,FALL_STD_B,4,1,train,auto_reviewed,True,True,none,127,onset_reduced,27,327,True,,onset_manifest_v2_2026-06-06
E4_S01_A_FALL_STD_B_T008.csv,FALL_STD_B,4,1,train,auto_reviewed,True,True,none,212,fixed,50,350,True,,onset_manifest_v2_2026-06-06
E4_S01_A_FALL_STD_B_T008.csv,FALL_STD_B,4,1,train,auto_reviewed,True,True,none,212,onset_primary,162,462,False,crop_out_of_bounds,onset_manifest_v2_2026-06-06
E4_S01_A_FALL_STD_B_T008.csv,FALL_STD_B,4,1,train,auto_reviewed,True,True,none,212,onset_reduced,112,412,False,crop_out_of_bounds,onset_manifest_v2_2026-06-06
E4_S01_A_FALL_STD_B_T009.csv,FALL_STD_B,4,1,test,auto_reviewed,True,True,none,175,fixed,50,350,True,,onset_manifest_v2_2026-06-06
E4_S01_A_FALL_STD_B_T009.csv,FALL_STD_B,4,1,test,auto_reviewed,True,True,none,175,onset_primary,125,425,False,crop_out_of_bounds,onset_manifest_v2_2026-06-06
E4_S01_A_FALL_STD_B_T009.csv,FALL_STD_B,4,1,test,auto_reviewed,True,True,none,175,onset_reduced,75,375,True,,onset_manifest_v2_2026-06-06
E4_S01_A_FALL_STD_B_T010.csv,FALL_STD_B,4,1,test,pending_manual,True,False,none,,fixed,50,350,True,,onset_manifest_v2_2026-06-06
E4_S01_A_FALL_STD_B_T010.csv,FALL_STD_B,4,1,test,pending_manual,True,False,none,,onset_primary,,,False,not_usable_for_onset_aligned,onset_manifest_v2_2026-06-06
E4_S01_A_FALL_STD_B_T010.csv,FALL_STD_B,4,1,test,pending_manual,True,False,none,,onset_reduced,,,False,not_usable_for_onset_aligned,onset_manifest_v2_2026-06-06
E4_S01_A_FALL_STD_F_T001.csv,FALL_STD_F,4,1,train,auto_reviewed,True,True,none,132,fixed,50,350,True,,onset_manifest_v2_2026-06-06
E4_S01_A_FALL_STD_F_T001.csv,FALL_STD_F,4,1,train,auto_reviewed,True,True,none,132,onset_primary,82,382,True,,onset_manifest_v2_2026-06-06
E4_S01_A_FALL_STD_F_T001.csv,FALL_STD_F,4,1,train,auto_reviewed,True,True,none,132,onset_reduced,32,332,True,,onset_manifest_v2_2026-06-06
E4_S01_A_FALL_STD_F_T002.csv,FALL_STD_F,4,1,train,manual_corrected,True,True,none,151,fixed,50,350,True,,onset_manifest_v2_2026-06-06
E4_S01_A_FALL_STD_F_T002.csv,FALL_STD_F,4,1,train,manual_corrected,True,True,none,151,onset_primary,101,401,False,crop_out_of_bounds,onset_manifest_v2_2026-06-06
E4_S01_A_FALL_STD_F_T002.csv,FALL_STD_F,4,1,train,manual_corrected,True,True,none,151,onset_reduced,51,351,True,,onset_manifest_v2_2026-06-06
E4_S01_A_FALL_STD_F_T003.csv,FALL_STD_F,4,1,test,pending_manual,True,False,none,,fixed,50,350,True,,onset_manifest_v2_2026-06-06
E4_S01_A_FALL_STD_F_T003.csv,FALL_STD_F,4,1,test,pending_manual,True,False,none,,onset_primary,,,False,not_usable_for_onset_aligned,onset_manifest_v2_2026-06-06
E4_S01_A_FALL_STD_F_T003.csv,FALL_STD_F,4,1,test,pending_manual,True,False,none,,onset_reduced,,,False,not_usable_for_onset_aligned,onset_manifest_v2_2026-06-06
E4_S01_A_FALL_STD_F_T004.csv,FALL_STD_F,4,1,test,auto_reviewed,True,True,none,203,fixed,50,350,True,,onset_manifest_v2_2026-06-06
E4_S01_A_FALL_STD_F_T004.csv,FALL_STD_F,4,1,test,auto_reviewed,True,True,none,203,onset_primary,153,453,False,crop_out_of_bounds,onset_manifest_v2_2026-06-06
E4_S01_A_FALL_STD_F_T004.csv,FALL_STD_F,4,1,test,auto_reviewed,True,True,none,203,onset_reduced,103,403,False,crop_out_of_bounds,onset_manifest_v2_2026-06-06
E4_S01_A_FALL_STD_F_T005.csv,FALL_STD_F,4,1,train,auto_reviewed,True,True,none,112,fixed,50,350,True,,onset_manifest_v2_2026-06-06
E4_S01_A_FALL_STD_F_T005.csv,FALL_STD_F,4,1,train,auto_reviewed,True,True,none,112,onset_primary,62,362,True,,onset_manifest_v2_2026-06-06
E4_S01_A_FALL_STD_F_T005.csv,FALL_STD_F,4,1,train,auto_reviewed,True,True,none,112,onset_reduced,12,312,True,,onset_manifest_v2_2026-06-06
E4_S01_A_FALL_STD_F_T006.csv,FALL_STD_F,4,1,val,data_invalid,False,False,all_policies,,fixed,50,350,False,not_usable_for_fixed,onset_manifest_v2_2026-06-06
E4_S01_A_FALL_STD_F_T006.csv,FALL_STD_F,4,1,val,data_invalid,False,False,all_policies,,onset_primary,,,False,not_usable_for_onset_aligned,onset_manifest_v2_2026-06-06
E4_S01_A_FALL_STD_F_T006.csv,FALL_STD_F,4,1,val,data_invalid,False,False,all_policies,,onset_reduced,,,False,not_usable_for_onset_aligned,onset_manifest_v2_2026-06-06
E4_S01_A_FALL_STD_F_T007.csv,FALL_STD_F,4,1,train,auto_reviewed,True,True,none,107,fixed,50,350,True,,onset_manifest_v2_2026-06-06
E4_S01_A_FALL_STD_F_T007.csv,FALL_STD_F,4,1,train,auto_reviewed,True,True,none,107,onset_primary,57,357,True,,onset_manifest_v2_2026-06-06
E4_S01_A_FALL_STD_F_T007.csv,FALL_STD_F,4,1,train,auto_reviewed,True,True,none,107,onset_reduced,7,307,True,,onset_manifest_v2_2026-06-06
E4_S01_A_FALL_STD_F_T008.csv,FALL_STD_F,4,1,train,manual_corrected,True,True,none,192,fixed,50,350,True,,onset_manifest_v2_2026-06-06
E4_S01_A_FALL_STD_F_T008.csv,FALL_STD_F,4,1,train,manual_corrected,True,True,none,192,onset_primary,142,442,False,crop_out_of_bounds,onset_manifest_v2_2026-06-06
E4_S01_A_FALL_STD_F_T008.csv,FALL_STD_F,4,1,train,manual_corrected,True,True,none,192,onset_reduced,92,392,True,,onset_manifest_v2_2026-06-06
E4_S01_A_FALL_STD_F_T009.csv,FALL_STD_F,4,1,val,auto_reviewed,True,True,none,108,fixed,50,350,True,,onset_manifest_v2_2026-06-06
E4_S01_A_FALL_STD_F_T009.csv,FALL_STD_F,4,1,val,auto_reviewed,True,True,none,108,onset_primary,58,358,True,,onset_manifest_v2_2026-06-06
E4_S01_A_FALL_STD_F_T009.csv,FALL_STD_F,4,1,val,auto_reviewed,True,True,none,108,onset_reduced,8,308,True,,onset_manifest_v2_2026-06-06
E4_S01_A_FALL_STD_F_T010.csv,FALL_STD_F,4,1,val,auto_reviewed,True,True,none,142,fixed,50,350,True,,onset_manifest_v2_2026-06-06
E4_S01_A_FALL_STD_F_T010.csv,FALL_STD_F,4,1,val,auto_reviewed,True,True,none,142,onset_primary,92,392,True,,onset_manifest_v2_2026-06-06
E4_S01_A_FALL_STD_F_T010.csv,FALL_STD_F,4,1,val,auto_reviewed,True,True,none,142,onset_reduced,42,342,True,,onset_manifest_v2_2026-06-06
E4_S01_A_FALL_WALK_B_T001.csv,FALL_WALK_B,4,1,train,onset_unusable,True,False,onset_aligned_only,,fixed,50,350,True,,onset_manifest_v2_2026-06-06
E4_S01_A_FALL_WALK_B_T001.csv,FALL_WALK_B,4,1,train,onset_unusable,True,False,onset_aligned_only,,onset_primary,,,False,not_usable_for_onset_aligned,onset_manifest_v2_2026-06-06
E4_S01_A_FALL_WALK_B_T001.csv,FALL_WALK_B,4,1,train,onset_unusable,True,False,onset_aligned_only,,onset_reduced,,,False,not_usable_for_onset_aligned,onset_manifest_v2_2026-06-06
E4_S01_A_FALL_WALK_B_T002.csv,FALL_WALK_B,4,1,train,onset_unusable,True,False,onset_aligned_only,,fixed,50,350,True,,onset_manifest_v2_2026-06-06
E4_S01_A_FALL_WALK_B_T002.csv,FALL_WALK_B,4,1,train,onset_unusable,True,False,onset_aligned_only,,onset_primary,,,False,not_usable_for_onset_aligned,onset_manifest_v2_2026-06-06
E4_S01_A_FALL_WALK_B_T002.csv,FALL_WALK_B,4,1,train,onset_unusable,True,False,onset_aligned_only,,onset_reduced,,,False,not_usable_for_onset_aligned,onset_manifest_v2_2026-06-06
E4_S01_A_FALL_WALK_B_T003.csv,FALL_WALK_B,4,1,train,auto_reviewed,True,True,none,101,fixed,50,350,True,,onset_manifest_v2_2026-06-06
E4_S01_A_FALL_WALK_B_T003.csv,FALL_WALK_B,4,1,train,auto_reviewed,True,True,none,101,onset_primary,51,351,True,,onset_manifest_v2_2026-06-06
E4_S01_A_FALL_WALK_B_T003.csv,FALL_WALK_B,4,1,train,auto_reviewed,True,True,none,101,onset_reduced,1,301,True,,onset_manifest_v2_2026-06-06
E4_S01_A_FALL_WALK_B_T004.csv,FALL_WALK_B,4,1,train,onset_unusable,True,False,onset_aligned_only,,fixed,50,350,True,,onset_manifest_v2_2026-06-06
E4_S01_A_FALL_WALK_B_T004.csv,FALL_WALK_B,4,1,train,onset_unusable,True,False,onset_aligned_only,,onset_primary,,,False,not_usable_for_onset_aligned,onset_manifest_v2_2026-06-06
E4_S01_A_FALL_WALK_B_T004.csv,FALL_WALK_B,4,1,train,onset_unusable,True,False,onset_aligned_only,,onset_reduced,,,False,not_usable_for_onset_aligned,onset_manifest_v2_2026-06-06
E4_S01_A_FALL_WALK_B_T005.csv,FALL_WALK_B,4,1,train,manual_corrected,True,True,none,181,fixed,50,350,True,,onset_manifest_v2_2026-06-06
E4_S01_A_FALL_WALK_B_T005.csv,FALL_WALK_B,4,1,train,manual_corrected,True,True,none,181,onset_primary,131,431,False,crop_out_of_bounds,onset_manifest_v2_2026-06-06
E4_S01_A_FALL_WALK_B_T005.csv,FALL_WALK_B,4,1,train,manual_corrected,True,True,none,181,onset_reduced,81,381,True,,onset_manifest_v2_2026-06-06
E4_S01_A_FALL_WALK_B_T006.csv,FALL_WALK_B,4,1,test,pending_manual,True,False,none,,fixed,50,350,True,,onset_manifest_v2_2026-06-06
E4_S01_A_FALL_WALK_B_T006.csv,FALL_WALK_B,4,1,test,pending_manual,True,False,none,,onset_primary,,,False,not_usable_for_onset_aligned,onset_manifest_v2_2026-06-06
E4_S01_A_FALL_WALK_B_T006.csv,FALL_WALK_B,4,1,test,pending_manual,True,False,none,,onset_reduced,,,False,not_usable_for_onset_aligned,onset_manifest_v2_2026-06-06
E4_S01_A_FALL_WALK_B_T007.csv,FALL_WALK_B,4,1,train,manual_corrected,True,True,none,246,fixed,50,350,True,,onset_manifest_v2_2026-06-06
E4_S01_A_FALL_WALK_B_T007.csv,FALL_WALK_B,4,1,train,manual_corrected,True,True,none,246,onset_primary,196,496,False,crop_out_of_bounds,onset_manifest_v2_2026-06-06
E4_S01_A_FALL_WALK_B_T007.csv,FALL_WALK_B,4,1,train,manual_corrected,True,True,none,246,onset_reduced,146,446,False,crop_out_of_bounds,onset_manifest_v2_2026-06-06
E4_S01_A_FALL_WALK_B_T008.csv,FALL_WALK_B,4,1,train,onset_unusable,True,False,onset_aligned_only,,fixed,50,350,True,,onset_manifest_v2_2026-06-06
E4_S01_A_FALL_WALK_B_T008.csv,FALL_WALK_B,4,1,train,onset_unusable,True,False,onset_aligned_only,,onset_primary,,,False,not_usable_for_onset_aligned,onset_manifest_v2_2026-06-06
E4_S01_A_FALL_WALK_B_T008.csv,FALL_WALK_B,4,1,train,onset_unusable,True,False,onset_aligned_only,,onset_reduced,,,False,not_usable_for_onset_aligned,onset_manifest_v2_2026-06-06
E4_S01_A_FALL_WALK_B_T009.csv,FALL_WALK_B,4,1,train,auto_reviewed,True,True,none,106,fixed,50,350,True,,onset_manifest_v2_2026-06-06
E4_S01_A_FALL_WALK_B_T009.csv,FALL_WALK_B,4,1,train,auto_reviewed,True,True,none,106,onset_primary,56,356,True,,onset_manifest_v2_2026-06-06
E4_S01_A_FALL_WALK_B_T009.csv,FALL_WALK_B,4,1,train,auto_reviewed,True,True,none,106,onset_reduced,6,306,True,,onset_manifest_v2_2026-06-06
E4_S01_A_FALL_WALK_B_T010.csv,FALL_WALK_B,4,1,train,onset_unusable,True,False,onset_aligned_only,,fixed,50,350,True,,onset_manifest_v2_2026-06-06
E4_S01_A_FALL_WALK_B_T010.csv,FALL_WALK_B,4,1,train,onset_unusable,True,False,onset_aligned_only,,onset_primary,,,False,not_usable_for_onset_aligned,onset_manifest_v2_2026-06-06
E4_S01_A_FALL_WALK_B_T010.csv,FALL_WALK_B,4,1,train,onset_unusable,True,False,onset_aligned_only,,onset_reduced,,,False,not_usable_for_onset_aligned,onset_manifest_v2_2026-06-06
E4_S01_A_FALL_WALK_F_T001.csv,FALL_WALK_F,4,1,train,onset_unusable,True,False,onset_aligned_only,,fixed,50,350,True,,onset_manifest_v2_2026-06-06
E4_S01_A_FALL_WALK_F_T001.csv,FALL_WALK_F,4,1,train,onset_unusable,True,False,onset_aligned_only,,onset_primary,,,False,not_usable_for_onset_aligned,onset_manifest_v2_2026-06-06
E4_S01_A_FALL_WALK_F_T001.csv,FALL_WALK_F,4,1,train,onset_unusable,True,False,onset_aligned_only,,onset_reduced,,,False,not_usable_for_onset_aligned,onset_manifest_v2_2026-06-06
E4_S01_A_FALL_WALK_F_T002.csv,FALL_WALK_F,4,1,train,manual_corrected,True,True,none,271,fixed,50,350,True,,onset_manifest_v2_2026-06-06
E4_S01_A_FALL_WALK_F_T002.csv,FALL_WALK_F,4,1,train,manual_corrected,True,True,none,271,onset_primary,221,521,False,crop_out_of_bounds,onset_manifest_v2_2026-06-06
E4_S01_A_FALL_WALK_F_T002.csv,FALL_WALK_F,4,1,train,manual_corrected,True,True,none,271,onset_reduced,171,471,False,crop_out_of_bounds,onset_manifest_v2_2026-06-06
E4_S01_A_FALL_WALK_F_T003.csv,FALL_WALK_F,4,1,train,onset_unusable,True,False,onset_aligned_only,,fixed,50,350,True,,onset_manifest_v2_2026-06-06
E4_S01_A_FALL_WALK_F_T003.csv,FALL_WALK_F,4,1,train,onset_unusable,True,False,onset_aligned_only,,onset_primary,,,False,not_usable_for_onset_aligned,onset_manifest_v2_2026-06-06
E4_S01_A_FALL_WALK_F_T003.csv,FALL_WALK_F,4,1,train,onset_unusable,True,False,onset_aligned_only,,onset_reduced,,,False,not_usable_for_onset_aligned,onset_manifest_v2_2026-06-06
E4_S01_A_FALL_WALK_F_T004.csv,FALL_WALK_F,4,1,test,auto_reviewed,True,True,none,139,fixed,50,350,True,,onset_manifest_v2_2026-06-06
E4_S01_A_FALL_WALK_F_T004.csv,FALL_WALK_F,4,1,test,auto_reviewed,True,True,none,139,onset_primary,89,389,True,,onset_manifest_v2_2026-06-06
E4_S01_A_FALL_WALK_F_T004.csv,FALL_WALK_F,4,1,test,auto_reviewed,True,True,none,139,onset_reduced,39,339,True,,onset_manifest_v2_2026-06-06
E4_S01_A_FALL_WALK_F_T005.csv,FALL_WALK_F,4,1,test,auto_reviewed,True,True,none,111,fixed,50,350,True,,onset_manifest_v2_2026-06-06
E4_S01_A_FALL_WALK_F_T005.csv,FALL_WALK_F,4,1,test,auto_reviewed,True,True,none,111,onset_primary,61,361,True,,onset_manifest_v2_2026-06-06
E4_S01_A_FALL_WALK_F_T005.csv,FALL_WALK_F,4,1,test,auto_reviewed,True,True,none,111,onset_reduced,11,311,True,,onset_manifest_v2_2026-06-06
E4_S01_A_FALL_WALK_F_T006.csv,FALL_WALK_F,4,1,train,auto_reviewed,True,True,none,145,fixed,50,350,True,,onset_manifest_v2_2026-06-06
E4_S01_A_FALL_WALK_F_T006.csv,FALL_WALK_F,4,1,train,auto_reviewed,True,True,none,145,onset_primary,95,395,True,,onset_manifest_v2_2026-06-06
E4_S01_A_FALL_WALK_F_T006.csv,FALL_WALK_F,4,1,train,auto_reviewed,True,True,none,145,onset_reduced,45,345,True,,onset_manifest_v2_2026-06-06
E4_S01_A_FALL_WALK_F_T007.csv,FALL_WALK_F,4,1,train,onset_unusable,True,False,onset_aligned_only,,fixed,50,350,True,,onset_manifest_v2_2026-06-06
E4_S01_A_FALL_WALK_F_T007.csv,FALL_WALK_F,4,1,train,onset_unusable,True,False,onset_aligned_only,,onset_primary,,,False,not_usable_for_onset_aligned,onset_manifest_v2_2026-06-06
E4_S01_A_FALL_WALK_F_T007.csv,FALL_WALK_F,4,1,train,onset_unusable,True,False,onset_aligned_only,,onset_reduced,,,False,not_usable_for_onset_aligned,onset_manifest_v2_2026-06-06
E4_S01_A_FALL_WALK_F_T008.csv,FALL_WALK_F,4,1,train,auto_reviewed,True,True,none,197,fixed,50,350,True,,onset_manifest_v2_2026-06-06
E4_S01_A_FALL_WALK_F_T008.csv,FALL_WALK_F,4,1,train,auto_reviewed,True,True,none,197,onset_primary,147,447,False,crop_out_of_bounds,onset_manifest_v2_2026-06-06
E4_S01_A_FALL_WALK_F_T008.csv,FALL_WALK_F,4,1,train,auto_reviewed,True,True,none,197,onset_reduced,97,397,True,,onset_manifest_v2_2026-06-06
E4_S01_A_FALL_WALK_F_T009.csv,FALL_WALK_F,4,1,train,auto_reviewed,True,True,none,196,fixed,50,350,True,,onset_manifest_v2_2026-06-06
E4_S01_A_FALL_WALK_F_T009.csv,FALL_WALK_F,4,1,train,auto_reviewed,True,True,none,196,onset_primary,146,446,False,crop_out_of_bounds,onset_manifest_v2_2026-06-06
E4_S01_A_FALL_WALK_F_T009.csv,FALL_WALK_F,4,1,train,auto_reviewed,True,True,none,196,onset_reduced,96,396,True,,onset_manifest_v2_2026-06-06
E4_S01_A_FALL_WALK_F_T010.csv,FALL_WALK_F,4,1,val,auto_reviewed,True,True,none,104,fixed,50,350,True,,onset_manifest_v2_2026-06-06
E4_S01_A_FALL_WALK_F_T010.csv,FALL_WALK_F,4,1,val,auto_reviewed,True,True,none,104,onset_primary,54,354,True,,onset_manifest_v2_2026-06-06
E4_S01_A_FALL_WALK_F_T010.csv,FALL_WALK_F,4,1,val,auto_reviewed,True,True,none,104,onset_reduced,4,304,True,,onset_manifest_v2_2026-06-06
E4_S02_A_FALL_SIT_B_T001.csv,FALL_SIT_B,4,2,train,onset_unusable,True,False,onset_aligned_only,,fixed,50,350,True,,onset_manifest_v2_2026-06-06
E4_S02_A_FALL_SIT_B_T001.csv,FALL_SIT_B,4,2,train,onset_unusable,True,False,onset_aligned_only,,onset_primary,,,False,not_usable_for_onset_aligned,onset_manifest_v2_2026-06-06
E4_S02_A_FALL_SIT_B_T001.csv,FALL_SIT_B,4,2,train,onset_unusable,True,False,onset_aligned_only,,onset_reduced,,,False,not_usable_for_onset_aligned,onset_manifest_v2_2026-06-06
E4_S02_A_FALL_SIT_B_T002.csv,FALL_SIT_B,4,2,train,onset_unusable,True,False,onset_aligned_only,,fixed,50,350,True,,onset_manifest_v2_2026-06-06
E4_S02_A_FALL_SIT_B_T002.csv,FALL_SIT_B,4,2,train,onset_unusable,True,False,onset_aligned_only,,onset_primary,,,False,not_usable_for_onset_aligned,onset_manifest_v2_2026-06-06
E4_S02_A_FALL_SIT_B_T002.csv,FALL_SIT_B,4,2,train,onset_unusable,True,False,onset_aligned_only,,onset_reduced,,,False,not_usable_for_onset_aligned,onset_manifest_v2_2026-06-06
E4_S02_A_FALL_SIT_B_T003.csv,FALL_SIT_B,4,2,train,auto_reviewed,True,True,none,105,fixed,50,350,True,,onset_manifest_v2_2026-06-06
E4_S02_A_FALL_SIT_B_T003.csv,FALL_SIT_B,4,2,train,auto_reviewed,True,True,none,105,onset_primary,55,355,True,,onset_manifest_v2_2026-06-06
E4_S02_A_FALL_SIT_B_T003.csv,FALL_SIT_B,4,2,train,auto_reviewed,True,True,none,105,onset_reduced,5,305,True,,onset_manifest_v2_2026-06-06
E4_S02_A_FALL_SIT_B_T004.csv,FALL_SIT_B,4,2,train,manual_corrected,True,True,none,225,fixed,50,350,True,,onset_manifest_v2_2026-06-06
E4_S02_A_FALL_SIT_B_T004.csv,FALL_SIT_B,4,2,train,manual_corrected,True,True,none,225,onset_primary,175,475,False,crop_out_of_bounds,onset_manifest_v2_2026-06-06
E4_S02_A_FALL_SIT_B_T004.csv,FALL_SIT_B,4,2,train,manual_corrected,True,True,none,225,onset_reduced,125,425,False,crop_out_of_bounds,onset_manifest_v2_2026-06-06
E4_S02_A_FALL_SIT_B_T005.csv,FALL_SIT_B,4,2,test,auto_reviewed,True,True,none,121,fixed,50,350,True,,onset_manifest_v2_2026-06-06
E4_S02_A_FALL_SIT_B_T005.csv,FALL_SIT_B,4,2,test,auto_reviewed,True,True,none,121,onset_primary,71,371,True,,onset_manifest_v2_2026-06-06
E4_S02_A_FALL_SIT_B_T005.csv,FALL_SIT_B,4,2,test,auto_reviewed,True,True,none,121,onset_reduced,21,321,True,,onset_manifest_v2_2026-06-06
E4_S02_A_FALL_SIT_B_T006.csv,FALL_SIT_B,4,2,test,pending_manual,True,False,none,,fixed,50,350,True,,onset_manifest_v2_2026-06-06
E4_S02_A_FALL_SIT_B_T006.csv,FALL_SIT_B,4,2,test,pending_manual,True,False,none,,onset_primary,,,False,not_usable_for_onset_aligned,onset_manifest_v2_2026-06-06
E4_S02_A_FALL_SIT_B_T006.csv,FALL_SIT_B,4,2,test,pending_manual,True,False,none,,onset_reduced,,,False,not_usable_for_onset_aligned,onset_manifest_v2_2026-06-06
E4_S02_A_FALL_SIT_B_T007.csv,FALL_SIT_B,4,2,train,onset_unusable,True,False,onset_aligned_only,,fixed,50,350,True,,onset_manifest_v2_2026-06-06
E4_S02_A_FALL_SIT_B_T007.csv,FALL_SIT_B,4,2,train,onset_unusable,True,False,onset_aligned_only,,onset_primary,,,False,not_usable_for_onset_aligned,onset_manifest_v2_2026-06-06
E4_S02_A_FALL_SIT_B_T007.csv,FALL_SIT_B,4,2,train,onset_unusable,True,False,onset_aligned_only,,onset_reduced,,,False,not_usable_for_onset_aligned,onset_manifest_v2_2026-06-06
E4_S02_A_FALL_SIT_B_T008.csv,FALL_SIT_B,4,2,train,auto_reviewed,True,True,none,144,fixed,50,350,True,,onset_manifest_v2_2026-06-06
E4_S02_A_FALL_SIT_B_T008.csv,FALL_SIT_B,4,2,train,auto_reviewed,True,True,none,144,onset_primary,94,394,True,,onset_manifest_v2_2026-06-06
E4_S02_A_FALL_SIT_B_T008.csv,FALL_SIT_B,4,2,train,auto_reviewed,True,True,none,144,onset_reduced,44,344,True,,onset_manifest_v2_2026-06-06
E4_S02_A_FALL_SIT_B_T009.csv,FALL_SIT_B,4,2,train,auto_reviewed,True,True,none,106,fixed,50,350,True,,onset_manifest_v2_2026-06-06
E4_S02_A_FALL_SIT_B_T009.csv,FALL_SIT_B,4,2,train,auto_reviewed,True,True,none,106,onset_primary,56,356,True,,onset_manifest_v2_2026-06-06
E4_S02_A_FALL_SIT_B_T009.csv,FALL_SIT_B,4,2,train,auto_reviewed,True,True,none,106,onset_reduced,6,306,True,,onset_manifest_v2_2026-06-06
E4_S02_A_FALL_SIT_B_T010.csv,FALL_SIT_B,4,2,train,data_invalid,False,False,all_policies,,fixed,50,350,False,not_usable_for_fixed,onset_manifest_v2_2026-06-06
E4_S02_A_FALL_SIT_B_T010.csv,FALL_SIT_B,4,2,train,data_invalid,False,False,all_policies,,onset_primary,,,False,not_usable_for_onset_aligned,onset_manifest_v2_2026-06-06
E4_S02_A_FALL_SIT_B_T010.csv,FALL_SIT_B,4,2,train,data_invalid,False,False,all_policies,,onset_reduced,,,False,not_usable_for_onset_aligned,onset_manifest_v2_2026-06-06
E4_S02_A_FALL_SIT_F_T001.csv,FALL_SIT_F,4,2,test,auto_reviewed,True,True,none,135,fixed,50,350,True,,onset_manifest_v2_2026-06-06
E4_S02_A_FALL_SIT_F_T001.csv,FALL_SIT_F,4,2,test,auto_reviewed,True,True,none,135,onset_primary,85,385,True,,onset_manifest_v2_2026-06-06
E4_S02_A_FALL_SIT_F_T001.csv,FALL_SIT_F,4,2,test,auto_reviewed,True,True,none,135,onset_reduced,35,335,True,,onset_manifest_v2_2026-06-06
E4_S02_A_FALL_SIT_F_T002.csv,FALL_SIT_F,4,2,train,auto_reviewed,True,True,none,111,fixed,50,350,True,,onset_manifest_v2_2026-06-06
E4_S02_A_FALL_SIT_F_T002.csv,FALL_SIT_F,4,2,train,auto_reviewed,True,True,none,111,onset_primary,61,361,True,,onset_manifest_v2_2026-06-06
E4_S02_A_FALL_SIT_F_T002.csv,FALL_SIT_F,4,2,train,auto_reviewed,True,True,none,111,onset_reduced,11,311,True,,onset_manifest_v2_2026-06-06
E4_S02_A_FALL_SIT_F_T003.csv,FALL_SIT_F,4,2,train,auto_reviewed,True,True,none,130,fixed,50,350,True,,onset_manifest_v2_2026-06-06
E4_S02_A_FALL_SIT_F_T003.csv,FALL_SIT_F,4,2,train,auto_reviewed,True,True,none,130,onset_primary,80,380,True,,onset_manifest_v2_2026-06-06
E4_S02_A_FALL_SIT_F_T003.csv,FALL_SIT_F,4,2,train,auto_reviewed,True,True,none,130,onset_reduced,30,330,True,,onset_manifest_v2_2026-06-06
E4_S02_A_FALL_SIT_F_T004.csv,FALL_SIT_F,4,2,train,manual_corrected,True,True,none,129,fixed,50,350,True,,onset_manifest_v2_2026-06-06
E4_S02_A_FALL_SIT_F_T004.csv,FALL_SIT_F,4,2,train,manual_corrected,True,True,none,129,onset_primary,79,379,True,,onset_manifest_v2_2026-06-06
E4_S02_A_FALL_SIT_F_T004.csv,FALL_SIT_F,4,2,train,manual_corrected,True,True,none,129,onset_reduced,29,329,True,,onset_manifest_v2_2026-06-06
E4_S02_A_FALL_SIT_F_T005.csv,FALL_SIT_F,4,2,out_of_scope,data_invalid,False,False,all_policies,,fixed,50,350,False,not_usable_for_fixed,onset_manifest_v2_2026-06-06
E4_S02_A_FALL_SIT_F_T005.csv,FALL_SIT_F,4,2,out_of_scope,data_invalid,False,False,all_policies,,onset_primary,,,False,not_usable_for_onset_aligned,onset_manifest_v2_2026-06-06
E4_S02_A_FALL_SIT_F_T005.csv,FALL_SIT_F,4,2,out_of_scope,data_invalid,False,False,all_policies,,onset_reduced,,,False,not_usable_for_onset_aligned,onset_manifest_v2_2026-06-06
E4_S02_A_FALL_SIT_F_T006.csv,FALL_SIT_F,4,2,test,pending_manual,True,False,none,,fixed,50,350,True,,onset_manifest_v2_2026-06-06
E4_S02_A_FALL_SIT_F_T006.csv,FALL_SIT_F,4,2,test,pending_manual,True,False,none,,onset_primary,,,False,not_usable_for_onset_aligned,onset_manifest_v2_2026-06-06
E4_S02_A_FALL_SIT_F_T006.csv,FALL_SIT_F,4,2,test,pending_manual,True,False,none,,onset_reduced,,,False,not_usable_for_onset_aligned,onset_manifest_v2_2026-06-06
E4_S02_A_FALL_SIT_F_T007.csv,FALL_SIT_F,4,2,train,auto_reviewed,True,True,none,112,fixed,50,350,True,,onset_manifest_v2_2026-06-06
E4_S02_A_FALL_SIT_F_T007.csv,FALL_SIT_F,4,2,train,auto_reviewed,True,True,none,112,onset_primary,62,362,True,,onset_manifest_v2_2026-06-06
E4_S02_A_FALL_SIT_F_T007.csv,FALL_SIT_F,4,2,train,auto_reviewed,True,True,none,112,onset_reduced,12,312,True,,onset_manifest_v2_2026-06-06
E4_S02_A_FALL_SIT_F_T008.csv,FALL_SIT_F,4,2,test,pending_manual,True,False,none,,fixed,50,350,True,,onset_manifest_v2_2026-06-06
E4_S02_A_FALL_SIT_F_T008.csv,FALL_SIT_F,4,2,test,pending_manual,True,False,none,,onset_primary,,,False,not_usable_for_onset_aligned,onset_manifest_v2_2026-06-06
E4_S02_A_FALL_SIT_F_T008.csv,FALL_SIT_F,4,2,test,pending_manual,True,False,none,,onset_reduced,,,False,not_usable_for_onset_aligned,onset_manifest_v2_2026-06-06
E4_S02_A_FALL_SIT_F_T009.csv,FALL_SIT_F,4,2,train,auto_reviewed,True,True,none,137,fixed,50,350,True,,onset_manifest_v2_2026-06-06
E4_S02_A_FALL_SIT_F_T009.csv,FALL_SIT_F,4,2,train,auto_reviewed,True,True,none,137,onset_primary,87,387,True,,onset_manifest_v2_2026-06-06
E4_S02_A_FALL_SIT_F_T009.csv,FALL_SIT_F,4,2,train,auto_reviewed,True,True,none,137,onset_reduced,37,337,True,,onset_manifest_v2_2026-06-06
E4_S02_A_FALL_SIT_F_T010.csv,FALL_SIT_F,4,2,test,auto_reviewed,True,True,none,156,fixed,50,350,True,,onset_manifest_v2_2026-06-06
E4_S02_A_FALL_SIT_F_T010.csv,FALL_SIT_F,4,2,test,auto_reviewed,True,True,none,156,onset_primary,106,406,False,crop_out_of_bounds,onset_manifest_v2_2026-06-06
E4_S02_A_FALL_SIT_F_T010.csv,FALL_SIT_F,4,2,test,auto_reviewed,True,True,none,156,onset_reduced,56,356,True,,onset_manifest_v2_2026-06-06
E4_S02_A_FALL_STD_B_T001.csv,FALL_STD_B,4,2,train,manual_corrected,True,True,none,163,fixed,50,350,True,,onset_manifest_v2_2026-06-06
E4_S02_A_FALL_STD_B_T001.csv,FALL_STD_B,4,2,train,manual_corrected,True,True,none,163,onset_primary,113,413,False,crop_out_of_bounds,onset_manifest_v2_2026-06-06
E4_S02_A_FALL_STD_B_T001.csv,FALL_STD_B,4,2,train,manual_corrected,True,True,none,163,onset_reduced,63,363,True,,onset_manifest_v2_2026-06-06
E4_S02_A_FALL_STD_B_T002.csv,FALL_STD_B,4,2,train,auto_reviewed,True,True,none,178,fixed,50,350,True,,onset_manifest_v2_2026-06-06
E4_S02_A_FALL_STD_B_T002.csv,FALL_STD_B,4,2,train,auto_reviewed,True,True,none,178,onset_primary,128,428,False,crop_out_of_bounds,onset_manifest_v2_2026-06-06
E4_S02_A_FALL_STD_B_T002.csv,FALL_STD_B,4,2,train,auto_reviewed,True,True,none,178,onset_reduced,78,378,True,,onset_manifest_v2_2026-06-06
E4_S02_A_FALL_STD_B_T003.csv,FALL_STD_B,4,2,train,auto_reviewed,True,True,none,146,fixed,50,350,True,,onset_manifest_v2_2026-06-06
E4_S02_A_FALL_STD_B_T003.csv,FALL_STD_B,4,2,train,auto_reviewed,True,True,none,146,onset_primary,96,396,True,,onset_manifest_v2_2026-06-06
E4_S02_A_FALL_STD_B_T003.csv,FALL_STD_B,4,2,train,auto_reviewed,True,True,none,146,onset_reduced,46,346,True,,onset_manifest_v2_2026-06-06
E4_S02_A_FALL_STD_B_T004.csv,FALL_STD_B,4,2,train,auto_reviewed,True,True,none,129,fixed,50,350,True,,onset_manifest_v2_2026-06-06
E4_S02_A_FALL_STD_B_T004.csv,FALL_STD_B,4,2,train,auto_reviewed,True,True,none,129,onset_primary,79,379,True,,onset_manifest_v2_2026-06-06
E4_S02_A_FALL_STD_B_T004.csv,FALL_STD_B,4,2,train,auto_reviewed,True,True,none,129,onset_reduced,29,329,True,,onset_manifest_v2_2026-06-06
E4_S02_A_FALL_STD_B_T005.csv,FALL_STD_B,4,2,val,auto_reviewed,True,True,none,134,fixed,50,350,True,,onset_manifest_v2_2026-06-06
E4_S02_A_FALL_STD_B_T005.csv,FALL_STD_B,4,2,val,auto_reviewed,True,True,none,134,onset_primary,84,384,True,,onset_manifest_v2_2026-06-06
E4_S02_A_FALL_STD_B_T005.csv,FALL_STD_B,4,2,val,auto_reviewed,True,True,none,134,onset_reduced,34,334,True,,onset_manifest_v2_2026-06-06
E4_S02_A_FALL_STD_B_T006.csv,FALL_STD_B,4,2,train,auto_reviewed,True,True,none,114,fixed,50,350,True,,onset_manifest_v2_2026-06-06
E4_S02_A_FALL_STD_B_T006.csv,FALL_STD_B,4,2,train,auto_reviewed,True,True,none,114,onset_primary,64,364,True,,onset_manifest_v2_2026-06-06
E4_S02_A_FALL_STD_B_T006.csv,FALL_STD_B,4,2,train,auto_reviewed,True,True,none,114,onset_reduced,14,314,True,,onset_manifest_v2_2026-06-06
E4_S02_A_FALL_STD_B_T007.csv,FALL_STD_B,4,2,train,auto_reviewed,True,True,none,101,fixed,50,350,True,,onset_manifest_v2_2026-06-06
E4_S02_A_FALL_STD_B_T007.csv,FALL_STD_B,4,2,train,auto_reviewed,True,True,none,101,onset_primary,51,351,True,,onset_manifest_v2_2026-06-06
E4_S02_A_FALL_STD_B_T007.csv,FALL_STD_B,4,2,train,auto_reviewed,True,True,none,101,onset_reduced,1,301,True,,onset_manifest_v2_2026-06-06
E4_S02_A_FALL_STD_B_T008.csv,FALL_STD_B,4,2,test,auto_reviewed,True,True,none,126,fixed,50,350,True,,onset_manifest_v2_2026-06-06
E4_S02_A_FALL_STD_B_T008.csv,FALL_STD_B,4,2,test,auto_reviewed,True,True,none,126,onset_primary,76,376,True,,onset_manifest_v2_2026-06-06
E4_S02_A_FALL_STD_B_T008.csv,FALL_STD_B,4,2,test,auto_reviewed,True,True,none,126,onset_reduced,26,326,True,,onset_manifest_v2_2026-06-06
E4_S02_A_FALL_STD_B_T009.csv,FALL_STD_B,4,2,train,manual_corrected,True,True,none,114,fixed,50,350,True,,onset_manifest_v2_2026-06-06
E4_S02_A_FALL_STD_B_T009.csv,FALL_STD_B,4,2,train,manual_corrected,True,True,none,114,onset_primary,64,364,True,,onset_manifest_v2_2026-06-06
E4_S02_A_FALL_STD_B_T009.csv,FALL_STD_B,4,2,train,manual_corrected,True,True,none,114,onset_reduced,14,314,True,,onset_manifest_v2_2026-06-06
E4_S02_A_FALL_STD_B_T010.csv,FALL_STD_B,4,2,train,auto_reviewed,True,True,none,109,fixed,50,350,True,,onset_manifest_v2_2026-06-06
E4_S02_A_FALL_STD_B_T010.csv,FALL_STD_B,4,2,train,auto_reviewed,True,True,none,109,onset_primary,59,359,True,,onset_manifest_v2_2026-06-06
E4_S02_A_FALL_STD_B_T010.csv,FALL_STD_B,4,2,train,auto_reviewed,True,True,none,109,onset_reduced,9,309,True,,onset_manifest_v2_2026-06-06
E4_S02_A_FALL_STD_F_T001.csv,FALL_STD_F,4,2,train,auto_reviewed,True,True,none,143,fixed,50,350,True,,onset_manifest_v2_2026-06-06
E4_S02_A_FALL_STD_F_T001.csv,FALL_STD_F,4,2,train,auto_reviewed,True,True,none,143,onset_primary,93,393,True,,onset_manifest_v2_2026-06-06
E4_S02_A_FALL_STD_F_T001.csv,FALL_STD_F,4,2,train,auto_reviewed,True,True,none,143,onset_reduced,43,343,True,,onset_manifest_v2_2026-06-06
E4_S02_A_FALL_STD_F_T002.csv,FALL_STD_F,4,2,val,auto_reviewed,True,True,none,138,fixed,50,350,True,,onset_manifest_v2_2026-06-06
E4_S02_A_FALL_STD_F_T002.csv,FALL_STD_F,4,2,val,auto_reviewed,True,True,none,138,onset_primary,88,388,True,,onset_manifest_v2_2026-06-06
E4_S02_A_FALL_STD_F_T002.csv,FALL_STD_F,4,2,val,auto_reviewed,True,True,none,138,onset_reduced,38,338,True,,onset_manifest_v2_2026-06-06
E4_S02_A_FALL_STD_F_T003.csv,FALL_STD_F,4,2,test,auto_reviewed,True,True,none,106,fixed,50,350,True,,onset_manifest_v2_2026-06-06
E4_S02_A_FALL_STD_F_T003.csv,FALL_STD_F,4,2,test,auto_reviewed,True,True,none,106,onset_primary,56,356,True,,onset_manifest_v2_2026-06-06
E4_S02_A_FALL_STD_F_T003.csv,FALL_STD_F,4,2,test,auto_reviewed,True,True,none,106,onset_reduced,6,306,True,,onset_manifest_v2_2026-06-06
E4_S02_A_FALL_STD_F_T004.csv,FALL_STD_F,4,2,train,auto_reviewed,True,True,none,121,fixed,50,350,True,,onset_manifest_v2_2026-06-06
E4_S02_A_FALL_STD_F_T004.csv,FALL_STD_F,4,2,train,auto_reviewed,True,True,none,121,onset_primary,71,371,True,,onset_manifest_v2_2026-06-06
E4_S02_A_FALL_STD_F_T004.csv,FALL_STD_F,4,2,train,auto_reviewed,True,True,none,121,onset_reduced,21,321,True,,onset_manifest_v2_2026-06-06
E4_S02_A_FALL_STD_F_T005.csv,FALL_STD_F,4,2,train,auto_reviewed,True,True,none,121,fixed,50,350,True,,onset_manifest_v2_2026-06-06
E4_S02_A_FALL_STD_F_T005.csv,FALL_STD_F,4,2,train,auto_reviewed,True,True,none,121,onset_primary,71,371,True,,onset_manifest_v2_2026-06-06
E4_S02_A_FALL_STD_F_T005.csv,FALL_STD_F,4,2,train,auto_reviewed,True,True,none,121,onset_reduced,21,321,True,,onset_manifest_v2_2026-06-06
E4_S02_A_FALL_STD_F_T006.csv,FALL_STD_F,4,2,train,manual_corrected,True,True,none,209,fixed,50,350,True,,onset_manifest_v2_2026-06-06
E4_S02_A_FALL_STD_F_T006.csv,FALL_STD_F,4,2,train,manual_corrected,True,True,none,209,onset_primary,159,459,False,crop_out_of_bounds,onset_manifest_v2_2026-06-06
E4_S02_A_FALL_STD_F_T006.csv,FALL_STD_F,4,2,train,manual_corrected,True,True,none,209,onset_reduced,109,409,False,crop_out_of_bounds,onset_manifest_v2_2026-06-06
E4_S02_A_FALL_STD_F_T007.csv,FALL_STD_F,4,2,test,auto_reviewed,True,True,none,143,fixed,50,350,True,,onset_manifest_v2_2026-06-06
E4_S02_A_FALL_STD_F_T007.csv,FALL_STD_F,4,2,test,auto_reviewed,True,True,none,143,onset_primary,93,393,True,,onset_manifest_v2_2026-06-06
E4_S02_A_FALL_STD_F_T007.csv,FALL_STD_F,4,2,test,auto_reviewed,True,True,none,143,onset_reduced,43,343,True,,onset_manifest_v2_2026-06-06
E4_S02_A_FALL_STD_F_T008.csv,FALL_STD_F,4,2,train,auto_reviewed,True,True,none,202,fixed,50,350,True,,onset_manifest_v2_2026-06-06
E4_S02_A_FALL_STD_F_T008.csv,FALL_STD_F,4,2,train,auto_reviewed,True,True,none,202,onset_primary,152,452,False,crop_out_of_bounds,onset_manifest_v2_2026-06-06
E4_S02_A_FALL_STD_F_T008.csv,FALL_STD_F,4,2,train,auto_reviewed,True,True,none,202,onset_reduced,102,402,False,crop_out_of_bounds,onset_manifest_v2_2026-06-06
E4_S02_A_FALL_STD_F_T009.csv,FALL_STD_F,4,2,train,auto_reviewed,True,True,none,106,fixed,50,350,True,,onset_manifest_v2_2026-06-06
E4_S02_A_FALL_STD_F_T009.csv,FALL_STD_F,4,2,train,auto_reviewed,True,True,none,106,onset_primary,56,356,True,,onset_manifest_v2_2026-06-06
E4_S02_A_FALL_STD_F_T009.csv,FALL_STD_F,4,2,train,auto_reviewed,True,True,none,106,onset_reduced,6,306,True,,onset_manifest_v2_2026-06-06
E4_S02_A_FALL_STD_F_T010.csv,FALL_STD_F,4,2,val,auto_reviewed,True,True,none,168,fixed,50,350,True,,onset_manifest_v2_2026-06-06
E4_S02_A_FALL_STD_F_T010.csv,FALL_STD_F,4,2,val,auto_reviewed,True,True,none,168,onset_primary,118,418,False,crop_out_of_bounds,onset_manifest_v2_2026-06-06
E4_S02_A_FALL_STD_F_T010.csv,FALL_STD_F,4,2,val,auto_reviewed,True,True,none,168,onset_reduced,68,368,True,,onset_manifest_v2_2026-06-06
E4_S02_A_FALL_WALK_B_T001.csv,FALL_WALK_B,4,2,val,onset_unusable,True,False,onset_aligned_only,,fixed,50,350,True,,onset_manifest_v2_2026-06-06
E4_S02_A_FALL_WALK_B_T001.csv,FALL_WALK_B,4,2,val,onset_unusable,True,False,onset_aligned_only,,onset_primary,,,False,not_usable_for_onset_aligned,onset_manifest_v2_2026-06-06
E4_S02_A_FALL_WALK_B_T001.csv,FALL_WALK_B,4,2,val,onset_unusable,True,False,onset_aligned_only,,onset_reduced,,,False,not_usable_for_onset_aligned,onset_manifest_v2_2026-06-06
E4_S02_A_FALL_WALK_B_T002.csv,FALL_WALK_B,4,2,train,manual_corrected,True,True,none,185,fixed,50,350,True,,onset_manifest_v2_2026-06-06
E4_S02_A_FALL_WALK_B_T002.csv,FALL_WALK_B,4,2,train,manual_corrected,True,True,none,185,onset_primary,135,435,False,crop_out_of_bounds,onset_manifest_v2_2026-06-06
E4_S02_A_FALL_WALK_B_T002.csv,FALL_WALK_B,4,2,train,manual_corrected,True,True,none,185,onset_reduced,85,385,True,,onset_manifest_v2_2026-06-06
E4_S02_A_FALL_WALK_B_T003.csv,FALL_WALK_B,4,2,train,onset_unusable,True,False,onset_aligned_only,,fixed,50,350,True,,onset_manifest_v2_2026-06-06
E4_S02_A_FALL_WALK_B_T003.csv,FALL_WALK_B,4,2,train,onset_unusable,True,False,onset_aligned_only,,onset_primary,,,False,not_usable_for_onset_aligned,onset_manifest_v2_2026-06-06
E4_S02_A_FALL_WALK_B_T003.csv,FALL_WALK_B,4,2,train,onset_unusable,True,False,onset_aligned_only,,onset_reduced,,,False,not_usable_for_onset_aligned,onset_manifest_v2_2026-06-06
E4_S02_A_FALL_WALK_B_T004.csv,FALL_WALK_B,4,2,train,auto_reviewed,True,True,none,109,fixed,50,350,True,,onset_manifest_v2_2026-06-06
E4_S02_A_FALL_WALK_B_T004.csv,FALL_WALK_B,4,2,train,auto_reviewed,True,True,none,109,onset_primary,59,359,True,,onset_manifest_v2_2026-06-06
E4_S02_A_FALL_WALK_B_T004.csv,FALL_WALK_B,4,2,train,auto_reviewed,True,True,none,109,onset_reduced,9,309,True,,onset_manifest_v2_2026-06-06
E4_S02_A_FALL_WALK_B_T005.csv,FALL_WALK_B,4,2,train,onset_unusable,True,False,onset_aligned_only,,fixed,50,350,True,,onset_manifest_v2_2026-06-06
E4_S02_A_FALL_WALK_B_T005.csv,FALL_WALK_B,4,2,train,onset_unusable,True,False,onset_aligned_only,,onset_primary,,,False,not_usable_for_onset_aligned,onset_manifest_v2_2026-06-06
E4_S02_A_FALL_WALK_B_T005.csv,FALL_WALK_B,4,2,train,onset_unusable,True,False,onset_aligned_only,,onset_reduced,,,False,not_usable_for_onset_aligned,onset_manifest_v2_2026-06-06
E4_S02_A_FALL_WALK_B_T006.csv,FALL_WALK_B,4,2,train,auto_reviewed,True,True,none,223,fixed,50,350,True,,onset_manifest_v2_2026-06-06
E4_S02_A_FALL_WALK_B_T006.csv,FALL_WALK_B,4,2,train,auto_reviewed,True,True,none,223,onset_primary,173,473,False,crop_out_of_bounds,onset_manifest_v2_2026-06-06
E4_S02_A_FALL_WALK_B_T006.csv,FALL_WALK_B,4,2,train,auto_reviewed,True,True,none,223,onset_reduced,123,423,False,crop_out_of_bounds,onset_manifest_v2_2026-06-06
E4_S02_A_FALL_WALK_B_T007.csv,FALL_WALK_B,4,2,train,manual_corrected,True,True,none,67,fixed,50,350,True,,onset_manifest_v2_2026-06-06
E4_S02_A_FALL_WALK_B_T007.csv,FALL_WALK_B,4,2,train,manual_corrected,True,True,none,67,onset_primary,17,317,True,,onset_manifest_v2_2026-06-06
E4_S02_A_FALL_WALK_B_T007.csv,FALL_WALK_B,4,2,train,manual_corrected,True,True,none,67,onset_reduced,-33,267,False,crop_out_of_bounds,onset_manifest_v2_2026-06-06
E4_S02_A_FALL_WALK_B_T008.csv,FALL_WALK_B,4,2,val,auto_reviewed,True,True,none,170,fixed,50,350,True,,onset_manifest_v2_2026-06-06
E4_S02_A_FALL_WALK_B_T008.csv,FALL_WALK_B,4,2,val,auto_reviewed,True,True,none,170,onset_primary,120,420,False,crop_out_of_bounds,onset_manifest_v2_2026-06-06
E4_S02_A_FALL_WALK_B_T008.csv,FALL_WALK_B,4,2,val,auto_reviewed,True,True,none,170,onset_reduced,70,370,True,,onset_manifest_v2_2026-06-06
E4_S02_A_FALL_WALK_B_T009.csv,FALL_WALK_B,4,2,train,onset_unusable,True,False,onset_aligned_only,,fixed,50,350,True,,onset_manifest_v2_2026-06-06
E4_S02_A_FALL_WALK_B_T009.csv,FALL_WALK_B,4,2,train,onset_unusable,True,False,onset_aligned_only,,onset_primary,,,False,not_usable_for_onset_aligned,onset_manifest_v2_2026-06-06
E4_S02_A_FALL_WALK_B_T009.csv,FALL_WALK_B,4,2,train,onset_unusable,True,False,onset_aligned_only,,onset_reduced,,,False,not_usable_for_onset_aligned,onset_manifest_v2_2026-06-06
E4_S02_A_FALL_WALK_B_T010.csv,FALL_WALK_B,4,2,train,manual_corrected,True,True,none,144,fixed,50,350,True,,onset_manifest_v2_2026-06-06
E4_S02_A_FALL_WALK_B_T010.csv,FALL_WALK_B,4,2,train,manual_corrected,True,True,none,144,onset_primary,94,394,True,,onset_manifest_v2_2026-06-06
E4_S02_A_FALL_WALK_B_T010.csv,FALL_WALK_B,4,2,train,manual_corrected,True,True,none,144,onset_reduced,44,344,True,,onset_manifest_v2_2026-06-06
E4_S02_A_FALL_WALK_F_T001.csv,FALL_WALK_F,4,2,train,manual_corrected,True,True,none,145,fixed,50,350,True,,onset_manifest_v2_2026-06-06
E4_S02_A_FALL_WALK_F_T001.csv,FALL_WALK_F,4,2,train,manual_corrected,True,True,none,145,onset_primary,95,395,True,,onset_manifest_v2_2026-06-06
E4_S02_A_FALL_WALK_F_T001.csv,FALL_WALK_F,4,2,train,manual_corrected,True,True,none,145,onset_reduced,45,345,True,,onset_manifest_v2_2026-06-06
E4_S02_A_FALL_WALK_F_T002.csv,FALL_WALK_F,4,2,train,auto_reviewed,True,True,none,163,fixed,50,350,True,,onset_manifest_v2_2026-06-06
E4_S02_A_FALL_WALK_F_T002.csv,FALL_WALK_F,4,2,train,auto_reviewed,True,True,none,163,onset_primary,113,413,False,crop_out_of_bounds,onset_manifest_v2_2026-06-06
E4_S02_A_FALL_WALK_F_T002.csv,FALL_WALK_F,4,2,train,auto_reviewed,True,True,none,163,onset_reduced,63,363,True,,onset_manifest_v2_2026-06-06
E4_S02_A_FALL_WALK_F_T003.csv,FALL_WALK_F,4,2,val,manual_corrected,True,True,none,113,fixed,50,350,True,,onset_manifest_v2_2026-06-06
E4_S02_A_FALL_WALK_F_T003.csv,FALL_WALK_F,4,2,val,manual_corrected,True,True,none,113,onset_primary,63,363,True,,onset_manifest_v2_2026-06-06
E4_S02_A_FALL_WALK_F_T003.csv,FALL_WALK_F,4,2,val,manual_corrected,True,True,none,113,onset_reduced,13,313,True,,onset_manifest_v2_2026-06-06
E4_S02_A_FALL_WALK_F_T004.csv,FALL_WALK_F,4,2,train,manual_corrected,True,True,none,100,fixed,50,350,True,,onset_manifest_v2_2026-06-06
E4_S02_A_FALL_WALK_F_T004.csv,FALL_WALK_F,4,2,train,manual_corrected,True,True,none,100,onset_primary,50,350,True,,onset_manifest_v2_2026-06-06
E4_S02_A_FALL_WALK_F_T004.csv,FALL_WALK_F,4,2,train,manual_corrected,True,True,none,100,onset_reduced,0,300,True,,onset_manifest_v2_2026-06-06
E4_S02_A_FALL_WALK_F_T005.csv,FALL_WALK_F,4,2,test,auto_reviewed,True,True,none,111,fixed,50,350,True,,onset_manifest_v2_2026-06-06
E4_S02_A_FALL_WALK_F_T005.csv,FALL_WALK_F,4,2,test,auto_reviewed,True,True,none,111,onset_primary,61,361,True,,onset_manifest_v2_2026-06-06
E4_S02_A_FALL_WALK_F_T005.csv,FALL_WALK_F,4,2,test,auto_reviewed,True,True,none,111,onset_reduced,11,311,True,,onset_manifest_v2_2026-06-06
E4_S02_A_FALL_WALK_F_T006.csv,FALL_WALK_F,4,2,val,auto_reviewed,True,True,none,121,fixed,50,350,True,,onset_manifest_v2_2026-06-06
E4_S02_A_FALL_WALK_F_T006.csv,FALL_WALK_F,4,2,val,auto_reviewed,True,True,none,121,onset_primary,71,371,True,,onset_manifest_v2_2026-06-06
E4_S02_A_FALL_WALK_F_T006.csv,FALL_WALK_F,4,2,val,auto_reviewed,True,True,none,121,onset_reduced,21,321,True,,onset_manifest_v2_2026-06-06
E4_S02_A_FALL_WALK_F_T007.csv,FALL_WALK_F,4,2,train,auto_reviewed,True,True,none,115,fixed,50,350,True,,onset_manifest_v2_2026-06-06
E4_S02_A_FALL_WALK_F_T007.csv,FALL_WALK_F,4,2,train,auto_reviewed,True,True,none,115,onset_primary,65,365,True,,onset_manifest_v2_2026-06-06
E4_S02_A_FALL_WALK_F_T007.csv,FALL_WALK_F,4,2,train,auto_reviewed,True,True,none,115,onset_reduced,15,315,True,,onset_manifest_v2_2026-06-06
E4_S02_A_FALL_WALK_F_T008.csv,FALL_WALK_F,4,2,train,auto_reviewed,True,True,none,106,fixed,50,350,True,,onset_manifest_v2_2026-06-06
E4_S02_A_FALL_WALK_F_T008.csv,FALL_WALK_F,4,2,train,auto_reviewed,True,True,none,106,onset_primary,56,356,True,,onset_manifest_v2_2026-06-06
E4_S02_A_FALL_WALK_F_T008.csv,FALL_WALK_F,4,2,train,auto_reviewed,True,True,none,106,onset_reduced,6,306,True,,onset_manifest_v2_2026-06-06
E4_S02_A_FALL_WALK_F_T009.csv,FALL_WALK_F,4,2,train,onset_unusable,True,False,onset_aligned_only,,fixed,50,350,True,,onset_manifest_v2_2026-06-06
E4_S02_A_FALL_WALK_F_T009.csv,FALL_WALK_F,4,2,train,onset_unusable,True,False,onset_aligned_only,,onset_primary,,,False,not_usable_for_onset_aligned,onset_manifest_v2_2026-06-06
E4_S02_A_FALL_WALK_F_T009.csv,FALL_WALK_F,4,2,train,onset_unusable,True,False,onset_aligned_only,,onset_reduced,,,False,not_usable_for_onset_aligned,onset_manifest_v2_2026-06-06
E4_S02_A_FALL_WALK_F_T010.csv,FALL_WALK_F,4,2,train,auto_reviewed,True,True,none,104,fixed,50,350,True,,onset_manifest_v2_2026-06-06
E4_S02_A_FALL_WALK_F_T010.csv,FALL_WALK_F,4,2,train,auto_reviewed,True,True,none,104,onset_primary,54,354,True,,onset_manifest_v2_2026-06-06
E4_S02_A_FALL_WALK_F_T010.csv,FALL_WALK_F,4,2,train,auto_reviewed,True,True,none,104,onset_reduced,4,304,True,,onset_manifest_v2_2026-06-06
E4_S03_A_FALL_SIT_B_T001.csv,FALL_SIT_B,4,3,train,auto_reviewed,True,True,none,130,fixed,50,350,True,,onset_manifest_v2_2026-06-06
E4_S03_A_FALL_SIT_B_T001.csv,FALL_SIT_B,4,3,train,auto_reviewed,True,True,none,130,onset_primary,80,380,True,,onset_manifest_v2_2026-06-06
E4_S03_A_FALL_SIT_B_T001.csv,FALL_SIT_B,4,3,train,auto_reviewed,True,True,none,130,onset_reduced,30,330,True,,onset_manifest_v2_2026-06-06
E4_S03_A_FALL_SIT_B_T002.csv,FALL_SIT_B,4,3,val,manual_corrected,True,True,none,127,fixed,50,350,True,,onset_manifest_v2_2026-06-06
E4_S03_A_FALL_SIT_B_T002.csv,FALL_SIT_B,4,3,val,manual_corrected,True,True,none,127,onset_primary,77,377,True,,onset_manifest_v2_2026-06-06
E4_S03_A_FALL_SIT_B_T002.csv,FALL_SIT_B,4,3,val,manual_corrected,True,True,none,127,onset_reduced,27,327,True,,onset_manifest_v2_2026-06-06
E4_S03_A_FALL_SIT_B_T003.csv,FALL_SIT_B,4,3,train,auto_reviewed,True,True,none,131,fixed,50,350,True,,onset_manifest_v2_2026-06-06
E4_S03_A_FALL_SIT_B_T003.csv,FALL_SIT_B,4,3,train,auto_reviewed,True,True,none,131,onset_primary,81,381,True,,onset_manifest_v2_2026-06-06
E4_S03_A_FALL_SIT_B_T003.csv,FALL_SIT_B,4,3,train,auto_reviewed,True,True,none,131,onset_reduced,31,331,True,,onset_manifest_v2_2026-06-06
E4_S03_A_FALL_SIT_B_T004.csv,FALL_SIT_B,4,3,test,auto_reviewed,True,True,none,143,fixed,50,350,True,,onset_manifest_v2_2026-06-06
E4_S03_A_FALL_SIT_B_T004.csv,FALL_SIT_B,4,3,test,auto_reviewed,True,True,none,143,onset_primary,93,393,True,,onset_manifest_v2_2026-06-06
E4_S03_A_FALL_SIT_B_T004.csv,FALL_SIT_B,4,3,test,auto_reviewed,True,True,none,143,onset_reduced,43,343,True,,onset_manifest_v2_2026-06-06
E4_S03_A_FALL_SIT_B_T005.csv,FALL_SIT_B,4,3,train,onset_unusable,True,False,onset_aligned_only,,fixed,50,350,True,,onset_manifest_v2_2026-06-06
E4_S03_A_FALL_SIT_B_T005.csv,FALL_SIT_B,4,3,train,onset_unusable,True,False,onset_aligned_only,,onset_primary,,,False,not_usable_for_onset_aligned,onset_manifest_v2_2026-06-06
E4_S03_A_FALL_SIT_B_T005.csv,FALL_SIT_B,4,3,train,onset_unusable,True,False,onset_aligned_only,,onset_reduced,,,False,not_usable_for_onset_aligned,onset_manifest_v2_2026-06-06
E4_S03_A_FALL_SIT_B_T006.csv,FALL_SIT_B,4,3,train,auto_reviewed,True,True,none,126,fixed,50,350,True,,onset_manifest_v2_2026-06-06
E4_S03_A_FALL_SIT_B_T006.csv,FALL_SIT_B,4,3,train,auto_reviewed,True,True,none,126,onset_primary,76,376,True,,onset_manifest_v2_2026-06-06
E4_S03_A_FALL_SIT_B_T006.csv,FALL_SIT_B,4,3,train,auto_reviewed,True,True,none,126,onset_reduced,26,326,True,,onset_manifest_v2_2026-06-06
E4_S03_A_FALL_SIT_B_T007.csv,FALL_SIT_B,4,3,train,data_invalid,False,False,all_policies,,fixed,50,350,False,not_usable_for_fixed,onset_manifest_v2_2026-06-06
E4_S03_A_FALL_SIT_B_T007.csv,FALL_SIT_B,4,3,train,data_invalid,False,False,all_policies,,onset_primary,,,False,not_usable_for_onset_aligned,onset_manifest_v2_2026-06-06
E4_S03_A_FALL_SIT_B_T007.csv,FALL_SIT_B,4,3,train,data_invalid,False,False,all_policies,,onset_reduced,,,False,not_usable_for_onset_aligned,onset_manifest_v2_2026-06-06
E4_S03_A_FALL_SIT_B_T008.csv,FALL_SIT_B,4,3,val,auto_reviewed,True,True,none,142,fixed,50,350,True,,onset_manifest_v2_2026-06-06
E4_S03_A_FALL_SIT_B_T008.csv,FALL_SIT_B,4,3,val,auto_reviewed,True,True,none,142,onset_primary,92,392,True,,onset_manifest_v2_2026-06-06
E4_S03_A_FALL_SIT_B_T008.csv,FALL_SIT_B,4,3,val,auto_reviewed,True,True,none,142,onset_reduced,42,342,True,,onset_manifest_v2_2026-06-06
E4_S03_A_FALL_SIT_B_T009.csv,FALL_SIT_B,4,3,test,auto_reviewed,True,True,none,119,fixed,50,350,True,,onset_manifest_v2_2026-06-06
E4_S03_A_FALL_SIT_B_T009.csv,FALL_SIT_B,4,3,test,auto_reviewed,True,True,none,119,onset_primary,69,369,True,,onset_manifest_v2_2026-06-06
E4_S03_A_FALL_SIT_B_T009.csv,FALL_SIT_B,4,3,test,auto_reviewed,True,True,none,119,onset_reduced,19,319,True,,onset_manifest_v2_2026-06-06
E4_S03_A_FALL_SIT_B_T010.csv,FALL_SIT_B,4,3,val,auto_reviewed,True,True,none,142,fixed,50,350,True,,onset_manifest_v2_2026-06-06
E4_S03_A_FALL_SIT_B_T010.csv,FALL_SIT_B,4,3,val,auto_reviewed,True,True,none,142,onset_primary,92,392,True,,onset_manifest_v2_2026-06-06
E4_S03_A_FALL_SIT_B_T010.csv,FALL_SIT_B,4,3,val,auto_reviewed,True,True,none,142,onset_reduced,42,342,True,,onset_manifest_v2_2026-06-06
E4_S03_A_FALL_SIT_F_T001.csv,FALL_SIT_F,4,3,train,auto_reviewed,True,True,none,123,fixed,50,350,True,,onset_manifest_v2_2026-06-06
E4_S03_A_FALL_SIT_F_T001.csv,FALL_SIT_F,4,3,train,auto_reviewed,True,True,none,123,onset_primary,73,373,True,,onset_manifest_v2_2026-06-06
E4_S03_A_FALL_SIT_F_T001.csv,FALL_SIT_F,4,3,train,auto_reviewed,True,True,none,123,onset_reduced,23,323,True,,onset_manifest_v2_2026-06-06
E4_S03_A_FALL_SIT_F_T002.csv,FALL_SIT_F,4,3,train,manual_corrected,True,True,none,226,fixed,50,350,True,,onset_manifest_v2_2026-06-06
E4_S03_A_FALL_SIT_F_T002.csv,FALL_SIT_F,4,3,train,manual_corrected,True,True,none,226,onset_primary,176,476,False,crop_out_of_bounds,onset_manifest_v2_2026-06-06
E4_S03_A_FALL_SIT_F_T002.csv,FALL_SIT_F,4,3,train,manual_corrected,True,True,none,226,onset_reduced,126,426,False,crop_out_of_bounds,onset_manifest_v2_2026-06-06
E4_S03_A_FALL_SIT_F_T003.csv,FALL_SIT_F,4,3,test,auto_reviewed,True,True,none,132,fixed,50,350,True,,onset_manifest_v2_2026-06-06
E4_S03_A_FALL_SIT_F_T003.csv,FALL_SIT_F,4,3,test,auto_reviewed,True,True,none,132,onset_primary,82,382,True,,onset_manifest_v2_2026-06-06
E4_S03_A_FALL_SIT_F_T003.csv,FALL_SIT_F,4,3,test,auto_reviewed,True,True,none,132,onset_reduced,32,332,True,,onset_manifest_v2_2026-06-06
E4_S03_A_FALL_SIT_F_T004.csv,FALL_SIT_F,4,3,test,auto_reviewed,True,True,none,152,fixed,50,350,True,,onset_manifest_v2_2026-06-06
E4_S03_A_FALL_SIT_F_T004.csv,FALL_SIT_F,4,3,test,auto_reviewed,True,True,none,152,onset_primary,102,402,False,crop_out_of_bounds,onset_manifest_v2_2026-06-06
E4_S03_A_FALL_SIT_F_T004.csv,FALL_SIT_F,4,3,test,auto_reviewed,True,True,none,152,onset_reduced,52,352,True,,onset_manifest_v2_2026-06-06
E4_S03_A_FALL_SIT_F_T005.csv,FALL_SIT_F,4,3,train,auto_reviewed,True,True,none,162,fixed,50,350,True,,onset_manifest_v2_2026-06-06
E4_S03_A_FALL_SIT_F_T005.csv,FALL_SIT_F,4,3,train,auto_reviewed,True,True,none,162,onset_primary,112,412,False,crop_out_of_bounds,onset_manifest_v2_2026-06-06
E4_S03_A_FALL_SIT_F_T005.csv,FALL_SIT_F,4,3,train,auto_reviewed,True,True,none,162,onset_reduced,62,362,True,,onset_manifest_v2_2026-06-06
E4_S03_A_FALL_SIT_F_T006.csv,FALL_SIT_F,4,3,test,auto_reviewed,True,True,none,202,fixed,50,350,True,,onset_manifest_v2_2026-06-06
E4_S03_A_FALL_SIT_F_T006.csv,FALL_SIT_F,4,3,test,auto_reviewed,True,True,none,202,onset_primary,152,452,False,crop_out_of_bounds,onset_manifest_v2_2026-06-06
E4_S03_A_FALL_SIT_F_T006.csv,FALL_SIT_F,4,3,test,auto_reviewed,True,True,none,202,onset_reduced,102,402,False,crop_out_of_bounds,onset_manifest_v2_2026-06-06
E4_S03_A_FALL_SIT_F_T007.csv,FALL_SIT_F,4,3,train,auto_reviewed,True,True,none,111,fixed,50,350,True,,onset_manifest_v2_2026-06-06
E4_S03_A_FALL_SIT_F_T007.csv,FALL_SIT_F,4,3,train,auto_reviewed,True,True,none,111,onset_primary,61,361,True,,onset_manifest_v2_2026-06-06
E4_S03_A_FALL_SIT_F_T007.csv,FALL_SIT_F,4,3,train,auto_reviewed,True,True,none,111,onset_reduced,11,311,True,,onset_manifest_v2_2026-06-06
E4_S03_A_FALL_SIT_F_T008.csv,FALL_SIT_F,4,3,train,auto_reviewed,True,True,none,185,fixed,50,350,True,,onset_manifest_v2_2026-06-06
E4_S03_A_FALL_SIT_F_T008.csv,FALL_SIT_F,4,3,train,auto_reviewed,True,True,none,185,onset_primary,135,435,False,crop_out_of_bounds,onset_manifest_v2_2026-06-06
E4_S03_A_FALL_SIT_F_T008.csv,FALL_SIT_F,4,3,train,auto_reviewed,True,True,none,185,onset_reduced,85,385,True,,onset_manifest_v2_2026-06-06
E4_S03_A_FALL_SIT_F_T009.csv,FALL_SIT_F,4,3,train,auto_reviewed,True,True,none,128,fixed,50,350,True,,onset_manifest_v2_2026-06-06
E4_S03_A_FALL_SIT_F_T009.csv,FALL_SIT_F,4,3,train,auto_reviewed,True,True,none,128,onset_primary,78,378,True,,onset_manifest_v2_2026-06-06
E4_S03_A_FALL_SIT_F_T009.csv,FALL_SIT_F,4,3,train,auto_reviewed,True,True,none,128,onset_reduced,28,328,True,,onset_manifest_v2_2026-06-06
E4_S03_A_FALL_SIT_F_T010.csv,FALL_SIT_F,4,3,test,auto_reviewed,True,True,none,132,fixed,50,350,True,,onset_manifest_v2_2026-06-06
E4_S03_A_FALL_SIT_F_T010.csv,FALL_SIT_F,4,3,test,auto_reviewed,True,True,none,132,onset_primary,82,382,True,,onset_manifest_v2_2026-06-06
E4_S03_A_FALL_SIT_F_T010.csv,FALL_SIT_F,4,3,test,auto_reviewed,True,True,none,132,onset_reduced,32,332,True,,onset_manifest_v2_2026-06-06
E4_S03_A_FALL_STD_B_T001.csv,FALL_STD_B,4,3,val,onset_unusable,True,False,onset_aligned_only,,fixed,50,350,True,,onset_manifest_v2_2026-06-06
E4_S03_A_FALL_STD_B_T001.csv,FALL_STD_B,4,3,val,onset_unusable,True,False,onset_aligned_only,,onset_primary,,,False,not_usable_for_onset_aligned,onset_manifest_v2_2026-06-06
E4_S03_A_FALL_STD_B_T001.csv,FALL_STD_B,4,3,val,onset_unusable,True,False,onset_aligned_only,,onset_reduced,,,False,not_usable_for_onset_aligned,onset_manifest_v2_2026-06-06
E4_S03_A_FALL_STD_B_T002.csv,FALL_STD_B,4,3,train,auto_reviewed,True,True,none,107,fixed,50,350,True,,onset_manifest_v2_2026-06-06
E4_S03_A_FALL_STD_B_T002.csv,FALL_STD_B,4,3,train,auto_reviewed,True,True,none,107,onset_primary,57,357,True,,onset_manifest_v2_2026-06-06
E4_S03_A_FALL_STD_B_T002.csv,FALL_STD_B,4,3,train,auto_reviewed,True,True,none,107,onset_reduced,7,307,True,,onset_manifest_v2_2026-06-06
E4_S03_A_FALL_STD_B_T003.csv,FALL_STD_B,4,3,train,auto_reviewed,True,True,none,109,fixed,50,350,True,,onset_manifest_v2_2026-06-06
E4_S03_A_FALL_STD_B_T003.csv,FALL_STD_B,4,3,train,auto_reviewed,True,True,none,109,onset_primary,59,359,True,,onset_manifest_v2_2026-06-06
E4_S03_A_FALL_STD_B_T003.csv,FALL_STD_B,4,3,train,auto_reviewed,True,True,none,109,onset_reduced,9,309,True,,onset_manifest_v2_2026-06-06
E4_S03_A_FALL_STD_B_T004.csv,FALL_STD_B,4,3,test,auto_reviewed,True,True,none,165,fixed,50,350,True,,onset_manifest_v2_2026-06-06
E4_S03_A_FALL_STD_B_T004.csv,FALL_STD_B,4,3,test,auto_reviewed,True,True,none,165,onset_primary,115,415,False,crop_out_of_bounds,onset_manifest_v2_2026-06-06
E4_S03_A_FALL_STD_B_T004.csv,FALL_STD_B,4,3,test,auto_reviewed,True,True,none,165,onset_reduced,65,365,True,,onset_manifest_v2_2026-06-06
E4_S03_A_FALL_STD_B_T005.csv,FALL_STD_B,4,3,train,auto_reviewed,True,True,none,146,fixed,50,350,True,,onset_manifest_v2_2026-06-06
E4_S03_A_FALL_STD_B_T005.csv,FALL_STD_B,4,3,train,auto_reviewed,True,True,none,146,onset_primary,96,396,True,,onset_manifest_v2_2026-06-06
E4_S03_A_FALL_STD_B_T005.csv,FALL_STD_B,4,3,train,auto_reviewed,True,True,none,146,onset_reduced,46,346,True,,onset_manifest_v2_2026-06-06
E4_S03_A_FALL_STD_B_T006.csv,FALL_STD_B,4,3,val,auto_reviewed,True,True,none,167,fixed,50,350,True,,onset_manifest_v2_2026-06-06
E4_S03_A_FALL_STD_B_T006.csv,FALL_STD_B,4,3,val,auto_reviewed,True,True,none,167,onset_primary,117,417,False,crop_out_of_bounds,onset_manifest_v2_2026-06-06
E4_S03_A_FALL_STD_B_T006.csv,FALL_STD_B,4,3,val,auto_reviewed,True,True,none,167,onset_reduced,67,367,True,,onset_manifest_v2_2026-06-06
E4_S03_A_FALL_STD_B_T007.csv,FALL_STD_B,4,3,train,auto_reviewed,True,True,none,119,fixed,50,350,True,,onset_manifest_v2_2026-06-06
E4_S03_A_FALL_STD_B_T007.csv,FALL_STD_B,4,3,train,auto_reviewed,True,True,none,119,onset_primary,69,369,True,,onset_manifest_v2_2026-06-06
E4_S03_A_FALL_STD_B_T007.csv,FALL_STD_B,4,3,train,auto_reviewed,True,True,none,119,onset_reduced,19,319,True,,onset_manifest_v2_2026-06-06
E4_S03_A_FALL_STD_B_T008.csv,FALL_STD_B,4,3,train,auto_reviewed,True,True,none,130,fixed,50,350,True,,onset_manifest_v2_2026-06-06
E4_S03_A_FALL_STD_B_T008.csv,FALL_STD_B,4,3,train,auto_reviewed,True,True,none,130,onset_primary,80,380,True,,onset_manifest_v2_2026-06-06
E4_S03_A_FALL_STD_B_T008.csv,FALL_STD_B,4,3,train,auto_reviewed,True,True,none,130,onset_reduced,30,330,True,,onset_manifest_v2_2026-06-06
E4_S03_A_FALL_STD_B_T009.csv,FALL_STD_B,4,3,train,auto_reviewed,True,True,none,107,fixed,50,350,True,,onset_manifest_v2_2026-06-06
E4_S03_A_FALL_STD_B_T009.csv,FALL_STD_B,4,3,train,auto_reviewed,True,True,none,107,onset_primary,57,357,True,,onset_manifest_v2_2026-06-06
E4_S03_A_FALL_STD_B_T009.csv,FALL_STD_B,4,3,train,auto_reviewed,True,True,none,107,onset_reduced,7,307,True,,onset_manifest_v2_2026-06-06
E4_S03_A_FALL_STD_B_T010.csv,FALL_STD_B,4,3,train,auto_reviewed,True,True,none,106,fixed,50,350,True,,onset_manifest_v2_2026-06-06
E4_S03_A_FALL_STD_B_T010.csv,FALL_STD_B,4,3,train,auto_reviewed,True,True,none,106,onset_primary,56,356,True,,onset_manifest_v2_2026-06-06
E4_S03_A_FALL_STD_B_T010.csv,FALL_STD_B,4,3,train,auto_reviewed,True,True,none,106,onset_reduced,6,306,True,,onset_manifest_v2_2026-06-06
E4_S03_A_FALL_STD_F_T001.csv,FALL_STD_F,4,3,test,auto_reviewed,True,True,none,134,fixed,50,350,True,,onset_manifest_v2_2026-06-06
E4_S03_A_FALL_STD_F_T001.csv,FALL_STD_F,4,3,test,auto_reviewed,True,True,none,134,onset_primary,84,384,True,,onset_manifest_v2_2026-06-06
E4_S03_A_FALL_STD_F_T001.csv,FALL_STD_F,4,3,test,auto_reviewed,True,True,none,134,onset_reduced,34,334,True,,onset_manifest_v2_2026-06-06
E4_S03_A_FALL_STD_F_T002.csv,FALL_STD_F,4,3,train,manual_corrected,True,True,none,117,fixed,50,350,True,,onset_manifest_v2_2026-06-06
E4_S03_A_FALL_STD_F_T002.csv,FALL_STD_F,4,3,train,manual_corrected,True,True,none,117,onset_primary,67,367,True,,onset_manifest_v2_2026-06-06
E4_S03_A_FALL_STD_F_T002.csv,FALL_STD_F,4,3,train,manual_corrected,True,True,none,117,onset_reduced,17,317,True,,onset_manifest_v2_2026-06-06
E4_S03_A_FALL_STD_F_T003.csv,FALL_STD_F,4,3,train,auto_reviewed,True,True,none,127,fixed,50,350,True,,onset_manifest_v2_2026-06-06
E4_S03_A_FALL_STD_F_T003.csv,FALL_STD_F,4,3,train,auto_reviewed,True,True,none,127,onset_primary,77,377,True,,onset_manifest_v2_2026-06-06
E4_S03_A_FALL_STD_F_T003.csv,FALL_STD_F,4,3,train,auto_reviewed,True,True,none,127,onset_reduced,27,327,True,,onset_manifest_v2_2026-06-06
E4_S03_A_FALL_STD_F_T004.csv,FALL_STD_F,4,3,train,manual_corrected,True,True,none,164,fixed,50,350,True,,onset_manifest_v2_2026-06-06
E4_S03_A_FALL_STD_F_T004.csv,FALL_STD_F,4,3,train,manual_corrected,True,True,none,164,onset_primary,114,414,False,crop_out_of_bounds,onset_manifest_v2_2026-06-06
E4_S03_A_FALL_STD_F_T004.csv,FALL_STD_F,4,3,train,manual_corrected,True,True,none,164,onset_reduced,64,364,True,,onset_manifest_v2_2026-06-06
E4_S03_A_FALL_STD_F_T005.csv,FALL_STD_F,4,3,train,auto_reviewed,True,True,none,124,fixed,50,350,True,,onset_manifest_v2_2026-06-06
E4_S03_A_FALL_STD_F_T005.csv,FALL_STD_F,4,3,train,auto_reviewed,True,True,none,124,onset_primary,74,374,True,,onset_manifest_v2_2026-06-06
E4_S03_A_FALL_STD_F_T005.csv,FALL_STD_F,4,3,train,auto_reviewed,True,True,none,124,onset_reduced,24,324,True,,onset_manifest_v2_2026-06-06
E4_S03_A_FALL_STD_F_T006.csv,FALL_STD_F,4,3,test,auto_reviewed,True,True,none,124,fixed,50,350,True,,onset_manifest_v2_2026-06-06
E4_S03_A_FALL_STD_F_T006.csv,FALL_STD_F,4,3,test,auto_reviewed,True,True,none,124,onset_primary,74,374,True,,onset_manifest_v2_2026-06-06
E4_S03_A_FALL_STD_F_T006.csv,FALL_STD_F,4,3,test,auto_reviewed,True,True,none,124,onset_reduced,24,324,True,,onset_manifest_v2_2026-06-06
E4_S03_A_FALL_STD_F_T007.csv,FALL_STD_F,4,3,train,auto_reviewed,True,True,none,122,fixed,50,350,True,,onset_manifest_v2_2026-06-06
E4_S03_A_FALL_STD_F_T007.csv,FALL_STD_F,4,3,train,auto_reviewed,True,True,none,122,onset_primary,72,372,True,,onset_manifest_v2_2026-06-06
E4_S03_A_FALL_STD_F_T007.csv,FALL_STD_F,4,3,train,auto_reviewed,True,True,none,122,onset_reduced,22,322,True,,onset_manifest_v2_2026-06-06
E4_S03_A_FALL_STD_F_T008.csv,FALL_STD_F,4,3,test,auto_reviewed,True,True,none,109,fixed,50,350,True,,onset_manifest_v2_2026-06-06
E4_S03_A_FALL_STD_F_T008.csv,FALL_STD_F,4,3,test,auto_reviewed,True,True,none,109,onset_primary,59,359,True,,onset_manifest_v2_2026-06-06
E4_S03_A_FALL_STD_F_T008.csv,FALL_STD_F,4,3,test,auto_reviewed,True,True,none,109,onset_reduced,9,309,True,,onset_manifest_v2_2026-06-06
E4_S03_A_FALL_STD_F_T009.csv,FALL_STD_F,4,3,test,auto_reviewed,True,True,none,109,fixed,50,350,True,,onset_manifest_v2_2026-06-06
E4_S03_A_FALL_STD_F_T009.csv,FALL_STD_F,4,3,test,auto_reviewed,True,True,none,109,onset_primary,59,359,True,,onset_manifest_v2_2026-06-06
E4_S03_A_FALL_STD_F_T009.csv,FALL_STD_F,4,3,test,auto_reviewed,True,True,none,109,onset_reduced,9,309,True,,onset_manifest_v2_2026-06-06
E4_S03_A_FALL_STD_F_T010.csv,FALL_STD_F,4,3,train,auto_reviewed,True,True,none,119,fixed,50,350,True,,onset_manifest_v2_2026-06-06
E4_S03_A_FALL_STD_F_T010.csv,FALL_STD_F,4,3,train,auto_reviewed,True,True,none,119,onset_primary,69,369,True,,onset_manifest_v2_2026-06-06
E4_S03_A_FALL_STD_F_T010.csv,FALL_STD_F,4,3,train,auto_reviewed,True,True,none,119,onset_reduced,19,319,True,,onset_manifest_v2_2026-06-06
E4_S03_A_FALL_WALK_B_T001.csv,FALL_WALK_B,4,3,train,onset_unusable,True,False,onset_aligned_only,,fixed,50,350,True,,onset_manifest_v2_2026-06-06
E4_S03_A_FALL_WALK_B_T001.csv,FALL_WALK_B,4,3,train,onset_unusable,True,False,onset_aligned_only,,onset_primary,,,False,not_usable_for_onset_aligned,onset_manifest_v2_2026-06-06
E4_S03_A_FALL_WALK_B_T001.csv,FALL_WALK_B,4,3,train,onset_unusable,True,False,onset_aligned_only,,onset_reduced,,,False,not_usable_for_onset_aligned,onset_manifest_v2_2026-06-06
E4_S03_A_FALL_WALK_B_T002.csv,FALL_WALK_B,4,3,test,auto_reviewed,True,True,none,110,fixed,50,350,True,,onset_manifest_v2_2026-06-06
E4_S03_A_FALL_WALK_B_T002.csv,FALL_WALK_B,4,3,test,auto_reviewed,True,True,none,110,onset_primary,60,360,True,,onset_manifest_v2_2026-06-06
E4_S03_A_FALL_WALK_B_T002.csv,FALL_WALK_B,4,3,test,auto_reviewed,True,True,none,110,onset_reduced,10,310,True,,onset_manifest_v2_2026-06-06
E4_S03_A_FALL_WALK_B_T003.csv,FALL_WALK_B,4,3,train,manual_corrected,True,True,none,141,fixed,50,350,True,,onset_manifest_v2_2026-06-06
E4_S03_A_FALL_WALK_B_T003.csv,FALL_WALK_B,4,3,train,manual_corrected,True,True,none,141,onset_primary,91,391,True,,onset_manifest_v2_2026-06-06
E4_S03_A_FALL_WALK_B_T003.csv,FALL_WALK_B,4,3,train,manual_corrected,True,True,none,141,onset_reduced,41,341,True,,onset_manifest_v2_2026-06-06
E4_S03_A_FALL_WALK_B_T004.csv,FALL_WALK_B,4,3,train,auto_reviewed,True,True,none,184,fixed,50,350,True,,onset_manifest_v2_2026-06-06
E4_S03_A_FALL_WALK_B_T004.csv,FALL_WALK_B,4,3,train,auto_reviewed,True,True,none,184,onset_primary,134,434,False,crop_out_of_bounds,onset_manifest_v2_2026-06-06
E4_S03_A_FALL_WALK_B_T004.csv,FALL_WALK_B,4,3,train,auto_reviewed,True,True,none,184,onset_reduced,84,384,True,,onset_manifest_v2_2026-06-06
E4_S03_A_FALL_WALK_B_T005.csv,FALL_WALK_B,4,3,train,manual_corrected,True,True,none,106,fixed,50,350,True,,onset_manifest_v2_2026-06-06
E4_S03_A_FALL_WALK_B_T005.csv,FALL_WALK_B,4,3,train,manual_corrected,True,True,none,106,onset_primary,56,356,True,,onset_manifest_v2_2026-06-06
E4_S03_A_FALL_WALK_B_T005.csv,FALL_WALK_B,4,3,train,manual_corrected,True,True,none,106,onset_reduced,6,306,True,,onset_manifest_v2_2026-06-06
E4_S03_A_FALL_WALK_B_T006.csv,FALL_WALK_B,4,3,train,manual_corrected,True,True,none,179,fixed,50,350,True,,onset_manifest_v2_2026-06-06
E4_S03_A_FALL_WALK_B_T006.csv,FALL_WALK_B,4,3,train,manual_corrected,True,True,none,179,onset_primary,129,429,False,crop_out_of_bounds,onset_manifest_v2_2026-06-06
E4_S03_A_FALL_WALK_B_T006.csv,FALL_WALK_B,4,3,train,manual_corrected,True,True,none,179,onset_reduced,79,379,True,,onset_manifest_v2_2026-06-06
E4_S03_A_FALL_WALK_B_T007.csv,FALL_WALK_B,4,3,test,pending_manual,True,False,none,,fixed,50,350,True,,onset_manifest_v2_2026-06-06
E4_S03_A_FALL_WALK_B_T007.csv,FALL_WALK_B,4,3,test,pending_manual,True,False,none,,onset_primary,,,False,not_usable_for_onset_aligned,onset_manifest_v2_2026-06-06
E4_S03_A_FALL_WALK_B_T007.csv,FALL_WALK_B,4,3,test,pending_manual,True,False,none,,onset_reduced,,,False,not_usable_for_onset_aligned,onset_manifest_v2_2026-06-06
E4_S03_A_FALL_WALK_B_T008.csv,FALL_WALK_B,4,3,train,manual_corrected,True,True,none,75,fixed,50,350,True,,onset_manifest_v2_2026-06-06
E4_S03_A_FALL_WALK_B_T008.csv,FALL_WALK_B,4,3,train,manual_corrected,True,True,none,75,onset_primary,25,325,True,,onset_manifest_v2_2026-06-06
E4_S03_A_FALL_WALK_B_T008.csv,FALL_WALK_B,4,3,train,manual_corrected,True,True,none,75,onset_reduced,-25,275,False,crop_out_of_bounds,onset_manifest_v2_2026-06-06
E4_S03_A_FALL_WALK_B_T009.csv,FALL_WALK_B,4,3,train,auto_reviewed,True,True,none,114,fixed,50,350,True,,onset_manifest_v2_2026-06-06
E4_S03_A_FALL_WALK_B_T009.csv,FALL_WALK_B,4,3,train,auto_reviewed,True,True,none,114,onset_primary,64,364,True,,onset_manifest_v2_2026-06-06
E4_S03_A_FALL_WALK_B_T009.csv,FALL_WALK_B,4,3,train,auto_reviewed,True,True,none,114,onset_reduced,14,314,True,,onset_manifest_v2_2026-06-06
E4_S03_A_FALL_WALK_B_T010.csv,FALL_WALK_B,4,3,train,onset_unusable,True,False,onset_aligned_only,,fixed,50,350,True,,onset_manifest_v2_2026-06-06
E4_S03_A_FALL_WALK_B_T010.csv,FALL_WALK_B,4,3,train,onset_unusable,True,False,onset_aligned_only,,onset_primary,,,False,not_usable_for_onset_aligned,onset_manifest_v2_2026-06-06
E4_S03_A_FALL_WALK_B_T010.csv,FALL_WALK_B,4,3,train,onset_unusable,True,False,onset_aligned_only,,onset_reduced,,,False,not_usable_for_onset_aligned,onset_manifest_v2_2026-06-06
E4_S03_A_FALL_WALK_F_T001.csv,FALL_WALK_F,4,3,train,manual_corrected,True,True,none,132,fixed,50,350,True,,onset_manifest_v2_2026-06-06
E4_S03_A_FALL_WALK_F_T001.csv,FALL_WALK_F,4,3,train,manual_corrected,True,True,none,132,onset_primary,82,382,True,,onset_manifest_v2_2026-06-06
E4_S03_A_FALL_WALK_F_T001.csv,FALL_WALK_F,4,3,train,manual_corrected,True,True,none,132,onset_reduced,32,332,True,,onset_manifest_v2_2026-06-06
E4_S03_A_FALL_WALK_F_T002.csv,FALL_WALK_F,4,3,train,onset_unusable,True,False,onset_aligned_only,,fixed,50,350,True,,onset_manifest_v2_2026-06-06
E4_S03_A_FALL_WALK_F_T002.csv,FALL_WALK_F,4,3,train,onset_unusable,True,False,onset_aligned_only,,onset_primary,,,False,not_usable_for_onset_aligned,onset_manifest_v2_2026-06-06
E4_S03_A_FALL_WALK_F_T002.csv,FALL_WALK_F,4,3,train,onset_unusable,True,False,onset_aligned_only,,onset_reduced,,,False,not_usable_for_onset_aligned,onset_manifest_v2_2026-06-06
E4_S03_A_FALL_WALK_F_T003.csv,FALL_WALK_F,4,3,train,auto_reviewed,True,True,none,106,fixed,50,350,True,,onset_manifest_v2_2026-06-06
E4_S03_A_FALL_WALK_F_T003.csv,FALL_WALK_F,4,3,train,auto_reviewed,True,True,none,106,onset_primary,56,356,True,,onset_manifest_v2_2026-06-06
E4_S03_A_FALL_WALK_F_T003.csv,FALL_WALK_F,4,3,train,auto_reviewed,True,True,none,106,onset_reduced,6,306,True,,onset_manifest_v2_2026-06-06
E4_S03_A_FALL_WALK_F_T004.csv,FALL_WALK_F,4,3,test,auto_reviewed,True,True,none,113,fixed,50,350,True,,onset_manifest_v2_2026-06-06
E4_S03_A_FALL_WALK_F_T004.csv,FALL_WALK_F,4,3,test,auto_reviewed,True,True,none,113,onset_primary,63,363,True,,onset_manifest_v2_2026-06-06
E4_S03_A_FALL_WALK_F_T004.csv,FALL_WALK_F,4,3,test,auto_reviewed,True,True,none,113,onset_reduced,13,313,True,,onset_manifest_v2_2026-06-06
E4_S03_A_FALL_WALK_F_T005.csv,FALL_WALK_F,4,3,test,pending_manual,True,False,none,,fixed,50,350,True,,onset_manifest_v2_2026-06-06
E4_S03_A_FALL_WALK_F_T005.csv,FALL_WALK_F,4,3,test,pending_manual,True,False,none,,onset_primary,,,False,not_usable_for_onset_aligned,onset_manifest_v2_2026-06-06
E4_S03_A_FALL_WALK_F_T005.csv,FALL_WALK_F,4,3,test,pending_manual,True,False,none,,onset_reduced,,,False,not_usable_for_onset_aligned,onset_manifest_v2_2026-06-06
E4_S03_A_FALL_WALK_F_T006.csv,FALL_WALK_F,4,3,val,auto_reviewed,True,True,none,134,fixed,50,350,True,,onset_manifest_v2_2026-06-06
E4_S03_A_FALL_WALK_F_T006.csv,FALL_WALK_F,4,3,val,auto_reviewed,True,True,none,134,onset_primary,84,384,True,,onset_manifest_v2_2026-06-06
E4_S03_A_FALL_WALK_F_T006.csv,FALL_WALK_F,4,3,val,auto_reviewed,True,True,none,134,onset_reduced,34,334,True,,onset_manifest_v2_2026-06-06
E4_S03_A_FALL_WALK_F_T007.csv,FALL_WALK_F,4,3,train,manual_corrected,True,True,none,174,fixed,50,350,True,,onset_manifest_v2_2026-06-06
E4_S03_A_FALL_WALK_F_T007.csv,FALL_WALK_F,4,3,train,manual_corrected,True,True,none,174,onset_primary,124,424,False,crop_out_of_bounds,onset_manifest_v2_2026-06-06
E4_S03_A_FALL_WALK_F_T007.csv,FALL_WALK_F,4,3,train,manual_corrected,True,True,none,174,onset_reduced,74,374,True,,onset_manifest_v2_2026-06-06
E4_S03_A_FALL_WALK_F_T008.csv,FALL_WALK_F,4,3,test,auto_reviewed,True,True,none,154,fixed,50,350,True,,onset_manifest_v2_2026-06-06
E4_S03_A_FALL_WALK_F_T008.csv,FALL_WALK_F,4,3,test,auto_reviewed,True,True,none,154,onset_primary,104,404,False,crop_out_of_bounds,onset_manifest_v2_2026-06-06
E4_S03_A_FALL_WALK_F_T008.csv,FALL_WALK_F,4,3,test,auto_reviewed,True,True,none,154,onset_reduced,54,354,True,,onset_manifest_v2_2026-06-06
E4_S03_A_FALL_WALK_F_T009.csv,FALL_WALK_F,4,3,test,pending_manual,True,False,none,,fixed,50,350,True,,onset_manifest_v2_2026-06-06
E4_S03_A_FALL_WALK_F_T009.csv,FALL_WALK_F,4,3,test,pending_manual,True,False,none,,onset_primary,,,False,not_usable_for_onset_aligned,onset_manifest_v2_2026-06-06
E4_S03_A_FALL_WALK_F_T009.csv,FALL_WALK_F,4,3,test,pending_manual,True,False,none,,onset_reduced,,,False,not_usable_for_onset_aligned,onset_manifest_v2_2026-06-06
E4_S03_A_FALL_WALK_F_T010.csv,FALL_WALK_F,4,3,train,onset_unusable,True,False,onset_aligned_only,,fixed,50,350,True,,onset_manifest_v2_2026-06-06
E4_S03_A_FALL_WALK_F_T010.csv,FALL_WALK_F,4,3,train,onset_unusable,True,False,onset_aligned_only,,onset_primary,,,False,not_usable_for_onset_aligned,onset_manifest_v2_2026-06-06
E4_S03_A_FALL_WALK_F_T010.csv,FALL_WALK_F,4,3,train,onset_unusable,True,False,onset_aligned_only,,onset_reduced,,,False,not_usable_for_onset_aligned,onset_manifest_v2_2026-06-06
