aug_filename,origin_filename,origin_split,origin_subtype,origin_subject,origin_env,aug_id,transform_profile,transform_params,warp_factor,scale_factor,noise_snr,crop_offset,splice_boundaries_clean,expected_onset_clean,detected_onset_clean,onset_delta,baseline_noise_ratio,auto_augmented_onset_ok,aug_status,reject_or_pending_reason
E1_S01_A_FALL_SIT_B_T007__aug2_me_no.npz,E1_S01_A_FALL_SIT_B_T007.csv,train,FALL_SIT_B,1,1,2,medium_normal,scale1.01053_warp1.02531_off5_snr26.98,1.02531,1.01053,26.98,5,100|300,170,158,-12,1.107,False,pending,aug_onset_disagree(>5)
E1_S01_A_FALL_SIT_B_T007__aug0_sm_no.npz,E1_S01_A_FALL_SIT_B_T007.csv,train,FALL_SIT_B,1,1,0,small_normal,scale0.77473_warp1.04581_off9_snr34.91,1.04581,0.77473,34.91,9,100|300,170,172,2,1.1431,True,use,
E1_S01_A_FALL_SIT_B_T007__aug1_sm_fa.npz,E1_S01_A_FALL_SIT_B_T007.csv,train,FALL_SIT_B,1,1,1,small_fast,scale0.85593_warp0.85413_off0_snr26.29,0.85413,0.85593,26.29,0,100|300,146,146,0,1.0501,True,use,
E1_S01_A_FALL_SIT_B_T007__aug3_me_fa.npz,E1_S01_A_FALL_SIT_B_T007.csv,train,FALL_SIT_B,1,1,3,medium_fast,scale0.98304_warp0.87522_off0_snr32.62,0.87522,0.98304,32.62,0,100|300,150,151,1,1.0628,True,use,
E1_S01_A_FALL_SIT_B_T007__aug4_la_no.npz,E1_S01_A_FALL_SIT_B_T007.csv,train,FALL_SIT_B,1,1,4,large_normal,scale1.26164_warp0.95077_off0_snr31.21,0.95077,1.26164,31.21,0,100|300,162,133,-29,1.0833,False,pending,aug_onset_disagree(>5)
E1_S01_A_FALL_SIT_F_T001__aug3_me_fa.npz,E1_S01_A_FALL_SIT_F_T001.csv,train,FALL_SIT_F,1,1,3,medium_fast,scale1.02268_warp0.89799_off0_snr28.21,0.89799,1.02268,28.21,0,100|300,142,164,22,1.1704,False,pending,aug_onset_disagree(>10)
E1_S01_A_FALL_SIT_F_T001__aug2_me_no.npz,E1_S01_A_FALL_SIT_F_T001.csv,train,FALL_SIT_F,1,1,2,medium_normal,scale0.96413_warp1.04665_off9_snr34.44,1.04665,0.96413,34.44,9,100|300,156,146,-10,1.1309,False,pending,aug_onset_disagree(>5)
E1_S01_A_FALL_SIT_B_T007__aug5_la_fa.npz,E1_S01_A_FALL_SIT_B_T007.csv,train,FALL_SIT_B,1,1,5,large_fast,scale1.1062_warp0.82612_off0_snr29.5,0.82612,1.1062,29.5,0,100|300,141,141,0,1.0483,True,use,
E1_S01_A_FALL_SIT_F_T001__aug4_la_no.npz,E1_S01_A_FALL_SIT_F_T001.csv,train,FALL_SIT_F,1,1,4,large_normal,scale1.14149_warp1.01868_off3_snr25.15,1.01868,1.14149,25.15,3,100|300,158,,,1.1327,False,pending,rise_not_found
E1_S01_A_FALL_SIT_F_T001__aug0_sm_no.npz,E1_S01_A_FALL_SIT_F_T001.csv,train,FALL_SIT_F,1,1,0,small_normal,scale0.78903_warp0.99494_off0_snr28.18,0.99494,0.78903,28.18,0,100|300,157,182,25,1.2017,False,pending,aug_onset_disagree(>5)
E1_S01_A_FALL_SIT_F_T001__aug1_sm_fa.npz,E1_S01_A_FALL_SIT_F_T001.csv,train,FALL_SIT_F,1,1,1,small_fast,scale0.81681_warp0.80001_off0_snr25.44,0.80001,0.81681,25.44,0,100|300,126,126,0,1.131,True,use,
E1_S01_A_FALL_SIT_F_T001__aug5_la_fa.npz,E1_S01_A_FALL_SIT_F_T001.csv,train,FALL_SIT_F,1,1,5,large_fast,scale1.11563_warp0.76003_off0_snr31.18,0.76003,1.11563,31.18,0,100|300,120,108,-12,1.2044,False,pending,aug_onset_disagree(>10)
E1_S01_A_FALL_SIT_F_T002__aug1_sm_fa.npz,E1_S01_A_FALL_SIT_F_T002.csv,train,FALL_SIT_F,1,1,1,small_fast,scale0.82155_warp0.87967_off0_snr28.82,0.87967,0.82155,28.82,0,100|300,95,,,1.0772,False,pending,rise_not_found
E1_S01_A_FALL_SIT_F_T002__aug2_me_no.npz,E1_S01_A_FALL_SIT_F_T002.csv,train,FALL_SIT_F,1,1,2,medium_normal,scale1.03005_warp0.97953_off0_snr33.19,0.97953,1.03005,33.19,0,100|300,106,,,1.0895,False,pending,rise_not_found
E1_S01_A_FALL_SIT_F_T002__aug0_sm_no.npz,E1_S01_A_FALL_SIT_F_T002.csv,train,FALL_SIT_F,1,1,0,small_normal,scale0.79205_warp1.03665_off7_snr26.68,1.03665,0.79205,26.68,7,100|300,105,150,45,1.0915,False,pending,aug_onset_disagree(>5)
E1_S01_A_FALL_SIT_F_T002__aug3_me_fa.npz,E1_S01_A_FALL_SIT_F_T002.csv,train,FALL_SIT_F,1,1,3,medium_fast,scale0.96591_warp0.84263_off0_snr25.97,0.84263,0.96591,25.97,0,100|300,91,,,1.0536,False,pending,rise_not_found
E1_S01_A_FALL_SIT_F_T002__aug4_la_no.npz,E1_S01_A_FALL_SIT_F_T002.csv,train,FALL_SIT_F,1,1,4,large_normal,scale1.2236_warp0.96742_off0_snr26.06,0.96742,1.2236,26.06,0,100|300,104,158,54,1.0573,False,pending,aug_onset_disagree(>5)
E1_S01_A_FALL_SIT_F_T002__aug5_la_fa.npz,E1_S01_A_FALL_SIT_F_T002.csv,train,FALL_SIT_F,1,1,5,large_fast,scale1.29904_warp0.86271_off0_snr32.02,0.86271,1.29904,32.02,0,100|300,93,,,1.061,False,pending,rise_not_found
E1_S01_A_FALL_SIT_F_T003__aug0_sm_no.npz,E1_S01_A_FALL_SIT_F_T003.csv,train,FALL_SIT_F,1,1,0,small_normal,scale0.81808_warp0.96351_off0_snr28.78,0.96351,0.81808,28.78,0,100|300,127,126,-1,1.0958,True,use,
E1_S01_A_FALL_SIT_F_T003__aug1_sm_fa.npz,E1_S01_A_FALL_SIT_F_T003.csv,train,FALL_SIT_F,1,1,1,small_fast,scale0.7609_warp0.8462_off0_snr30.44,0.8462,0.7609,30.44,0,100|300,111,120,9,1.0636,True,use,
E1_S01_A_FALL_SIT_F_T003__aug2_me_no.npz,E1_S01_A_FALL_SIT_F_T003.csv,train,FALL_SIT_F,1,1,2,medium_normal,scale1.00886_warp0.96285_off0_snr33.43,0.96285,1.00886,33.43,0,100|300,127,168,41,1.0894,False,pending,aug_onset_disagree(>5)
E1_S01_A_FALL_SIT_F_T003__aug5_la_fa.npz,E1_S01_A_FALL_SIT_F_T003.csv,train,FALL_SIT_F,1,1,5,large_fast,scale1.11021_warp0.75584_off0_snr33.38,0.75584,1.11021,33.38,0,100|300,100,131,31,1.0905,False,pending,aug_onset_disagree(>10)
E1_S01_A_FALL_SIT_F_T003__aug3_me_fa.npz,E1_S01_A_FALL_SIT_F_T003.csv,train,FALL_SIT_F,1,1,3,medium_fast,scale1.03334_warp0.79945_off0_snr33.31,0.79945,1.03334,33.31,0,100|300,105,106,1,1.0691,True,use,
E1_S01_A_FALL_SIT_F_T004__aug0_sm_no.npz,E1_S01_A_FALL_SIT_F_T004.csv,train,FALL_SIT_F,1,1,0,small_normal,scale0.84625_warp0.96346_off0_snr27.14,0.96346,0.84625,27.14,0,100|300,139,100,-39,1.0711,False,pending,aug_onset_disagree(>5)
E1_S01_A_FALL_SIT_F_T003__aug4_la_no.npz,E1_S01_A_FALL_SIT_F_T003.csv,train,FALL_SIT_F,1,1,4,large_normal,scale1.14568_warp1.02789_off5_snr29.65,1.02789,1.14568,29.65,5,100|300,131,145,14,1.0797,False,pending,aug_onset_disagree(>5)
E1_S01_A_FALL_SIT_F_T004__aug3_me_fa.npz,E1_S01_A_FALL_SIT_F_T004.csv,train,FALL_SIT_F,1,1,3,medium_fast,scale0.98361_warp0.8891_off0_snr33.17,0.8891,0.98361,33.17,0,100|300,128,100,-28,1.1029,False,pending,aug_onset_disagree(>10)
E1_S01_A_FALL_SIT_F_T004__aug4_la_no.npz,E1_S01_A_FALL_SIT_F_T004.csv,train,FALL_SIT_F,1,1,4,large_normal,scale1.15239_warp0.95989_off0_snr32.3,0.95989,1.15239,32.3,0,100|300,138,104,-34,1.0952,False,pending,aug_onset_disagree(>5)
E1_S01_A_FALL_SIT_F_T004__aug5_la_fa.npz,E1_S01_A_FALL_SIT_F_T004.csv,train,FALL_SIT_F,1,1,5,large_fast,scale1.14723_warp0.79864_off0_snr30.51,0.79864,1.14723,30.51,0,100|300,115,114,,1.3058,False,pending,baseline_noise_high
E1_S01_A_FALL_SIT_F_T004__aug1_sm_fa.npz,E1_S01_A_FALL_SIT_F_T004.csv,train,FALL_SIT_F,1,1,1,small_fast,scale0.84326_warp0.79559_off0_snr30.2,0.79559,0.84326,30.2,0,100|300,114,114,0,1.2921,True,use,
E1_S01_A_FALL_SIT_F_T004__aug2_me_no.npz,E1_S01_A_FALL_SIT_F_T004.csv,train,FALL_SIT_F,1,1,2,medium_normal,scale1.03114_warp0.99291_off0_snr29.8,0.99291,1.03114,29.8,0,100|300,143,102,-41,1.1242,False,pending,aug_onset_disagree(>5)
E1_S01_A_FALL_SIT_F_T005__aug1_sm_fa.npz,E1_S01_A_FALL_SIT_F_T005.csv,train,FALL_SIT_F,1,1,1,small_fast,scale0.85095_warp0.76865_off0_snr26.33,0.76865,0.85095,26.33,0,100|300,95,100,5,1.0495,True,use,
E1_S01_A_FALL_SIT_F_T005__aug0_sm_no.npz,E1_S01_A_FALL_SIT_F_T005.csv,train,FALL_SIT_F,1,1,0,small_normal,scale0.76777_warp1.00385_off0_snr29.14,1.00385,0.76777,29.14,0,100|300,124,128,4,1.0689,True,use,
E1_S01_A_FALL_SIT_F_T005__aug2_me_no.npz,E1_S01_A_FALL_SIT_F_T005.csv,train,FALL_SIT_F,1,1,2,medium_normal,scale1.00218_warp1.02728_off5_snr25.05,1.02728,1.00218,25.05,5,100|300,122,,,1.0821,False,pending,rise_not_found
E1_S01_A_FALL_SIT_F_T005__aug3_me_fa.npz,E1_S01_A_FALL_SIT_F_T005.csv,train,FALL_SIT_F,1,1,3,medium_fast,scale0.99599_warp0.76678_off0_snr25.61,0.76678,0.99599,25.61,0,100|300,95,,,1.0869,False,pending,rise_not_found
E1_S01_A_FALL_SIT_F_T005__aug4_la_no.npz,E1_S01_A_FALL_SIT_F_T005.csv,train,FALL_SIT_F,1,1,4,large_normal,scale1.29459_warp1.02732_off5_snr33.55,1.02732,1.29459,33.55,5,100|300,122,121,-1,1.096,True,use,
E1_S01_A_FALL_SIT_F_T005__aug5_la_fa.npz,E1_S01_A_FALL_SIT_F_T005.csv,train,FALL_SIT_F,1,1,5,large_fast,scale1.20017_warp0.81694_off0_snr27.19,0.81694,1.20017,27.19,0,100|300,101,100,-1,1.0577,True,use,
E1_S01_A_FALL_SIT_F_T007__aug0_sm_no.npz,E1_S01_A_FALL_SIT_F_T007.csv,train,FALL_SIT_F,1,1,0,small_normal,scale0.77669_warp1.04944_off9_snr34.09,1.04944,0.77669,34.09,9,100|300,104,166,62,1.0799,False,pending,aug_onset_disagree(>5)
E1_S01_A_FALL_SIT_F_T007__aug2_me_no.npz,E1_S01_A_FALL_SIT_F_T007.csv,train,FALL_SIT_F,1,1,2,medium_normal,scale1.01993_warp1.02477_off4_snr29.23,1.02477,1.01993,29.23,4,100|300,106,152,46,1.0616,False,pending,aug_onset_disagree(>5)
E1_S01_A_FALL_SIT_F_T007__aug1_sm_fa.npz,E1_S01_A_FALL_SIT_F_T007.csv,train,FALL_SIT_F,1,1,1,small_fast,scale0.88759_warp0.76573_off0_snr28.18,0.76573,0.88759,28.18,0,100|300,83,114,31,1.0415,False,pending,aug_onset_disagree(>10)
E1_S01_A_FALL_SIT_F_T008__aug0_sm_no.npz,E1_S01_A_FALL_SIT_F_T008.csv,train,FALL_SIT_F,1,1,0,small_normal,scale0.88647_warp1.01943_off3_snr34.24,1.01943,0.88647,34.24,3,100|300,125,169,44,1.0786,False,pending,aug_onset_disagree(>5)
E1_S01_A_FALL_SIT_F_T007__aug4_la_no.npz,E1_S01_A_FALL_SIT_F_T007.csv,train,FALL_SIT_F,1,1,4,large_normal,scale1.28042_warp1.01418_off2_snr34.64,1.01418,1.28042,34.64,2,100|300,107,153,46,1.0868,False,pending,aug_onset_disagree(>5)
E1_S01_A_FALL_SIT_F_T007__aug3_me_fa.npz,E1_S01_A_FALL_SIT_F_T007.csv,train,FALL_SIT_F,1,1,3,medium_fast,scale1.03706_warp0.87752_off0_snr29.13,0.87752,1.03706,29.13,0,100|300,95,132,37,1.0508,False,pending,aug_onset_disagree(>10)
E1_S01_A_FALL_SIT_F_T008__aug1_sm_fa.npz,E1_S01_A_FALL_SIT_F_T008.csv,train,FALL_SIT_F,1,1,1,small_fast,scale0.83209_warp0.7769_off0_snr31.31,0.7769,0.83209,31.31,0,100|300,98,101,3,1.0551,True,use,
E1_S01_A_FALL_SIT_F_T007__aug5_la_fa.npz,E1_S01_A_FALL_SIT_F_T007.csv,train,FALL_SIT_F,1,1,5,large_fast,scale1.18511_warp0.79561_off0_snr27.15,0.79561,1.18511,27.15,0,100|300,86,,,1.0551,False,pending,rise_not_found
E1_S01_A_FALL_SIT_F_T008__aug3_me_fa.npz,E1_S01_A_FALL_SIT_F_T008.csv,train,FALL_SIT_F,1,1,3,medium_fast,scale0.95385_warp0.84838_off0_snr27.45,0.84838,0.95385,27.45,0,100|300,107,148,41,1.0557,False,pending,aug_onset_disagree(>10)
E1_S01_A_FALL_SIT_F_T008__aug4_la_no.npz,E1_S01_A_FALL_SIT_F_T008.csv,train,FALL_SIT_F,1,1,4,large_normal,scale1.17492_warp1.01155_off2_snr30.46,1.01155,1.17492,30.46,2,100|300,125,,,1.1487,False,pending,rise_not_found
E1_S01_A_FALL_SIT_F_T008__aug2_me_no.npz,E1_S01_A_FALL_SIT_F_T008.csv,train,FALL_SIT_F,1,1,2,medium_normal,scale0.98126_warp0.99727_off0_snr34.55,0.99727,0.98126,34.55,0,100|300,125,174,49,1.081,False,pending,aug_onset_disagree(>5)
E1_S01_A_FALL_SIT_F_T008__aug5_la_fa.npz,E1_S01_A_FALL_SIT_F_T008.csv,train,FALL_SIT_F,1,1,5,large_fast,scale1.17431_warp0.81108_off0_snr34.04,0.81108,1.17431,34.04,0,100|300,102,117,15,1.0756,False,pending,aug_onset_disagree(>10)
E1_S01_A_FALL_SIT_F_T010__aug0_sm_no.npz,E1_S01_A_FALL_SIT_F_T010.csv,train,FALL_SIT_F,1,1,0,small_normal,scale0.82708_warp1.02947_off5_snr34.15,1.02947,0.82708,34.15,5,100|300,122,125,3,1.0992,True,use,
E1_S01_A_FALL_SIT_F_T010__aug1_sm_fa.npz,E1_S01_A_FALL_SIT_F_T010.csv,train,FALL_SIT_F,1,1,1,small_fast,scale0.87785_warp0.88383_off0_snr27.31,0.88383,0.87785,27.31,0,100|300,109,106,-3,1.0621,True,use,
E1_S01_A_FALL_SIT_F_T010__aug5_la_fa.npz,E1_S01_A_FALL_SIT_F_T010.csv,train,FALL_SIT_F,1,1,5,large_fast,scale1.23475_warp0.89093_off0_snr29.82,0.89093,1.23475,29.82,0,100|300,110,110,0,1.1081,True,use,
E1_S01_A_FALL_SIT_F_T010__aug3_me_fa.npz,E1_S01_A_FALL_SIT_F_T010.csv,train,FALL_SIT_F,1,1,3,medium_fast,scale0.98057_warp0.88221_off0_snr28.87,0.88221,0.98057,28.87,0,100|300,109,110,1,1.0623,True,use,
E1_S01_A_FALL_SIT_F_T010__aug4_la_no.npz,E1_S01_A_FALL_SIT_F_T010.csv,train,FALL_SIT_F,1,1,4,large_normal,scale1.12513_warp0.98596_off0_snr27.33,0.98596,1.12513,27.33,0,100|300,122,114,-8,1.0792,False,pending,aug_onset_disagree(>5)
E1_S01_A_FALL_SIT_F_T010__aug2_me_no.npz,E1_S01_A_FALL_SIT_F_T010.csv,train,FALL_SIT_F,1,1,2,medium_normal,scale0.98341_warp0.96989_off0_snr29.84,0.96989,0.98341,29.84,0,100|300,120,119,-1,1.0606,True,use,
E1_S01_A_FALL_STD_B_T003__aug1_sm_fa.npz,E1_S01_A_FALL_STD_B_T003.csv,train,FALL_STD_B,1,1,1,small_fast,scale0.85196_warp0.83373_off0_snr34.97,0.83373,0.85196,34.97,0,100|300,122,117,-5,1.0695,True,use,
E1_S01_A_FALL_STD_B_T003__aug4_la_no.npz,E1_S01_A_FALL_STD_B_T003.csv,train,FALL_STD_B,1,1,4,large_normal,scale1.21313_warp1.03105_off6_snr28.65,1.03105,1.21313,28.65,6,100|300,145,146,1,1.1568,True,use,
E1_S01_A_FALL_STD_B_T003__aug0_sm_no.npz,E1_S01_A_FALL_STD_B_T003.csv,train,FALL_STD_B,1,1,0,small_normal,scale0.77806_warp0.98492_off0_snr26.78,0.98492,0.77806,26.78,0,100|300,144,145,1,1.1377,True,use,
E1_S01_A_FALL_STD_B_T003__aug2_me_no.npz,E1_S01_A_FALL_STD_B_T003.csv,train,FALL_STD_B,1,1,2,medium_normal,scale0.99757_warp1.0117_off2_snr30.26,1.0117,0.99757,30.26,2,100|300,146,147,1,1.092,True,use,
E1_S01_A_FALL_STD_B_T003__aug3_me_fa.npz,E1_S01_A_FALL_STD_B_T003.csv,train,FALL_STD_B,1,1,3,medium_fast,scale0.98415_warp0.89798_off0_snr27.1,0.89798,0.98415,27.1,0,100|300,132,129,-3,1.0684,True,use,
E1_S01_A_FALL_STD_B_T004__aug0_sm_no.npz,E1_S01_A_FALL_STD_B_T004.csv,train,FALL_STD_B,1,1,0,small_normal,scale0.76414_warp1.03288_off6_snr30.56,1.03288,0.76414,30.56,6,100|300,230,230,0,1.0643,True,use,
E1_S01_A_FALL_STD_B_T004__aug1_sm_fa.npz,E1_S01_A_FALL_STD_B_T004.csv,train,FALL_STD_B,1,1,1,small_fast,scale0.87919_warp0.77434_off0_snr25.03,0.77434,0.87919,25.03,0,100|300,177,168,-9,1.0633,True,use,
E1_S01_A_FALL_STD_B_T003__aug5_la_fa.npz,E1_S01_A_FALL_STD_B_T003.csv,train,FALL_STD_B,1,1,5,large_fast,scale1.15448_warp0.78595_off0_snr34.42,0.78595,1.15448,34.42,0,100|300,115,115,0,1.0831,True,use,
E1_S01_A_FALL_STD_B_T004__aug2_me_no.npz,E1_S01_A_FALL_STD_B_T004.csv,train,FALL_STD_B,1,1,2,medium_normal,scale1.01552_warp0.9946_off0_snr27.91,0.9946,1.01552,27.91,0,100|300,227,227,0,1.0817,True,use,
E1_S01_A_FALL_STD_B_T004__aug3_me_fa.npz,E1_S01_A_FALL_STD_B_T004.csv,train,FALL_STD_B,1,1,3,medium_fast,scale0.98038_warp0.75159_off0_snr33.59,0.75159,0.98038,33.59,0,100|300,172,151,-21,1.0441,False,pending,aug_onset_disagree(>10)
E1_S01_A_FALL_STD_B_T004__aug4_la_no.npz,E1_S01_A_FALL_STD_B_T004.csv,train,FALL_STD_B,1,1,4,large_normal,scale1.16757_warp0.96577_off0_snr28.12,0.96577,1.16757,28.12,0,100|300,221,220,-1,1.0473,True,use,
E1_S01_A_FALL_STD_B_T004__aug5_la_fa.npz,E1_S01_A_FALL_STD_B_T004.csv,train,FALL_STD_B,1,1,5,large_fast,scale1.24697_warp0.81719_off0_snr32.83,0.81719,1.24697,32.83,0,100|300,187,186,-1,1.069,True,use,
E1_S01_A_FALL_STD_B_T007__aug2_me_no.npz,E1_S01_A_FALL_STD_B_T007.csv,train,FALL_STD_B,1,1,2,medium_normal,scale1.04072_warp1.01775_off3_snr28.75,1.01775,1.04072,28.75,3,100|300,144,116,-28,1.0771,False,pending,aug_onset_disagree(>5)
E1_S01_A_FALL_STD_B_T007__aug0_sm_no.npz,E1_S01_A_FALL_STD_B_T007.csv,train,FALL_STD_B,1,1,0,small_normal,scale0.85341_warp0.99998_off0_snr33.37,0.99998,0.85341,33.37,0,100|300,144,148,4,1.1096,True,use,
E1_S01_A_FALL_STD_B_T007__aug1_sm_fa.npz,E1_S01_A_FALL_STD_B_T007.csv,train,FALL_STD_B,1,1,1,small_fast,scale0.75409_warp0.88151_off0_snr25.85,0.88151,0.75409,25.85,0,100|300,127,104,-23,1.0819,False,pending,aug_onset_disagree(>10)
E1_S01_A_FALL_STD_B_T007__aug4_la_no.npz,E1_S01_A_FALL_STD_B_T007.csv,train,FALL_STD_B,1,1,4,large_normal,scale1.27089_warp0.95561_off0_snr33.75,0.95561,1.27089,33.75,0,100|300,138,140,2,1.0586,True,use,
E1_S01_A_FALL_STD_B_T007__aug5_la_fa.npz,E1_S01_A_FALL_STD_B_T007.csv,train,FALL_STD_B,1,1,5,large_fast,scale1.29339_warp0.88275_off0_snr34.12,0.88275,1.29339,34.12,0,100|300,127,128,1,1.0714,True,use,
E1_S01_A_FALL_STD_B_T007__aug3_me_fa.npz,E1_S01_A_FALL_STD_B_T007.csv,train,FALL_STD_B,1,1,3,medium_fast,scale1.03176_warp0.78617_off0_snr34.87,0.78617,1.03176,34.87,0,100|300,113,110,-3,1.0844,True,use,
E1_S01_A_FALL_STD_B_T010__aug1_sm_fa.npz,E1_S01_A_FALL_STD_B_T010.csv,train,FALL_STD_B,1,1,1,small_fast,scale0.84795_warp0.75534_off0_snr28.18,0.75534,0.84795,28.18,0,100|300,173,172,-1,1.0719,True,use,
E1_S01_A_FALL_STD_B_T010__aug2_me_no.npz,E1_S01_A_FALL_STD_B_T010.csv,train,FALL_STD_B,1,1,2,medium_normal,scale1.04294_warp1.01094_off2_snr31.42,1.01094,1.04294,31.42,2,100|300,229,194,-35,1.1214,False,pending,aug_onset_disagree(>5)
E1_S01_A_FALL_STD_B_T010__aug3_me_fa.npz,E1_S01_A_FALL_STD_B_T010.csv,train,FALL_STD_B,1,1,3,medium_fast,scale1.04949_warp0.8161_off0_snr30.34,0.8161,1.04949,30.34,0,100|300,187,157,-30,1.0631,False,pending,aug_onset_disagree(>10)
E1_S01_A_FALL_STD_B_T010__aug0_sm_no.npz,E1_S01_A_FALL_STD_B_T010.csv,train,FALL_STD_B,1,1,0,small_normal,scale0.75289_warp0.98469_off0_snr34.51,0.98469,0.75289,34.51,0,100|300,225,205,-20,1.0724,False,pending,aug_onset_disagree(>5)
E1_S01_A_FALL_STD_B_T010__aug4_la_no.npz,E1_S01_A_FALL_STD_B_T010.csv,train,FALL_STD_B,1,1,4,large_normal,scale1.2892_warp0.95135_off0_snr28.89,0.95135,1.2892,28.89,0,100|300,218,207,-11,1.064,False,pending,aug_onset_disagree(>5)
E1_S01_A_FALL_STD_B_T010__aug5_la_fa.npz,E1_S01_A_FALL_STD_B_T010.csv,train,FALL_STD_B,1,1,5,large_fast,scale1.16732_warp0.80225_off0_snr34.81,0.80225,1.16732,34.81,0,100|300,183,174,-9,1.0757,True,use,
E1_S01_A_FALL_STD_F_T001__aug1_sm_fa.npz,E1_S01_A_FALL_STD_F_T001.csv,train,FALL_STD_F,1,1,1,small_fast,scale0.81991_warp0.79764_off0_snr34.69,0.79764,0.81991,34.69,0,100|300,164,116,-48,1.1758,False,pending,aug_onset_disagree(>10)
E1_S01_A_FALL_STD_F_T001__aug0_sm_no.npz,E1_S01_A_FALL_STD_F_T001.csv,train,FALL_STD_F,1,1,0,small_normal,scale0.89584_warp1.03335_off6_snr26.7,1.03335,0.89584,26.7,6,100|300,207,112,-95,1.0562,False,pending,aug_onset_disagree(>5)
E1_S01_A_FALL_STD_F_T001__aug3_me_fa.npz,E1_S01_A_FALL_STD_F_T001.csv,train,FALL_STD_F,1,1,3,medium_fast,scale0.96973_warp0.75087_off0_snr30.95,0.75087,0.96973,30.95,0,100|300,154,105,-49,1.1592,False,pending,aug_onset_disagree(>10)
E1_S01_A_FALL_STD_F_T001__aug2_me_no.npz,E1_S01_A_FALL_STD_F_T001.csv,train,FALL_STD_F,1,1,2,medium_normal,scale1.01552_warp1.01299_off2_snr29.09,1.01299,1.01552,29.09,2,100|300,207,100,-107,1.0669,False,pending,aug_onset_disagree(>5)
E1_S01_A_FALL_STD_F_T002__aug1_sm_fa.npz,E1_S01_A_FALL_STD_F_T002.csv,train,FALL_STD_F,1,1,1,small_fast,scale0.82368_warp0.86507_off0_snr33.6,0.86507,0.82368,33.6,0,100|300,136,135,-1,1.0773,True,use,
E1_S01_A_FALL_STD_F_T001__aug5_la_fa.npz,E1_S01_A_FALL_STD_F_T001.csv,train,FALL_STD_F,1,1,5,large_fast,scale1.14487_warp0.83862_off0_snr26.11,0.83862,1.14487,26.11,0,100|300,172,167,-5,1.0944,True,use,
E1_S01_A_FALL_STD_F_T001__aug4_la_no.npz,E1_S01_A_FALL_STD_F_T001.csv,train,FALL_STD_F,1,1,4,large_normal,scale1.10703_warp0.98023_off0_snr26.35,0.98023,1.10703,26.35,0,100|300,202,100,-102,1.0731,False,pending,aug_onset_disagree(>5)
E1_S01_A_FALL_STD_F_T002__aug2_me_no.npz,E1_S01_A_FALL_STD_F_T002.csv,train,FALL_STD_F,1,1,2,medium_normal,scale1.00614_warp0.96257_off0_snr25.02,0.96257,1.00614,25.02,0,100|300,151,152,1,1.1028,True,use,
E1_S01_A_FALL_STD_F_T002__aug0_sm_no.npz,E1_S01_A_FALL_STD_F_T002.csv,train,FALL_STD_F,1,1,0,small_normal,scale0.80936_warp0.96348_off0_snr34.55,0.96348,0.80936,34.55,0,100|300,151,151,0,1.1151,True,use,
E1_S01_A_FALL_STD_F_T006__aug0_sm_no.npz,E1_S01_A_FALL_STD_F_T006.csv,train,FALL_STD_F,1,1,0,small_normal,scale0.89425_warp1.04199_off8_snr27.39,1.04199,0.89425,27.39,8,100|300,158,144,-14,1.0903,False,pending,aug_onset_disagree(>5)
E1_S01_A_FALL_STD_F_T002__aug5_la_fa.npz,E1_S01_A_FALL_STD_F_T002.csv,train,FALL_STD_F,1,1,5,large_fast,scale1.14978_warp0.86737_off0_snr27.84,0.86737,1.14978,27.84,0,100|300,136,141,5,1.0814,True,use,
E1_S01_A_FALL_STD_F_T002__aug4_la_no.npz,E1_S01_A_FALL_STD_F_T002.csv,train,FALL_STD_F,1,1,4,large_normal,scale1.28794_warp1.04584_off9_snr33.31,1.04584,1.28794,33.31,9,100|300,155,162,7,1.0843,False,pending,aug_onset_disagree(>5)
E1_S01_A_FALL_STD_F_T006__aug1_sm_fa.npz,E1_S01_A_FALL_STD_F_T006.csv,train,FALL_STD_F,1,1,1,small_fast,scale0.85575_warp0.85604_off0_snr34.78,0.85604,0.85575,34.78,0,100|300,137,141,4,1.0682,True,use,
E1_S01_A_FALL_STD_F_T006__aug2_me_no.npz,E1_S01_A_FALL_STD_F_T006.csv,train,FALL_STD_F,1,1,2,medium_normal,scale0.95316_warp1.01967_off3_snr27.34,1.01967,0.95316,27.34,3,100|300,160,164,4,1.0934,True,use,
E1_S01_A_FALL_STD_F_T002__aug3_me_fa.npz,E1_S01_A_FALL_STD_F_T002.csv,train,FALL_STD_F,1,1,3,medium_fast,scale1.01534_warp0.77172_off0_snr30.61,0.77172,1.01534,30.61,0,100|300,121,125,4,1.0756,True,use,
E1_S01_A_FALL_STD_F_T006__aug5_la_fa.npz,E1_S01_A_FALL_STD_F_T006.csv,train,FALL_STD_F,1,1,5,large_fast,scale1.29577_warp0.88836_off0_snr30.15,0.88836,1.29577,30.15,0,100|300,142,140,-2,1.1082,True,use,
E1_S01_A_FALL_STD_F_T006__aug3_me_fa.npz,E1_S01_A_FALL_STD_F_T006.csv,train,FALL_STD_F,1,1,3,medium_fast,scale0.9575_warp0.77323_off0_snr31.42,0.77323,0.9575,31.42,0,100|300,124,124,0,1.0796,True,use,
E1_S01_A_FALL_STD_F_T006__aug4_la_no.npz,E1_S01_A_FALL_STD_F_T006.csv,train,FALL_STD_F,1,1,4,large_normal,scale1.24046_warp1.02715_off5_snr32.52,1.02715,1.24046,32.52,5,100|300,159,155,-4,1.1021,True,use,
E1_S01_A_FALL_STD_F_T007__aug0_sm_no.npz,E1_S01_A_FALL_STD_F_T007.csv,train,FALL_STD_F,1,1,0,small_normal,scale0.83232_warp1.03262_off6_snr29.89,1.03262,0.83232,29.89,6,100|300,208,100,-108,1.0603,False,pending,aug_onset_disagree(>5)
E1_S01_A_FALL_STD_F_T007__aug1_sm_fa.npz,E1_S01_A_FALL_STD_F_T007.csv,train,FALL_STD_F,1,1,1,small_fast,scale0.85083_warp0.77051_off0_snr33.32,0.77051,0.85083,33.32,0,100|300,159,108,-51,1.2267,False,pending,aug_onset_disagree(>10)
E1_S01_A_FALL_STD_F_T007__aug2_me_no.npz,E1_S01_A_FALL_STD_F_T007.csv,train,FALL_STD_F,1,1,2,medium_normal,scale1.04115_warp0.99233_off0_snr34.26,0.99233,1.04115,34.26,0,100|300,205,100,-105,1.0771,False,pending,aug_onset_disagree(>5)
E1_S01_A_FALL_STD_F_T007__aug3_me_fa.npz,E1_S01_A_FALL_STD_F_T007.csv,train,FALL_STD_F,1,1,3,medium_fast,scale1.02003_warp0.80227_off0_snr25.32,0.80227,1.02003,25.32,0,100|300,165,120,-45,1.0863,False,pending,aug_onset_disagree(>10)
E1_S01_A_FALL_STD_F_T007__aug4_la_no.npz,E1_S01_A_FALL_STD_F_T007.csv,train,FALL_STD_F,1,1,4,large_normal,scale1.11064_warp0.99202_off0_snr26.95,0.99202,1.11064,26.95,0,100|300,205,100,-105,1.1007,False,pending,aug_onset_disagree(>5)
E1_S01_A_FALL_STD_F_T010__aug1_sm_fa.npz,E1_S01_A_FALL_STD_F_T010.csv,train,FALL_STD_F,1,1,1,small_fast,scale0.79501_warp0.86382_off0_snr27.67,0.86382,0.79501,27.67,0,100|300,135,140,5,1.0648,True,use,
E1_S01_A_FALL_STD_F_T010__aug0_sm_no.npz,E1_S01_A_FALL_STD_F_T010.csv,train,FALL_STD_F,1,1,0,small_normal,scale0.78658_warp0.98776_off0_snr27.81,0.98776,0.78658,27.81,0,100|300,155,145,-10,1.0666,False,pending,aug_onset_disagree(>5)
E1_S01_A_FALL_STD_F_T010__aug3_me_fa.npz,E1_S01_A_FALL_STD_F_T010.csv,train,FALL_STD_F,1,1,3,medium_fast,scale0.96423_warp0.8532_off0_snr29.29,0.8532,0.96423,29.29,0,100|300,134,127,-7,1.0618,True,use,
E1_S01_A_FALL_STD_F_T010__aug2_me_no.npz,E1_S01_A_FALL_STD_F_T010.csv,train,FALL_STD_F,1,1,2,medium_normal,scale0.97826_warp0.97881_off0_snr30.16,0.97881,0.97826,30.16,0,100|300,153,160,7,1.0922,False,pending,aug_onset_disagree(>5)
E1_S01_A_FALL_STD_F_T007__aug5_la_fa.npz,E1_S01_A_FALL_STD_F_T007.csv,train,FALL_STD_F,1,1,5,large_fast,scale1.24693_warp0.80738_off0_snr33.26,0.80738,1.24693,33.26,0,100|300,167,115,-52,1.0967,False,pending,aug_onset_disagree(>10)
E2_S02_A_FALL_SIT_B_T003__aug1_sm_fa.npz,E2_S02_A_FALL_SIT_B_T003.csv,train,FALL_SIT_B,2,2,1,small_fast,scale0.80738_warp0.75112_off0_snr31.76,0.75112,0.80738,31.76,0,100|300,82,,,1.0847,False,pending,rise_not_found
E1_S01_A_FALL_STD_F_T010__aug5_la_fa.npz,E1_S01_A_FALL_STD_F_T010.csv,train,FALL_STD_F,1,1,5,large_fast,scale1.2382_warp0.76316_off0_snr27.67,0.76316,1.2382,27.67,0,100|300,120,116,-4,1.0567,True,use,
E2_S02_A_FALL_SIT_B_T003__aug0_sm_no.npz,E2_S02_A_FALL_SIT_B_T003.csv,train,FALL_SIT_B,2,2,0,small_normal,scale0.79904_warp1.03883_off7_snr34.19,1.03883,0.79904,34.19,7,100|300,106,105,-1,1.0479,True,use,
E1_S01_A_FALL_STD_F_T010__aug4_la_no.npz,E1_S01_A_FALL_STD_F_T010.csv,train,FALL_STD_F,1,1,4,large_normal,scale1.28174_warp1.0086_off1_snr27.46,1.0086,1.28174,27.46,1,100|300,157,164,7,1.1006,False,pending,aug_onset_disagree(>5)
E2_S02_A_FALL_SIT_B_T003__aug2_me_no.npz,E2_S02_A_FALL_SIT_B_T003.csv,train,FALL_SIT_B,2,2,2,medium_normal,scale1.03314_warp1.01944_off3_snr31.68,1.01944,1.03314,31.68,3,100|300,108,108,0,1.0574,True,use,
E2_S02_A_FALL_SIT_B_T003__aug3_me_fa.npz,E2_S02_A_FALL_SIT_B_T003.csv,train,FALL_SIT_B,2,2,3,medium_fast,scale1.01717_warp0.8714_off0_snr32.81,0.8714,1.01717,32.81,0,100|300,95,107,12,1.0892,False,pending,aug_onset_disagree(>10)
E2_S02_A_FALL_SIT_B_T003__aug5_la_fa.npz,E2_S02_A_FALL_SIT_B_T003.csv,train,FALL_SIT_B,2,2,5,large_fast,scale1.21243_warp0.75548_off0_snr29.27,0.75548,1.21243,29.27,0,100|300,82,,,1.176,False,pending,rise_not_found
E2_S02_A_FALL_SIT_B_T005__aug0_sm_no.npz,E2_S02_A_FALL_SIT_B_T005.csv,train,FALL_SIT_B,2,2,0,small_normal,scale0.80206_warp0.96693_off0_snr30.69,0.96693,0.80206,30.69,0,100|300,101,102,1,1.048,True,use,
E2_S02_A_FALL_SIT_B_T003__aug4_la_no.npz,E2_S02_A_FALL_SIT_B_T003.csv,train,FALL_SIT_B,2,2,4,large_normal,scale1.1738_warp0.95337_off0_snr32.85,0.95337,1.1738,32.85,0,100|300,104,116,12,1.0857,False,pending,aug_onset_disagree(>5)
E2_S02_A_FALL_SIT_B_T005__aug1_sm_fa.npz,E2_S02_A_FALL_SIT_B_T005.csv,train,FALL_SIT_B,2,2,1,small_fast,scale0.87683_warp0.76434_off0_snr28.46,0.76434,0.87683,28.46,0,100|300,80,106,26,1.0867,False,pending,aug_onset_disagree(>10)
E2_S02_A_FALL_SIT_B_T005__aug3_me_fa.npz,E2_S02_A_FALL_SIT_B_T005.csv,train,FALL_SIT_B,2,2,3,medium_fast,scale0.95171_warp0.84809_off0_snr26.31,0.84809,0.95171,26.31,0,100|300,89,117,28,1.0744,False,pending,aug_onset_disagree(>10)
E2_S02_A_FALL_SIT_B_T005__aug2_me_no.npz,E2_S02_A_FALL_SIT_B_T005.csv,train,FALL_SIT_B,2,2,2,medium_normal,scale0.98692_warp1.01785_off3_snr34.37,1.01785,0.98692,34.37,3,100|300,104,112,8,1.0651,False,pending,aug_onset_disagree(>5)
E2_S02_A_FALL_SIT_B_T005__aug4_la_no.npz,E2_S02_A_FALL_SIT_B_T005.csv,train,FALL_SIT_B,2,2,4,large_normal,scale1.10826_warp0.96891_off0_snr25.19,0.96891,1.10826,25.19,0,100|300,102,123,21,1.0699,False,pending,aug_onset_disagree(>5)
E2_S02_A_FALL_SIT_B_T006__aug1_sm_fa.npz,E2_S02_A_FALL_SIT_B_T006.csv,train,FALL_SIT_B,2,2,1,small_fast,scale0.89177_warp0.75787_off0_snr27.57,0.75787,0.89177,27.57,0,100|300,76,101,25,1.099,False,pending,aug_onset_disagree(>10)
E2_S02_A_FALL_SIT_B_T006__aug2_me_no.npz,E2_S02_A_FALL_SIT_B_T006.csv,train,FALL_SIT_B,2,2,2,medium_normal,scale1.03309_warp1.00545_off1_snr32.0,1.00545,1.03309,32.0,1,100|300,101,118,17,1.0591,False,pending,aug_onset_disagree(>5)
E2_S02_A_FALL_SIT_B_T005__aug5_la_fa.npz,E2_S02_A_FALL_SIT_B_T005.csv,train,FALL_SIT_B,2,2,5,large_fast,scale1.17267_warp0.77541_off0_snr27.03,0.77541,1.17267,27.03,0,100|300,81,107,26,1.0526,False,pending,aug_onset_disagree(>10)
E2_S02_A_FALL_SIT_B_T006__aug0_sm_no.npz,E2_S02_A_FALL_SIT_B_T006.csv,train,FALL_SIT_B,2,2,0,small_normal,scale0.8886_warp1.02038_off4_snr32.02,1.02038,0.8886,32.02,4,100|300,99,119,20,1.0779,False,pending,aug_onset_disagree(>5)
E2_S02_A_FALL_SIT_B_T006__aug3_me_fa.npz,E2_S02_A_FALL_SIT_B_T006.csv,train,FALL_SIT_B,2,2,3,medium_fast,scale0.98069_warp0.80845_off0_snr29.62,0.80845,0.98069,29.62,0,100|300,82,100,18,1.0886,False,pending,aug_onset_disagree(>10)
E2_S02_A_FALL_SIT_B_T006__aug5_la_fa.npz,E2_S02_A_FALL_SIT_B_T006.csv,train,FALL_SIT_B,2,2,5,large_fast,scale1.2933_warp0.86783_off0_snr25.48,0.86783,1.2933,25.48,0,100|300,88,102,14,1.08,False,pending,aug_onset_disagree(>10)
E2_S02_A_FALL_SIT_B_T006__aug4_la_no.npz,E2_S02_A_FALL_SIT_B_T006.csv,train,FALL_SIT_B,2,2,4,large_normal,scale1.25861_warp0.96149_off0_snr30.33,0.96149,1.25861,30.33,0,100|300,97,114,17,1.0732,False,pending,aug_onset_disagree(>5)
E2_S02_A_FALL_SIT_B_T007__aug0_sm_no.npz,E2_S02_A_FALL_SIT_B_T007.csv,train,FALL_SIT_B,2,2,0,small_normal,scale0.77227_warp0.99244_off0_snr28.85,0.99244,0.77227,28.85,0,100|300,108,112,4,1.0584,True,use,
E2_S02_A_FALL_SIT_B_T007__aug1_sm_fa.npz,E2_S02_A_FALL_SIT_B_T007.csv,train,FALL_SIT_B,2,2,1,small_fast,scale0.83896_warp0.82099_off0_snr32.73,0.82099,0.83896,32.73,0,100|300,89,100,11,1.13,False,pending,aug_onset_disagree(>10)
E2_S02_A_FALL_SIT_B_T007__aug2_me_no.npz,E2_S02_A_FALL_SIT_B_T007.csv,train,FALL_SIT_B,2,2,2,medium_normal,scale1.01481_warp1.03311_off6_snr30.76,1.03311,1.01481,30.76,6,100|300,107,109,2,1.0673,True,use,
E2_S02_A_FALL_SIT_B_T007__aug5_la_fa.npz,E2_S02_A_FALL_SIT_B_T007.csv,train,FALL_SIT_B,2,2,5,large_fast,scale1.1114_warp0.79693_off0_snr31.48,0.79693,1.1114,31.48,0,100|300,87,100,13,1.1945,False,pending,aug_onset_disagree(>10)
E2_S02_A_FALL_SIT_B_T007__aug3_me_fa.npz,E2_S02_A_FALL_SIT_B_T007.csv,train,FALL_SIT_B,2,2,3,medium_fast,scale1.01075_warp0.77332_off0_snr30.99,0.77332,1.01075,30.99,0,100|300,84,100,16,1.2477,False,pending,aug_onset_disagree(>10)
E2_S02_A_FALL_SIT_B_T007__aug4_la_no.npz,E2_S02_A_FALL_SIT_B_T007.csv,train,FALL_SIT_B,2,2,4,large_normal,scale1.18016_warp0.9654_off0_snr31.99,0.9654,1.18016,31.99,0,100|300,105,107,2,1.1009,True,use,
E2_S02_A_FALL_SIT_B_T009__aug0_sm_no.npz,E2_S02_A_FALL_SIT_B_T009.csv,train,FALL_SIT_B,2,2,0,small_normal,scale0.85354_warp0.96135_off0_snr30.03,0.96135,0.85354,30.03,0,100|300,101,111,10,1.0705,False,pending,aug_onset_disagree(>5)
E2_S02_A_FALL_SIT_B_T009__aug4_la_no.npz,E2_S02_A_FALL_SIT_B_T009.csv,train,FALL_SIT_B,2,2,4,large_normal,scale1.21845_warp1.01142_off2_snr25.9,1.01142,1.21845,25.9,2,100|300,104,,,1.0749,False,pending,rise_not_found
E2_S02_A_FALL_SIT_B_T009__aug1_sm_fa.npz,E2_S02_A_FALL_SIT_B_T009.csv,train,FALL_SIT_B,2,2,1,small_fast,scale0.82594_warp0.77603_off0_snr34.43,0.77603,0.82594,34.43,0,100|300,81,101,20,1.107,False,pending,aug_onset_disagree(>10)
E2_S02_A_FALL_SIT_B_T009__aug2_me_no.npz,E2_S02_A_FALL_SIT_B_T009.csv,train,FALL_SIT_B,2,2,2,medium_normal,scale1.04986_warp0.96029_off0_snr31.24,0.96029,1.04986,31.24,0,100|300,101,151,50,1.0671,False,pending,aug_onset_disagree(>5)
E2_S02_A_FALL_SIT_B_T009__aug3_me_fa.npz,E2_S02_A_FALL_SIT_B_T009.csv,train,FALL_SIT_B,2,2,3,medium_fast,scale0.98458_warp0.86679_off0_snr26.76,0.86679,0.98458,26.76,0,100|300,91,100,9,1.069,True,use,
E2_S02_A_FALL_SIT_F_T005__aug0_sm_no.npz,E2_S02_A_FALL_SIT_F_T005.csv,train,FALL_SIT_F,2,2,0,small_normal,scale0.79185_warp0.98086_off0_snr34.23,0.98086,0.79185,34.23,0,100|300,105,,,1.0898,False,pending,rise_not_found
E2_S02_A_FALL_SIT_B_T009__aug5_la_fa.npz,E2_S02_A_FALL_SIT_B_T009.csv,train,FALL_SIT_B,2,2,5,large_fast,scale1.24185_warp0.81037_off0_snr28.93,0.81037,1.24185,28.93,0,100|300,85,,,1.0779,False,pending,rise_not_found
E2_S02_A_FALL_SIT_F_T005__aug1_sm_fa.npz,E2_S02_A_FALL_SIT_F_T005.csv,train,FALL_SIT_F,2,2,1,small_fast,scale0.86301_warp0.83204_off0_snr34.21,0.83204,0.86301,34.21,0,100|300,89,115,26,1.0885,False,pending,aug_onset_disagree(>10)
E2_S02_A_FALL_SIT_F_T005__aug2_me_no.npz,E2_S02_A_FALL_SIT_F_T005.csv,train,FALL_SIT_F,2,2,2,medium_normal,scale1.04554_warp0.9777_off0_snr26.25,0.9777,1.04554,26.25,0,100|300,105,,,1.0534,False,pending,rise_not_found
E2_S02_A_FALL_SIT_F_T005__aug3_me_fa.npz,E2_S02_A_FALL_SIT_F_T005.csv,train,FALL_SIT_F,2,2,3,medium_fast,scale1.00087_warp0.8872_off0_snr33.67,0.8872,1.00087,33.67,0,100|300,95,,,1.0925,False,pending,rise_not_found
E2_S02_A_FALL_SIT_F_T005__aug4_la_no.npz,E2_S02_A_FALL_SIT_F_T005.csv,train,FALL_SIT_F,2,2,4,large_normal,scale1.29088_warp1.0218_off4_snr31.25,1.0218,1.29088,31.25,4,100|300,105,,,1.0868,False,pending,rise_not_found
E2_S02_A_FALL_SIT_F_T005__aug5_la_fa.npz,E2_S02_A_FALL_SIT_F_T005.csv,train,FALL_SIT_F,2,2,5,large_fast,scale1.18678_warp0.81293_off0_snr29.3,0.81293,1.18678,29.3,0,100|300,87,,,1.0497,False,pending,rise_not_found
E2_S02_A_FALL_STD_B_T005__aug0_sm_no.npz,E2_S02_A_FALL_STD_B_T005.csv,train,FALL_STD_B,2,2,0,small_normal,scale0.88806_warp1.02045_off4_snr33.61,1.02045,0.88806,33.61,4,100|300,164,130,-34,1.0795,False,pending,aug_onset_disagree(>5)
E2_S02_A_FALL_STD_B_T005__aug2_me_no.npz,E2_S02_A_FALL_STD_B_T005.csv,train,FALL_STD_B,2,2,2,medium_normal,scale0.9583_warp0.97581_off0_snr29.64,0.97581,0.9583,29.64,0,100|300,161,155,-6,1.0682,False,pending,aug_onset_disagree(>5)
E2_S02_A_FALL_STD_B_T005__aug1_sm_fa.npz,E2_S02_A_FALL_STD_B_T005.csv,train,FALL_STD_B,2,2,1,small_fast,scale0.87636_warp0.79649_off0_snr34.42,0.79649,0.87636,34.42,0,100|300,131,110,-21,1.0687,False,pending,aug_onset_disagree(>10)
E2_S02_A_FALL_STD_B_T005__aug3_me_fa.npz,E2_S02_A_FALL_STD_B_T005.csv,train,FALL_STD_B,2,2,3,medium_fast,scale1.01928_warp0.85108_off0_snr29.72,0.85108,1.01928,29.72,0,100|300,140,136,-4,1.0637,True,use,
E2_S02_A_FALL_STD_B_T005__aug4_la_no.npz,E2_S02_A_FALL_STD_B_T005.csv,train,FALL_STD_B,2,2,4,large_normal,scale1.22952_warp1.03619_off7_snr26.41,1.03619,1.22952,26.41,7,100|300,164,163,-1,1.0765,True,use,
E2_S02_A_FALL_STD_B_T005__aug5_la_fa.npz,E2_S02_A_FALL_STD_B_T005.csv,train,FALL_STD_B,2,2,5,large_fast,scale1.27891_warp0.78922_off0_snr34.99,0.78922,1.27891,34.99,0,100|300,130,102,-28,1.0646,False,pending,aug_onset_disagree(>10)
E2_S02_A_FALL_STD_B_T006__aug3_me_fa.npz,E2_S02_A_FALL_STD_B_T006.csv,train,FALL_STD_B,2,2,3,medium_fast,scale1.0093_warp0.89737_off0_snr31.96,0.89737,1.0093,31.96,0,100|300,94,,,1.0871,False,pending,rise_not_found
E2_S02_A_FALL_STD_B_T006__aug2_me_no.npz,E2_S02_A_FALL_STD_B_T006.csv,train,FALL_STD_B,2,2,2,medium_normal,scale1.04924_warp1.0362_off7_snr29.74,1.0362,1.04924,29.74,7,100|300,102,,,1.0756,False,pending,rise_not_found
E2_S02_A_FALL_STD_B_T006__aug0_sm_no.npz,E2_S02_A_FALL_STD_B_T006.csv,train,FALL_STD_B,2,2,0,small_normal,scale0.77139_warp1.02733_off5_snr25.42,1.02733,0.77139,25.42,5,100|300,103,,,1.0548,False,pending,rise_not_found
E2_S02_A_FALL_STD_B_T006__aug1_sm_fa.npz,E2_S02_A_FALL_STD_B_T006.csv,train,FALL_STD_B,2,2,1,small_fast,scale0.81755_warp0.88814_off0_snr31.44,0.88814,0.81755,31.44,0,100|300,93,129,36,1.0875,False,pending,aug_onset_disagree(>10)
E2_S02_A_FALL_STD_B_T006__aug4_la_no.npz,E2_S02_A_FALL_STD_B_T006.csv,train,FALL_STD_B,2,2,4,large_normal,scale1.15933_warp1.02725_off5_snr27.65,1.02725,1.15933,27.65,5,100|300,103,,,1.0452,False,pending,rise_not_found
E2_S02_A_FALL_STD_B_T006__aug5_la_fa.npz,E2_S02_A_FALL_STD_B_T006.csv,train,FALL_STD_B,2,2,5,large_fast,scale1.11091_warp0.78952_off0_snr27.58,0.78952,1.11091,27.58,0,100|300,83,,,1.052,False,pending,rise_not_found
E2_S02_A_FALL_STD_B_T007__aug1_sm_fa.npz,E2_S02_A_FALL_STD_B_T007.csv,train,FALL_STD_B,2,2,1,small_fast,scale0.87967_warp0.83869_off0_snr28.13,0.83869,0.87967,28.13,0,100|300,128,112,-16,1.081,False,pending,aug_onset_disagree(>10)
E2_S02_A_FALL_STD_B_T007__aug0_sm_no.npz,E2_S02_A_FALL_STD_B_T007.csv,train,FALL_STD_B,2,2,0,small_normal,scale0.88258_warp0.98802_off0_snr25.7,0.98802,0.88258,25.7,0,100|300,151,153,2,1.0639,True,use,
E2_S02_A_FALL_STD_B_T007__aug2_me_no.npz,E2_S02_A_FALL_STD_B_T007.csv,train,FALL_STD_B,2,2,2,medium_normal,scale1.04286_warp0.95084_off0_snr29.91,0.95084,1.04286,29.91,0,100|300,145,149,4,1.0892,True,use,
E2_S02_A_FALL_STD_B_T007__aug3_me_fa.npz,E2_S02_A_FALL_STD_B_T007.csv,train,FALL_STD_B,2,2,3,medium_fast,scale0.97593_warp0.87885_off0_snr28.82,0.87885,0.97593,28.82,0,100|300,134,136,2,1.0578,True,use,
E2_S02_A_FALL_STD_B_T007__aug5_la_fa.npz,E2_S02_A_FALL_STD_B_T007.csv,train,FALL_STD_B,2,2,5,large_fast,scale1.227_warp0.77789_off0_snr29.93,0.77789,1.227,29.93,0,100|300,119,119,0,1.0437,True,use,
E2_S02_A_FALL_STD_B_T007__aug4_la_no.npz,E2_S02_A_FALL_STD_B_T007.csv,train,FALL_STD_B,2,2,4,large_normal,scale1.1925_warp0.99212_off0_snr27.65,0.99212,1.1925,27.65,0,100|300,151,117,-34,1.0646,False,pending,aug_onset_disagree(>5)
E2_S02_A_FALL_STD_B_T008__aug0_sm_no.npz,E2_S02_A_FALL_STD_B_T008.csv,train,FALL_STD_B,2,2,0,small_normal,scale0.86243_warp1.03818_off7_snr28.05,1.03818,0.86243,28.05,7,100|300,133,129,-4,1.0643,True,use,
E2_S02_A_FALL_STD_B_T008__aug1_sm_fa.npz,E2_S02_A_FALL_STD_B_T008.csv,train,FALL_STD_B,2,2,1,small_fast,scale0.81311_warp0.84643_off0_snr25.16,0.84643,0.81311,25.16,0,100|300,114,116,2,1.0398,True,use,
E2_S02_A_FALL_STD_B_T008__aug2_me_no.npz,E2_S02_A_FALL_STD_B_T008.csv,train,FALL_STD_B,2,2,2,medium_normal,scale1.04951_warp1.04922_off9_snr33.91,1.04922,1.04951,33.91,9,100|300,132,120,-12,1.0662,False,pending,aug_onset_disagree(>5)
E2_S02_A_FALL_STD_B_T008__aug3_me_fa.npz,E2_S02_A_FALL_STD_B_T008.csv,train,FALL_STD_B,2,2,3,medium_fast,scale1.0161_warp0.83855_off0_snr29.05,0.83855,1.0161,29.05,0,100|300,113,111,-2,1.0597,True,use,
E2_S02_A_FALL_STD_B_T008__aug4_la_no.npz,E2_S02_A_FALL_STD_B_T008.csv,train,FALL_STD_B,2,2,4,large_normal,scale1.29264_warp1.04906_off9_snr25.57,1.04906,1.29264,25.57,9,100|300,132,137,5,1.0597,True,use,
E2_S02_A_FALL_STD_F_T002__aug0_sm_no.npz,E2_S02_A_FALL_STD_F_T002.csv,train,FALL_STD_F,2,2,0,small_normal,scale0.89997_warp0.9852_off0_snr27.99,0.9852,0.89997,27.99,0,100|300,127,127,0,1.0731,True,use,
E2_S02_A_FALL_STD_B_T008__aug5_la_fa.npz,E2_S02_A_FALL_STD_B_T008.csv,train,FALL_STD_B,2,2,5,large_fast,scale1.24942_warp0.82291_off0_snr28.1,0.82291,1.24942,28.1,0,100|300,111,111,0,1.0734,True,use,
E2_S02_A_FALL_STD_F_T002__aug2_me_no.npz,E2_S02_A_FALL_STD_F_T002.csv,train,FALL_STD_F,2,2,2,medium_normal,scale1.02305_warp1.01312_off2_snr34.77,1.01312,1.02305,34.77,2,100|300,129,129,0,1.0799,True,use,
E2_S02_A_FALL_STD_F_T002__aug3_me_fa.npz,E2_S02_A_FALL_STD_F_T002.csv,train,FALL_STD_F,2,2,3,medium_fast,scale0.95557_warp0.76006_off0_snr25.77,0.76006,0.95557,25.77,0,100|300,98,100,2,1.0926,True,use,
E2_S02_A_FALL_STD_F_T002__aug1_sm_fa.npz,E2_S02_A_FALL_STD_F_T002.csv,train,FALL_STD_F,2,2,1,small_fast,scale0.87788_warp0.8017_off0_snr28.79,0.8017,0.87788,28.79,0,100|300,103,103,0,1.0441,True,use,
E2_S02_A_FALL_STD_F_T002__aug5_la_fa.npz,E2_S02_A_FALL_STD_F_T002.csv,train,FALL_STD_F,2,2,5,large_fast,scale1.16337_warp0.83149_off0_snr28.08,0.83149,1.16337,28.08,0,100|300,107,108,1,1.0643,True,use,
E2_S02_A_FALL_STD_F_T002__aug4_la_no.npz,E2_S02_A_FALL_STD_F_T002.csv,train,FALL_STD_F,2,2,4,large_normal,scale1.15285_warp1.01546_off3_snr30.18,1.01546,1.15285,30.18,3,100|300,128,128,0,1.0939,True,use,
E2_S02_A_FALL_STD_F_T003__aug0_sm_no.npz,E2_S02_A_FALL_STD_F_T003.csv,train,FALL_STD_F,2,2,0,small_normal,scale0.79007_warp1.00239_off0_snr34.63,1.00239,0.79007,34.63,0,100|300,120,121,1,1.0426,True,use,
E2_S02_A_FALL_STD_F_T003__aug1_sm_fa.npz,E2_S02_A_FALL_STD_F_T003.csv,train,FALL_STD_F,2,2,1,small_fast,scale0.78055_warp0.83958_off0_snr27.71,0.83958,0.78055,27.71,0,100|300,100,101,1,1.0566,True,use,
E2_S02_A_FALL_STD_F_T003__aug2_me_no.npz,E2_S02_A_FALL_STD_F_T003.csv,train,FALL_STD_F,2,2,2,medium_normal,scale0.9844_warp1.03864_off7_snr33.52,1.03864,0.9844,33.52,7,100|300,118,156,38,1.0644,False,pending,aug_onset_disagree(>5)
E2_S02_A_FALL_STD_F_T003__aug3_me_fa.npz,E2_S02_A_FALL_STD_F_T003.csv,train,FALL_STD_F,2,2,3,medium_fast,scale0.97832_warp0.79087_off0_snr25.78,0.79087,0.97832,25.78,0,100|300,95,118,23,1.08,False,pending,aug_onset_disagree(>10)
E2_S02_A_FALL_STD_F_T004__aug0_sm_no.npz,E2_S02_A_FALL_STD_F_T004.csv,train,FALL_STD_F,2,2,0,small_normal,scale0.75178_warp0.95584_off0_snr33.76,0.95584,0.75178,33.76,0,100|300,136,136,0,1.0723,True,use,
E2_S02_A_FALL_STD_F_T003__aug4_la_no.npz,E2_S02_A_FALL_STD_F_T003.csv,train,FALL_STD_F,2,2,4,large_normal,scale1.22757_warp0.96414_off0_snr30.14,0.96414,1.22757,30.14,0,100|300,115,114,-1,1.0657,True,use,
E2_S02_A_FALL_STD_F_T003__aug5_la_fa.npz,E2_S02_A_FALL_STD_F_T003.csv,train,FALL_STD_F,2,2,5,large_fast,scale1.22447_warp0.88069_off0_snr25.4,0.88069,1.22447,25.4,0,100|300,106,137,31,1.0488,False,pending,aug_onset_disagree(>10)
E2_S02_A_FALL_STD_F_T004__aug1_sm_fa.npz,E2_S02_A_FALL_STD_F_T004.csv,train,FALL_STD_F,2,2,1,small_fast,scale0.89752_warp0.85738_off0_snr31.16,0.85738,0.89752,31.16,0,100|300,121,121,0,1.0493,True,use,
E2_S02_A_FALL_STD_F_T004__aug2_me_no.npz,E2_S02_A_FALL_STD_F_T004.csv,train,FALL_STD_F,2,2,2,medium_normal,scale1.0143_warp1.01471_off2_snr29.41,1.01471,1.0143,29.41,2,100|300,142,169,27,1.0661,False,pending,aug_onset_disagree(>5)
E2_S02_A_FALL_STD_F_T004__aug4_la_no.npz,E2_S02_A_FALL_STD_F_T004.csv,train,FALL_STD_F,2,2,4,large_normal,scale1.15506_warp0.96994_off0_snr33.51,0.96994,1.15506,33.51,0,100|300,137,163,26,1.0943,False,pending,aug_onset_disagree(>5)
E2_S02_A_FALL_STD_F_T005__aug0_sm_no.npz,E2_S02_A_FALL_STD_F_T005.csv,train,FALL_STD_F,2,2,0,small_normal,scale0.83962_warp0.97257_off0_snr30.58,0.97257,0.83962,30.58,0,100|300,158,103,-55,1.0691,False,pending,aug_onset_disagree(>5)
E2_S02_A_FALL_STD_F_T004__aug3_me_fa.npz,E2_S02_A_FALL_STD_F_T004.csv,train,FALL_STD_F,2,2,3,medium_fast,scale0.98953_warp0.81098_off0_snr25.79,0.81098,0.98953,25.79,0,100|300,115,115,0,1.0879,True,use,
E2_S02_A_FALL_STD_F_T004__aug5_la_fa.npz,E2_S02_A_FALL_STD_F_T004.csv,train,FALL_STD_F,2,2,5,large_fast,scale1.10075_warp0.89273_off0_snr28.41,0.89273,1.10075,28.41,0,100|300,127,150,23,1.094,False,pending,aug_onset_disagree(>10)
E2_S02_A_FALL_STD_F_T005__aug1_sm_fa.npz,E2_S02_A_FALL_STD_F_T005.csv,train,FALL_STD_F,2,2,1,small_fast,scale0.77617_warp0.80059_off0_snr33.99,0.80059,0.77617,33.99,0,100|300,130,129,-1,1.1603,True,use,
E2_S02_A_FALL_STD_F_T005__aug2_me_no.npz,E2_S02_A_FALL_STD_F_T005.csv,train,FALL_STD_F,2,2,2,medium_normal,scale1.02974_warp0.96232_off0_snr28.69,0.96232,1.02974,28.69,0,100|300,156,115,-41,1.0759,False,pending,aug_onset_disagree(>5)
E2_S02_A_FALL_STD_F_T005__aug3_me_fa.npz,E2_S02_A_FALL_STD_F_T005.csv,train,FALL_STD_F,2,2,3,medium_fast,scale1.03316_warp0.78529_off0_snr26.91,0.78529,1.03316,26.91,0,100|300,127,132,5,1.1369,True,use,
E2_S02_A_FALL_STD_F_T005__aug5_la_fa.npz,E2_S02_A_FALL_STD_F_T005.csv,train,FALL_STD_F,2,2,5,large_fast,scale1.25043_warp0.82874_off0_snr32.59,0.82874,1.25043,32.59,0,100|300,134,100,-34,1.11,False,pending,aug_onset_disagree(>10)
E2_S02_A_FALL_STD_F_T005__aug4_la_no.npz,E2_S02_A_FALL_STD_F_T005.csv,train,FALL_STD_F,2,2,4,large_normal,scale1.1844_warp0.99271_off0_snr33.81,0.99271,1.1844,33.81,0,100|300,161,110,-51,1.1384,False,pending,aug_onset_disagree(>5)
E2_S02_A_FALL_STD_F_T006__aug0_sm_no.npz,E2_S02_A_FALL_STD_F_T006.csv,train,FALL_STD_F,2,2,0,small_normal,scale0.79626_warp0.97058_off0_snr31.17,0.97058,0.79626,31.17,0,100|300,112,113,1,1.065,True,use,
E2_S02_A_FALL_STD_F_T006__aug1_sm_fa.npz,E2_S02_A_FALL_STD_F_T006.csv,train,FALL_STD_F,2,2,1,small_fast,scale0.85763_warp0.89845_off0_snr33.88,0.89845,0.85763,33.88,0,100|300,103,105,2,1.0453,True,use,
E2_S02_A_FALL_STD_F_T006__aug2_me_no.npz,E2_S02_A_FALL_STD_F_T006.csv,train,FALL_STD_F,2,2,2,medium_normal,scale0.96074_warp1.02212_off4_snr25.02,1.02212,0.96074,25.02,4,100|300,113,115,2,1.0579,True,use,
E2_S02_A_FALL_STD_F_T006__aug3_me_fa.npz,E2_S02_A_FALL_STD_F_T006.csv,train,FALL_STD_F,2,2,3,medium_fast,scale1.02903_warp0.7828_off0_snr25.6,0.7828,1.02903,25.6,0,100|300,90,100,10,1.1385,True,use,
E2_S02_A_FALL_STD_F_T006__aug5_la_fa.npz,E2_S02_A_FALL_STD_F_T006.csv,train,FALL_STD_F,2,2,5,large_fast,scale1.16288_warp0.85176_off0_snr25.38,0.85176,1.16288,25.38,0,100|300,98,100,2,1.0461,True,use,
E2_S02_A_FALL_STD_F_T006__aug4_la_no.npz,E2_S02_A_FALL_STD_F_T006.csv,train,FALL_STD_F,2,2,4,large_normal,scale1.19195_warp1.01545_off3_snr29.29,1.01545,1.19195,29.29,3,100|300,114,116,2,1.0722,True,use,
E2_S02_A_FALL_STD_F_T008__aug0_sm_no.npz,E2_S02_A_FALL_STD_F_T008.csv,train,FALL_STD_F,2,2,0,small_normal,scale0.83637_warp1.00519_off1_snr32.89,1.00519,0.83637,32.89,1,100|300,137,150,13,1.0828,False,pending,aug_onset_disagree(>5)
E2_S02_A_FALL_STD_F_T008__aug1_sm_fa.npz,E2_S02_A_FALL_STD_F_T008.csv,train,FALL_STD_F,2,2,1,small_fast,scale0.89574_warp0.78301_off0_snr29.61,0.78301,0.89574,29.61,0,100|300,107,113,6,1.0747,True,use,
E2_S02_A_FALL_STD_F_T008__aug2_me_no.npz,E2_S02_A_FALL_STD_F_T008.csv,train,FALL_STD_F,2,2,2,medium_normal,scale1.00669_warp1.0388_off7_snr32.84,1.0388,1.00669,32.84,7,100|300,135,143,8,1.0868,False,pending,aug_onset_disagree(>5)
E2_S02_A_FALL_STD_F_T008__aug3_me_fa.npz,E2_S02_A_FALL_STD_F_T008.csv,train,FALL_STD_F,2,2,3,medium_fast,scale1.00047_warp0.88356_off0_snr31.48,0.88356,1.00047,31.48,0,100|300,121,127,6,1.1092,True,use,
E2_S02_A_FALL_STD_F_T008__aug4_la_no.npz,E2_S02_A_FALL_STD_F_T008.csv,train,FALL_STD_F,2,2,4,large_normal,scale1.19111_warp0.95636_off0_snr29.73,0.95636,1.19111,29.73,0,100|300,131,140,9,1.1397,False,pending,aug_onset_disagree(>5)
E2_S02_A_FALL_STD_F_T010__aug0_sm_no.npz,E2_S02_A_FALL_STD_F_T010.csv,train,FALL_STD_F,2,2,0,small_normal,scale0.82583_warp1.02057_off4_snr30.9,1.02057,0.82583,30.9,4,100|300,154,143,-11,1.111,False,pending,aug_onset_disagree(>5)
E2_S02_A_FALL_STD_F_T008__aug5_la_fa.npz,E2_S02_A_FALL_STD_F_T008.csv,train,FALL_STD_F,2,2,5,large_fast,scale1.1179_warp0.89222_off0_snr32.34,0.89222,1.1179,32.34,0,100|300,122,128,6,1.0755,True,use,
E2_S02_A_FALL_STD_F_T010__aug1_sm_fa.npz,E2_S02_A_FALL_STD_F_T010.csv,train,FALL_STD_F,2,2,1,small_fast,scale0.83133_warp0.85292_off0_snr34.06,0.85292,0.83133,34.06,0,100|300,132,133,1,1.1135,True,use,
E2_S02_A_FALL_STD_F_T010__aug3_me_fa.npz,E2_S02_A_FALL_STD_F_T010.csv,train,FALL_STD_F,2,2,3,medium_fast,scale0.99292_warp0.89099_off0_snr27.93,0.89099,0.99292,27.93,0,100|300,138,137,-1,1.1555,True,use,
E2_S02_A_FALL_STD_F_T010__aug2_me_no.npz,E2_S02_A_FALL_STD_F_T010.csv,train,FALL_STD_F,2,2,2,medium_normal,scale1.01663_warp1.03464_off6_snr30.32,1.03464,1.01663,30.32,6,100|300,154,145,-9,1.1092,False,pending,aug_onset_disagree(>5)
E2_S02_A_FALL_STD_F_T010__aug4_la_no.npz,E2_S02_A_FALL_STD_F_T010.csv,train,FALL_STD_F,2,2,4,large_normal,scale1.12385_warp1.04007_off8_snr27.86,1.04007,1.12385,27.86,8,100|300,153,153,0,1.089,True,use,
E3_S03_A_FALL_SIT_B_T005__aug0_sm_no.npz,E3_S03_A_FALL_SIT_B_T005.csv,train,FALL_SIT_B,3,3,0,small_normal,scale0.80718_warp1.04381_off8_snr33.23,1.04381,0.80718,33.23,8,100|300,150,186,36,1.0717,False,pending,aug_onset_disagree(>5)
E2_S02_A_FALL_STD_F_T010__aug5_la_fa.npz,E2_S02_A_FALL_STD_F_T010.csv,train,FALL_STD_F,2,2,5,large_fast,scale1.10839_warp0.79396_off0_snr29.95,0.79396,1.10839,29.95,0,100|300,123,124,1,1.2095,True,use,
E3_S03_A_FALL_SIT_B_T005__aug2_me_no.npz,E3_S03_A_FALL_SIT_B_T005.csv,train,FALL_SIT_B,3,3,2,medium_normal,scale1.02594_warp0.95229_off0_snr28.59,0.95229,1.02594,28.59,0,100|300,144,,,1.0697,False,pending,rise_not_found
E3_S03_A_FALL_SIT_B_T005__aug1_sm_fa.npz,E3_S03_A_FALL_SIT_B_T005.csv,train,FALL_SIT_B,3,3,1,small_fast,scale0.88797_warp0.83792_off0_snr32.27,0.83792,0.88797,32.27,0,100|300,127,,,1.0751,False,pending,rise_not_found
E3_S03_A_FALL_SIT_B_T005__aug3_me_fa.npz,E3_S03_A_FALL_SIT_B_T005.csv,train,FALL_SIT_B,3,3,3,medium_fast,scale0.98648_warp0.89115_off0_snr30.39,0.89115,0.98648,30.39,0,100|300,135,296,161,1.0701,False,pending,aug_onset_disagree(>10)
E3_S03_A_FALL_SIT_B_T005__aug4_la_no.npz,E3_S03_A_FALL_SIT_B_T005.csv,train,FALL_SIT_B,3,3,4,large_normal,scale1.20776_warp0.99779_off0_snr29.08,0.99779,1.20776,29.08,0,100|300,152,,,1.0844,False,pending,rise_not_found
E3_S03_A_FALL_SIT_B_T005__aug5_la_fa.npz,E3_S03_A_FALL_SIT_B_T005.csv,train,FALL_SIT_B,3,3,5,large_fast,scale1.21666_warp0.86149_off0_snr27.66,0.86149,1.21666,27.66,0,100|300,131,,,1.0638,False,pending,rise_not_found
E3_S03_A_FALL_SIT_B_T007__aug0_sm_no.npz,E3_S03_A_FALL_SIT_B_T007.csv,train,FALL_SIT_B,3,3,0,small_normal,scale0.87953_warp1.01297_off2_snr32.41,1.01297,0.87953,32.41,2,100|300,138,167,29,1.0721,False,pending,aug_onset_disagree(>5)
E3_S03_A_FALL_SIT_B_T007__aug1_sm_fa.npz,E3_S03_A_FALL_SIT_B_T007.csv,train,FALL_SIT_B,3,3,1,small_fast,scale0.80177_warp0.8285_off0_snr33.96,0.8285,0.80177,33.96,0,100|300,114,141,27,1.0479,False,pending,aug_onset_disagree(>10)
E3_S03_A_FALL_SIT_B_T007__aug2_me_no.npz,E3_S03_A_FALL_SIT_B_T007.csv,train,FALL_SIT_B,3,3,2,medium_normal,scale0.97003_warp0.98876_off0_snr33.4,0.98876,0.97003,33.4,0,100|300,136,136,0,1.0906,True,use,
E3_S03_A_FALL_SIT_B_T007__aug3_me_fa.npz,E3_S03_A_FALL_SIT_B_T007.csv,train,FALL_SIT_B,3,3,3,medium_fast,scale1.03099_warp0.81002_off0_snr31.63,0.81002,1.03099,31.63,0,100|300,112,117,5,1.0718,True,use,
E3_S03_A_FALL_SIT_B_T007__aug4_la_no.npz,E3_S03_A_FALL_SIT_B_T007.csv,train,FALL_SIT_B,3,3,4,large_normal,scale1.19538_warp0.99748_off0_snr33.53,0.99748,1.19538,33.53,0,100|300,137,161,24,1.1238,False,pending,aug_onset_disagree(>5)
E3_S03_A_FALL_SIT_B_T007__aug5_la_fa.npz,E3_S03_A_FALL_SIT_B_T007.csv,train,FALL_SIT_B,3,3,5,large_fast,scale1.10053_warp0.79859_off0_snr26.61,0.79859,1.10053,26.61,0,100|300,110,112,2,1.0739,True,use,
E3_S03_A_FALL_SIT_B_T008__aug1_sm_fa.npz,E3_S03_A_FALL_SIT_B_T008.csv,train,FALL_SIT_B,3,3,1,small_fast,scale0.88597_warp0.77984_off0_snr25.01,0.77984,0.88597,25.01,0,100|300,114,154,40,1.056,False,pending,aug_onset_disagree(>10)
E3_S03_A_FALL_SIT_B_T008__aug0_sm_no.npz,E3_S03_A_FALL_SIT_B_T008.csv,train,FALL_SIT_B,3,3,0,small_normal,scale0.86267_warp0.99429_off0_snr26.42,0.99429,0.86267,26.42,0,100|300,146,117,-29,1.0624,False,pending,aug_onset_disagree(>5)
E3_S03_A_FALL_SIT_B_T008__aug2_me_no.npz,E3_S03_A_FALL_SIT_B_T008.csv,train,FALL_SIT_B,3,3,2,medium_normal,scale0.98233_warp1.00371_off0_snr28.96,1.00371,0.98233,28.96,0,100|300,147,,,1.0578,False,pending,rise_not_found
E3_S03_A_FALL_SIT_B_T008__aug3_me_fa.npz,E3_S03_A_FALL_SIT_B_T008.csv,train,FALL_SIT_B,3,3,3,medium_fast,scale1.00634_warp0.79319_off0_snr29.21,0.79319,1.00634,29.21,0,100|300,116,,,1.0617,False,pending,rise_not_found
E3_S03_A_FALL_SIT_B_T008__aug5_la_fa.npz,E3_S03_A_FALL_SIT_B_T008.csv,train,FALL_SIT_B,3,3,5,large_fast,scale1.19898_warp0.79093_off0_snr27.44,0.79093,1.19898,27.44,0,100|300,116,,,1.0572,False,pending,rise_not_found
E3_S03_A_FALL_SIT_B_T010__aug0_sm_no.npz,E3_S03_A_FALL_SIT_B_T010.csv,train,FALL_SIT_B,3,3,0,small_normal,scale0.88144_warp0.99466_off0_snr27.55,0.99466,0.88144,27.55,0,100|300,130,105,-25,1.0872,False,pending,aug_onset_disagree(>5)
E3_S03_A_FALL_SIT_B_T008__aug4_la_no.npz,E3_S03_A_FALL_SIT_B_T008.csv,train,FALL_SIT_B,3,3,4,large_normal,scale1.27753_warp0.96956_off0_snr32.85,0.96956,1.27753,32.85,0,100|300,142,145,3,1.0813,True,use,
E3_S03_A_FALL_SIT_B_T010__aug1_sm_fa.npz,E3_S03_A_FALL_SIT_B_T010.csv,train,FALL_SIT_B,3,3,1,small_fast,scale0.77997_warp0.80282_off0_snr30.4,0.80282,0.77997,30.4,0,100|300,105,,,1.0831,False,pending,rise_not_found
E3_S03_A_FALL_SIT_B_T010__aug2_me_no.npz,E3_S03_A_FALL_SIT_B_T010.csv,train,FALL_SIT_B,3,3,2,medium_normal,scale0.95252_warp1.01561_off3_snr26.77,1.01561,0.95252,26.77,3,100|300,130,129,-1,1.0531,True,use,
E3_S03_A_FALL_SIT_B_T010__aug3_me_fa.npz,E3_S03_A_FALL_SIT_B_T010.csv,train,FALL_SIT_B,3,3,3,medium_fast,scale0.97112_warp0.86549_off0_snr34.11,0.86549,0.97112,34.11,0,100|300,113,,,1.0597,False,pending,rise_not_found
E3_S03_A_FALL_SIT_B_T010__aug4_la_no.npz,E3_S03_A_FALL_SIT_B_T010.csv,train,FALL_SIT_B,3,3,4,large_normal,scale1.19285_warp0.96996_off0_snr31.26,0.96996,1.19285,31.26,0,100|300,127,,,1.0857,False,pending,rise_not_found
E3_S03_A_FALL_SIT_B_T010__aug5_la_fa.npz,E3_S03_A_FALL_SIT_B_T010.csv,train,FALL_SIT_B,3,3,5,large_fast,scale1.10441_warp0.82728_off0_snr29.18,0.82728,1.10441,29.18,0,100|300,108,,,1.0619,False,pending,rise_not_found
E3_S03_A_FALL_SIT_F_T002__aug0_sm_no.npz,E3_S03_A_FALL_SIT_F_T002.csv,train,FALL_SIT_F,3,3,0,small_normal,scale0.79622_warp1.01853_off3_snr34.98,1.01853,0.79622,34.98,3,100|300,204,107,-97,1.1317,False,pending,aug_onset_disagree(>5)
E3_S03_A_FALL_SIT_F_T002__aug1_sm_fa.npz,E3_S03_A_FALL_SIT_F_T002.csv,train,FALL_SIT_F,3,3,1,small_fast,scale0.75792_warp0.88982_off0_snr29.38,0.88982,0.75792,29.38,0,100|300,180,188,8,1.0642,True,use,
E3_S03_A_FALL_SIT_F_T002__aug3_me_fa.npz,E3_S03_A_FALL_SIT_F_T002.csv,train,FALL_SIT_F,3,3,3,medium_fast,scale0.96341_warp0.84981_off0_snr33.12,0.84981,0.96341,33.12,0,100|300,172,172,0,1.0932,True,use,
E3_S03_A_FALL_SIT_F_T002__aug2_me_no.npz,E3_S03_A_FALL_SIT_F_T002.csv,train,FALL_SIT_F,3,3,2,medium_normal,scale0.97711_warp1.04996_off9_snr28.41,1.04996,0.97711,28.41,9,100|300,204,121,-83,1.0876,False,pending,aug_onset_disagree(>5)
E3_S03_A_FALL_SIT_F_T002__aug4_la_no.npz,E3_S03_A_FALL_SIT_F_T002.csv,train,FALL_SIT_F,3,3,4,large_normal,scale1.17052_warp0.96057_off0_snr30.76,0.96057,1.17052,30.76,0,100|300,195,,,1.0846,False,pending,rise_not_found
E3_S03_A_FALL_SIT_F_T002__aug5_la_fa.npz,E3_S03_A_FALL_SIT_F_T002.csv,train,FALL_SIT_F,3,3,5,large_fast,scale1.2526_warp0.76125_off0_snr34.03,0.76125,1.2526,34.03,0,100|300,154,,,1.057,False,pending,rise_not_found
E3_S03_A_FALL_SIT_F_T003__aug0_sm_no.npz,E3_S03_A_FALL_SIT_F_T003.csv,train,FALL_SIT_F,3,3,0,small_normal,scale0.75188_warp1.03129_off6_snr30.5,1.03129,0.75188,30.5,6,100|300,213,,,1.0914,False,pending,rise_not_found
E3_S03_A_FALL_SIT_F_T003__aug1_sm_fa.npz,E3_S03_A_FALL_SIT_F_T003.csv,train,FALL_SIT_F,3,3,1,small_fast,scale0.8676_warp0.77971_off0_snr28.07,0.77971,0.8676,28.07,0,100|300,165,,,1.0644,False,pending,rise_not_found
E3_S03_A_FALL_SIT_F_T003__aug2_me_no.npz,E3_S03_A_FALL_SIT_F_T003.csv,train,FALL_SIT_F,3,3,2,medium_normal,scale0.97299_warp1.01878_off3_snr34.17,1.01878,0.97299,34.17,3,100|300,214,102,-112,1.0761,False,pending,aug_onset_disagree(>5)
E3_S03_A_FALL_SIT_F_T003__aug4_la_no.npz,E3_S03_A_FALL_SIT_F_T003.csv,train,FALL_SIT_F,3,3,4,large_normal,scale1.25781_warp1.0234_off4_snr29.45,1.0234,1.25781,29.45,4,100|300,214,,,1.0866,False,pending,rise_not_found
E3_S03_A_FALL_SIT_F_T003__aug3_me_fa.npz,E3_S03_A_FALL_SIT_F_T003.csv,train,FALL_SIT_F,3,3,3,medium_fast,scale1.03023_warp0.89635_off0_snr28.14,0.89635,1.03023,28.14,0,100|300,191,160,-31,1.0846,False,pending,aug_onset_disagree(>10)
E3_S03_A_FALL_SIT_F_T003__aug5_la_fa.npz,E3_S03_A_FALL_SIT_F_T003.csv,train,FALL_SIT_F,3,3,5,large_fast,scale1.18982_warp0.82754_off0_snr32.0,0.82754,1.18982,32.0,0,100|300,176,,,1.0574,False,pending,rise_not_found
E3_S03_A_FALL_SIT_F_T006__aug0_sm_no.npz,E3_S03_A_FALL_SIT_F_T006.csv,train,FALL_SIT_F,3,3,0,small_normal,scale0.79737_warp1.04986_off9_snr29.86,1.04986,0.79737,29.86,9,100|300,170,144,-26,1.0412,False,pending,aug_onset_disagree(>5)
E3_S03_A_FALL_SIT_F_T006__aug2_me_no.npz,E3_S03_A_FALL_SIT_F_T006.csv,train,FALL_SIT_F,3,3,2,medium_normal,scale1.03232_warp1.02141_off4_snr28.3,1.02141,1.03232,28.3,4,100|300,170,174,4,1.0724,True,use,
E3_S03_A_FALL_SIT_F_T006__aug1_sm_fa.npz,E3_S03_A_FALL_SIT_F_T006.csv,train,FALL_SIT_F,3,3,1,small_fast,scale0.76607_warp0.77155_off0_snr32.25,0.77155,0.76607,32.25,0,100|300,132,133,1,1.0609,True,use,
E3_S03_A_FALL_SIT_F_T006__aug3_me_fa.npz,E3_S03_A_FALL_SIT_F_T006.csv,train,FALL_SIT_F,3,3,3,medium_fast,scale1.01826_warp0.80357_off0_snr30.52,0.80357,1.01826,30.52,0,100|300,137,139,2,1.0468,True,use,
E3_S03_A_FALL_SIT_F_T006__aug4_la_no.npz,E3_S03_A_FALL_SIT_F_T006.csv,train,FALL_SIT_F,3,3,4,large_normal,scale1.13426_warp1.01552_off3_snr28.76,1.01552,1.13426,28.76,3,100|300,171,174,3,1.0368,True,use,
E3_S03_A_FALL_SIT_F_T006__aug5_la_fa.npz,E3_S03_A_FALL_SIT_F_T006.csv,train,FALL_SIT_F,3,3,5,large_fast,scale1.20261_warp0.77998_off0_snr33.01,0.77998,1.20261,33.01,0,100|300,133,134,1,1.0808,True,use,
E3_S03_A_FALL_SIT_F_T009__aug0_sm_no.npz,E3_S03_A_FALL_SIT_F_T009.csv,train,FALL_SIT_F,3,3,0,small_normal,scale0.88885_warp0.96435_off0_snr26.73,0.96435,0.88885,26.73,0,100|300,121,124,3,1.0756,True,use,
E3_S03_A_FALL_SIT_F_T009__aug1_sm_fa.npz,E3_S03_A_FALL_SIT_F_T009.csv,train,FALL_SIT_F,3,3,1,small_fast,scale0.89045_warp0.79179_off0_snr31.89,0.79179,0.89045,31.89,0,100|300,99,101,2,1.0483,True,use,
E3_S03_A_FALL_SIT_F_T009__aug3_me_fa.npz,E3_S03_A_FALL_SIT_F_T009.csv,train,FALL_SIT_F,3,3,3,medium_fast,scale0.95471_warp0.78933_off0_snr31.95,0.78933,0.95471,31.95,0,100|300,99,102,3,1.0736,True,use,
E3_S03_A_FALL_SIT_F_T009__aug2_me_no.npz,E3_S03_A_FALL_SIT_F_T009.csv,train,FALL_SIT_F,3,3,2,medium_normal,scale0.95206_warp0.9595_off0_snr34.41,0.9595,0.95206,34.41,0,100|300,121,,,1.1255,False,pending,rise_not_found
E3_S03_A_FALL_SIT_F_T009__aug4_la_no.npz,E3_S03_A_FALL_SIT_F_T009.csv,train,FALL_SIT_F,3,3,4,large_normal,scale1.11105_warp1.04808_off9_snr25.45,1.04808,1.11105,25.45,9,100|300,123,124,1,1.0677,True,use,
E3_S03_A_FALL_SIT_F_T009__aug5_la_fa.npz,E3_S03_A_FALL_SIT_F_T009.csv,train,FALL_SIT_F,3,3,5,large_fast,scale1.27251_warp0.82488_off0_snr26.43,0.82488,1.27251,26.43,0,100|300,104,104,0,1.071,True,use,
E3_S03_A_FALL_STD_B_T001__aug0_sm_no.npz,E3_S03_A_FALL_STD_B_T001.csv,train,FALL_STD_B,3,3,0,small_normal,scale0.82356_warp0.98976_off0_snr25.96,0.98976,0.82356,25.96,0,100|300,190,235,45,1.0735,False,pending,aug_onset_disagree(>5)
E3_S03_A_FALL_STD_B_T001__aug1_sm_fa.npz,E3_S03_A_FALL_STD_B_T001.csv,train,FALL_STD_B,3,3,1,small_fast,scale0.78693_warp0.85124_off0_snr26.71,0.85124,0.78693,26.71,0,100|300,163,199,36,1.0565,False,pending,aug_onset_disagree(>10)
E3_S03_A_FALL_STD_B_T001__aug2_me_no.npz,E3_S03_A_FALL_STD_B_T001.csv,train,FALL_STD_B,3,3,2,medium_normal,scale0.96964_warp0.99267_off0_snr34.46,0.99267,0.96964,34.46,0,100|300,191,100,-91,1.1487,False,pending,aug_onset_disagree(>5)
E3_S03_A_FALL_STD_B_T001__aug3_me_fa.npz,E3_S03_A_FALL_STD_B_T001.csv,train,FALL_STD_B,3,3,3,medium_fast,scale0.97882_warp0.88491_off0_snr25.88,0.88491,0.97882,25.88,0,100|300,169,139,-30,1.0494,False,pending,aug_onset_disagree(>10)
E3_S03_A_FALL_STD_B_T001__aug4_la_no.npz,E3_S03_A_FALL_STD_B_T001.csv,train,FALL_STD_B,3,3,4,large_normal,scale1.17183_warp1.0288_off5_snr33.97,1.0288,1.17183,33.97,5,100|300,192,142,-50,1.064,False,pending,aug_onset_disagree(>5)
E3_S03_A_FALL_STD_B_T001__aug5_la_fa.npz,E3_S03_A_FALL_STD_B_T001.csv,train,FALL_STD_B,3,3,5,large_fast,scale1.24582_warp0.8313_off0_snr26.27,0.8313,1.24582,26.27,0,100|300,159,186,27,1.0658,False,pending,aug_onset_disagree(>10)
E3_S03_A_FALL_STD_B_T002__aug0_sm_no.npz,E3_S03_A_FALL_STD_B_T002.csv,train,FALL_STD_B,3,3,0,small_normal,scale0.80301_warp1.00286_off0_snr30.36,1.00286,0.80301,30.36,0,100|300,170,,,1.0627,False,pending,rise_not_found
E3_S03_A_FALL_STD_B_T002__aug1_sm_fa.npz,E3_S03_A_FALL_STD_B_T002.csv,train,FALL_STD_B,3,3,1,small_fast,scale0.85375_warp0.77914_off0_snr25.61,0.77914,0.85375,25.61,0,100|300,132,,,1.0533,False,pending,rise_not_found
E3_S03_A_FALL_STD_B_T002__aug2_me_no.npz,E3_S03_A_FALL_STD_B_T002.csv,train,FALL_STD_B,3,3,2,medium_normal,scale0.97996_warp1.03759_off7_snr30.09,1.03759,0.97996,30.09,7,100|300,169,237,68,1.0802,False,pending,aug_onset_disagree(>5)
E3_S03_A_FALL_STD_B_T002__aug3_me_fa.npz,E3_S03_A_FALL_STD_B_T002.csv,train,FALL_STD_B,3,3,3,medium_fast,scale1.02601_warp0.80925_off0_snr32.44,0.80925,1.02601,32.44,0,100|300,137,126,-11,1.0539,False,pending,aug_onset_disagree(>10)
E3_S03_A_FALL_STD_B_T002__aug4_la_no.npz,E3_S03_A_FALL_STD_B_T002.csv,train,FALL_STD_B,3,3,4,large_normal,scale1.24082_warp1.03583_off7_snr31.63,1.03583,1.24082,31.63,7,100|300,169,111,-58,1.0675,False,pending,aug_onset_disagree(>5)
E3_S03_A_FALL_STD_B_T002__aug5_la_fa.npz,E3_S03_A_FALL_STD_B_T002.csv,train,FALL_STD_B,3,3,5,large_fast,scale1.25687_warp0.82717_off0_snr30.43,0.82717,1.25687,30.43,0,100|300,140,128,-12,1.0557,False,pending,aug_onset_disagree(>10)
E3_S03_A_FALL_STD_B_T005__aug0_sm_no.npz,E3_S03_A_FALL_STD_B_T005.csv,train,FALL_STD_B,3,3,0,small_normal,scale0.89266_warp0.95735_off0_snr30.43,0.95735,0.89266,30.43,0,100|300,100,100,0,1.0537,True,use,
E3_S03_A_FALL_STD_B_T005__aug1_sm_fa.npz,E3_S03_A_FALL_STD_B_T005.csv,train,FALL_STD_B,3,3,1,small_fast,scale0.78452_warp0.86538_off0_snr31.78,0.86538,0.78452,31.78,0,100|300,91,,,1.0725,False,pending,rise_not_found
E3_S03_A_FALL_STD_B_T005__aug2_me_no.npz,E3_S03_A_FALL_STD_B_T005.csv,train,FALL_STD_B,3,3,2,medium_normal,scale0.97979_warp0.98503_off0_snr31.77,0.98503,0.97979,31.77,0,100|300,103,103,0,1.0784,True,use,
E3_S03_A_FALL_STD_B_T005__aug3_me_fa.npz,E3_S03_A_FALL_STD_B_T005.csv,train,FALL_STD_B,3,3,3,medium_fast,scale1.03964_warp0.78361_off0_snr28.75,0.78361,1.03964,28.75,0,100|300,82,,,1.0684,False,pending,rise_not_found
E3_S03_A_FALL_STD_B_T005__aug4_la_no.npz,E3_S03_A_FALL_STD_B_T005.csv,train,FALL_STD_B,3,3,4,large_normal,scale1.23452_warp1.04283_off8_snr26.29,1.04283,1.23452,26.29,8,100|300,101,102,1,1.0503,True,use,
E3_S03_A_FALL_STD_B_T005__aug5_la_fa.npz,E3_S03_A_FALL_STD_B_T005.csv,train,FALL_STD_B,3,3,5,large_fast,scale1.29187_warp0.83154_off0_snr27.61,0.83154,1.29187,27.61,0,100|300,87,,,1.0462,False,pending,rise_not_found
E3_S03_A_FALL_STD_B_T010__aug0_sm_no.npz,E3_S03_A_FALL_STD_B_T010.csv,train,FALL_STD_B,3,3,0,small_normal,scale0.77944_warp1.04784_off9_snr34.34,1.04784,0.77944,34.34,9,100|300,104,100,-4,1.08,True,use,
E3_S03_A_FALL_STD_B_T010__aug3_me_fa.npz,E3_S03_A_FALL_STD_B_T010.csv,train,FALL_STD_B,3,3,3,medium_fast,scale1.04495_warp0.75086_off0_snr32.65,0.75086,1.04495,32.65,0,100|300,81,110,29,1.0717,False,pending,aug_onset_disagree(>10)
E3_S03_A_FALL_STD_B_T010__aug1_sm_fa.npz,E3_S03_A_FALL_STD_B_T010.csv,train,FALL_STD_B,3,3,1,small_fast,scale0.79479_warp0.86_off0_snr34.21,0.86,0.79479,34.21,0,100|300,93,125,32,1.0663,False,pending,aug_onset_disagree(>10)
E3_S03_A_FALL_STD_B_T010__aug2_me_no.npz,E3_S03_A_FALL_STD_B_T010.csv,train,FALL_STD_B,3,3,2,medium_normal,scale1.02305_warp1.00648_off1_snr32.21,1.00648,1.02305,32.21,1,100|300,108,106,-2,1.0702,True,use,
E3_S03_A_FALL_STD_B_T010__aug4_la_no.npz,E3_S03_A_FALL_STD_B_T010.csv,train,FALL_STD_B,3,3,4,large_normal,scale1.16175_warp1.01039_off2_snr25.31,1.01039,1.16175,25.31,2,100|300,107,110,3,1.0556,True,use,
E3_S03_A_FALL_STD_B_T010__aug5_la_fa.npz,E3_S03_A_FALL_STD_B_T010.csv,train,FALL_STD_B,3,3,5,large_fast,scale1.2638_warp0.78703_off0_snr31.37,0.78703,1.2638,31.37,0,100|300,85,115,30,1.0832,False,pending,aug_onset_disagree(>10)
E3_S03_A_FALL_STD_F_T001__aug1_sm_fa.npz,E3_S03_A_FALL_STD_F_T001.csv,train,FALL_STD_F,3,3,1,small_fast,scale0.8792_warp0.89452_off0_snr30.44,0.89452,0.8792,30.44,0,100|300,132,136,4,1.0714,True,use,
E3_S03_A_FALL_STD_F_T001__aug0_sm_no.npz,E3_S03_A_FALL_STD_F_T001.csv,train,FALL_STD_F,3,3,0,small_normal,scale0.87226_warp0.977_off0_snr33.21,0.977,0.87226,33.21,0,100|300,144,146,2,1.1139,True,use,
E3_S03_A_FALL_STD_F_T001__aug2_me_no.npz,E3_S03_A_FALL_STD_F_T001.csv,train,FALL_STD_F,3,3,2,medium_normal,scale0.985_warp0.96046_off0_snr27.99,0.96046,0.985,27.99,0,100|300,142,142,0,1.0719,True,use,
E3_S03_A_FALL_STD_F_T001__aug3_me_fa.npz,E3_S03_A_FALL_STD_F_T001.csv,train,FALL_STD_F,3,3,3,medium_fast,scale1.0073_warp0.85149_off0_snr31.75,0.85149,1.0073,31.75,0,100|300,126,126,0,1.0691,True,use,
E3_S03_A_FALL_STD_F_T001__aug4_la_no.npz,E3_S03_A_FALL_STD_F_T001.csv,train,FALL_STD_F,3,3,4,large_normal,scale1.12454_warp1.02387_off4_snr25.58,1.02387,1.12454,25.58,4,100|300,147,151,4,1.0535,True,use,
E3_S03_A_FALL_STD_F_T001__aug5_la_fa.npz,E3_S03_A_FALL_STD_F_T001.csv,train,FALL_STD_F,3,3,5,large_fast,scale1.18377_warp0.76489_off0_snr32.52,0.76489,1.18377,32.52,0,100|300,113,112,-1,1.0673,True,use,
E3_S03_A_FALL_STD_F_T006__aug0_sm_no.npz,E3_S03_A_FALL_STD_F_T006.csv,train,FALL_STD_F,3,3,0,small_normal,scale0.89288_warp0.95166_off0_snr33.11,0.95166,0.89288,33.11,0,100|300,188,167,-21,1.0741,False,pending,aug_onset_disagree(>5)
E3_S03_A_FALL_STD_F_T006__aug1_sm_fa.npz,E3_S03_A_FALL_STD_F_T006.csv,train,FALL_STD_F,3,3,1,small_fast,scale0.7678_warp0.85784_off0_snr29.83,0.85784,0.7678,29.83,0,100|300,170,,,1.0715,False,pending,rise_not_found
E3_S03_A_FALL_STD_F_T006__aug2_me_no.npz,E3_S03_A_FALL_STD_F_T006.csv,train,FALL_STD_F,3,3,2,medium_normal,scale0.99821_warp1.00834_off1_snr30.49,1.00834,0.99821,30.49,1,100|300,198,117,-81,1.0623,False,pending,aug_onset_disagree(>5)
E3_S03_A_FALL_STD_F_T006__aug4_la_no.npz,E3_S03_A_FALL_STD_F_T006.csv,train,FALL_STD_F,3,3,4,large_normal,scale1.13719_warp0.9982_off0_snr34.59,0.9982,1.13719,34.59,0,100|300,198,,,1.1037,False,pending,rise_not_found
E3_S03_A_FALL_STD_F_T006__aug3_me_fa.npz,E3_S03_A_FALL_STD_F_T006.csv,train,FALL_STD_F,3,3,3,medium_fast,scale0.99497_warp0.82493_off0_snr34.57,0.82493,0.99497,34.57,0,100|300,163,145,-18,1.0758,False,pending,aug_onset_disagree(>10)
E4_S01_A_FALL_SIT_B_T001__aug1_sm_fa.npz,E4_S01_A_FALL_SIT_B_T001.csv,train,FALL_SIT_B,1,4,1,small_fast,scale0.89634_warp0.83698_off0_snr26.53,0.83698,0.89634,26.53,0,100|300,88,107,19,1.1249,False,pending,aug_onset_disagree(>10)
E4_S01_A_FALL_SIT_B_T001__aug0_sm_no.npz,E4_S01_A_FALL_SIT_B_T001.csv,train,FALL_SIT_B,1,4,0,small_normal,scale0.80627_warp0.96964_off0_snr32.57,0.96964,0.80627,32.57,0,100|300,102,107,5,1.0758,True,use,
E3_S03_A_FALL_STD_F_T006__aug5_la_fa.npz,E3_S03_A_FALL_STD_F_T006.csv,train,FALL_STD_F,3,3,5,large_fast,scale1.29367_warp0.82079_off0_snr27.2,0.82079,1.29367,27.2,0,100|300,162,,,1.0772,False,pending,rise_not_found
E4_S01_A_FALL_SIT_B_T001__aug2_me_no.npz,E4_S01_A_FALL_SIT_B_T001.csv,train,FALL_SIT_B,1,4,2,medium_normal,scale0.95388_warp1.03978_off7_snr29.68,1.03978,0.95388,29.68,7,100|300,102,107,5,1.0592,True,use,
E4_S01_A_FALL_SIT_B_T001__aug3_me_fa.npz,E4_S01_A_FALL_SIT_B_T001.csv,train,FALL_SIT_B,1,4,3,medium_fast,scale1.03457_warp0.77392_off0_snr31.39,0.77392,1.03457,31.39,0,100|300,81,104,23,1.1278,False,pending,aug_onset_disagree(>10)
E4_S01_A_FALL_SIT_B_T002__aug0_sm_no.npz,E4_S01_A_FALL_SIT_B_T002.csv,train,FALL_SIT_B,1,4,0,small_normal,scale0.83335_warp1.00827_off1_snr30.34,1.00827,0.83335,30.34,1,100|300,133,124,-9,1.0548,False,pending,aug_onset_disagree(>5)
E4_S01_A_FALL_SIT_B_T001__aug4_la_no.npz,E4_S01_A_FALL_SIT_B_T001.csv,train,FALL_SIT_B,1,4,4,large_normal,scale1.25178_warp0.98462_off0_snr29.92,0.98462,1.25178,29.92,0,100|300,103,108,5,1.0517,True,use,
E4_S01_A_FALL_SIT_B_T001__aug5_la_fa.npz,E4_S01_A_FALL_SIT_B_T001.csv,train,FALL_SIT_B,1,4,5,large_fast,scale1.22976_warp0.89483_off0_snr34.98,0.89483,1.22976,34.98,0,100|300,94,112,18,1.0684,False,pending,aug_onset_disagree(>10)
E4_S01_A_FALL_SIT_B_T002__aug1_sm_fa.npz,E4_S01_A_FALL_SIT_B_T002.csv,train,FALL_SIT_B,1,4,1,small_fast,scale0.87032_warp0.75795_off0_snr32.89,0.75795,0.87032,32.89,0,100|300,101,127,26,1.0697,False,pending,aug_onset_disagree(>10)
E4_S01_A_FALL_SIT_B_T002__aug2_me_no.npz,E4_S01_A_FALL_SIT_B_T002.csv,train,FALL_SIT_B,1,4,2,medium_normal,scale1.03091_warp0.97119_off0_snr26.92,0.97119,1.03091,26.92,0,100|300,129,129,0,1.0597,True,use,
E4_S01_A_FALL_SIT_B_T002__aug3_me_fa.npz,E4_S01_A_FALL_SIT_B_T002.csv,train,FALL_SIT_B,1,4,3,medium_fast,scale0.96616_warp0.78755_off0_snr34.9,0.78755,0.96616,34.9,0,100|300,105,107,2,1.0674,True,use,
E4_S01_A_FALL_SIT_B_T002__aug5_la_fa.npz,E4_S01_A_FALL_SIT_B_T002.csv,train,FALL_SIT_B,1,4,5,large_fast,scale1.13162_warp0.83169_off0_snr28.07,0.83169,1.13162,28.07,0,100|300,110,138,28,1.047,False,pending,aug_onset_disagree(>10)
E4_S01_A_FALL_SIT_B_T002__aug4_la_no.npz,E4_S01_A_FALL_SIT_B_T002.csv,train,FALL_SIT_B,1,4,4,large_normal,scale1.23063_warp0.95822_off0_snr27.62,0.95822,1.23063,27.62,0,100|300,127,160,33,1.0763,False,pending,aug_onset_disagree(>5)
E4_S01_A_FALL_SIT_B_T003__aug0_sm_no.npz,E4_S01_A_FALL_SIT_B_T003.csv,train,FALL_SIT_B,1,4,0,small_normal,scale0.79338_warp1.04539_off9_snr29.41,1.04539,0.79338,29.41,9,100|300,114,142,28,1.0584,False,pending,aug_onset_disagree(>5)
E4_S01_A_FALL_SIT_B_T003__aug1_sm_fa.npz,E4_S01_A_FALL_SIT_B_T003.csv,train,FALL_SIT_B,1,4,1,small_fast,scale0.79555_warp0.83411_off0_snr26.28,0.83411,0.79555,26.28,0,100|300,98,120,22,1.0383,False,pending,aug_onset_disagree(>10)
E4_S01_A_FALL_SIT_B_T003__aug2_me_no.npz,E4_S01_A_FALL_SIT_B_T003.csv,train,FALL_SIT_B,1,4,2,medium_normal,scale0.99176_warp0.9664_off0_snr28.97,0.9664,0.99176,28.97,0,100|300,114,139,25,1.0646,False,pending,aug_onset_disagree(>5)
E4_S01_A_FALL_SIT_B_T003__aug5_la_fa.npz,E4_S01_A_FALL_SIT_B_T003.csv,train,FALL_SIT_B,1,4,5,large_fast,scale1.16374_warp0.77452_off0_snr29.06,0.77452,1.16374,29.06,0,100|300,91,110,19,1.0533,False,pending,aug_onset_disagree(>10)
E4_S01_A_FALL_SIT_B_T003__aug3_me_fa.npz,E4_S01_A_FALL_SIT_B_T003.csv,train,FALL_SIT_B,1,4,3,medium_fast,scale0.99745_warp0.89302_off0_snr28.38,0.89302,0.99745,28.38,0,100|300,105,130,25,1.0514,False,pending,aug_onset_disagree(>10)
E4_S01_A_FALL_SIT_B_T003__aug4_la_no.npz,E4_S01_A_FALL_SIT_B_T003.csv,train,FALL_SIT_B,1,4,4,large_normal,scale1.26721_warp0.96069_off0_snr27.25,0.96069,1.26721,27.25,0,100|300,113,140,27,1.0809,False,pending,aug_onset_disagree(>5)
E4_S01_A_FALL_SIT_B_T004__aug0_sm_no.npz,E4_S01_A_FALL_SIT_B_T004.csv,train,FALL_SIT_B,1,4,0,small_normal,scale0.79212_warp1.04741_off9_snr34.79,1.04741,0.79212,34.79,9,100|300,102,100,-2,1.0587,True,use,
E4_S01_A_FALL_SIT_B_T004__aug1_sm_fa.npz,E4_S01_A_FALL_SIT_B_T004.csv,train,FALL_SIT_B,1,4,1,small_fast,scale0.89634_warp0.82187_off0_snr30.0,0.82187,0.89634,30.0,0,100|300,87,120,33,1.0922,False,pending,aug_onset_disagree(>10)
E4_S01_A_FALL_SIT_B_T004__aug3_me_fa.npz,E4_S01_A_FALL_SIT_B_T004.csv,train,FALL_SIT_B,1,4,3,medium_fast,scale1.02829_warp0.87131_off0_snr34.84,0.87131,1.02829,34.84,0,100|300,92,127,35,1.1198,False,pending,aug_onset_disagree(>10)
E4_S01_A_FALL_SIT_B_T004__aug2_me_no.npz,E4_S01_A_FALL_SIT_B_T004.csv,train,FALL_SIT_B,1,4,2,medium_normal,scale1.02323_warp0.97245_off0_snr34.16,0.97245,1.02323,34.16,0,100|300,103,100,-3,1.0811,True,use,
E4_S01_A_FALL_SIT_B_T004__aug4_la_no.npz,E4_S01_A_FALL_SIT_B_T004.csv,train,FALL_SIT_B,1,4,4,large_normal,scale1.26866_warp0.95262_off0_snr26.81,0.95262,1.26866,26.81,0,100|300,101,100,-1,1.0779,True,use,
E4_S01_A_FALL_SIT_B_T004__aug5_la_fa.npz,E4_S01_A_FALL_SIT_B_T004.csv,train,FALL_SIT_B,1,4,5,large_fast,scale1.1716_warp0.8806_off0_snr29.77,0.8806,1.1716,29.77,0,100|300,93,117,24,1.0822,False,pending,aug_onset_disagree(>10)
E4_S01_A_FALL_SIT_B_T005__aug0_sm_no.npz,E4_S01_A_FALL_SIT_B_T005.csv,train,FALL_SIT_B,1,4,0,small_normal,scale0.87266_warp0.97903_off0_snr28.14,0.97903,0.87266,28.14,0,100|300,113,144,31,1.0839,False,pending,aug_onset_disagree(>5)
E4_S01_A_FALL_SIT_B_T005__aug1_sm_fa.npz,E4_S01_A_FALL_SIT_B_T005.csv,train,FALL_SIT_B,1,4,1,small_fast,scale0.77835_warp0.85782_off0_snr30.84,0.85782,0.77835,30.84,0,100|300,99,127,28,1.0557,False,pending,aug_onset_disagree(>10)
E4_S01_A_FALL_SIT_B_T005__aug2_me_no.npz,E4_S01_A_FALL_SIT_B_T005.csv,train,FALL_SIT_B,1,4,2,medium_normal,scale0.9742_warp1.02653_off5_snr32.32,1.02653,0.9742,32.32,5,100|300,114,109,-5,1.0946,True,use,
E4_S01_A_FALL_SIT_B_T005__aug3_me_fa.npz,E4_S01_A_FALL_SIT_B_T005.csv,train,FALL_SIT_B,1,4,3,medium_fast,scale0.97703_warp0.88559_off0_snr27.21,0.88559,0.97703,27.21,0,100|300,103,131,28,1.0763,False,pending,aug_onset_disagree(>10)
E4_S01_A_FALL_SIT_B_T005__aug4_la_no.npz,E4_S01_A_FALL_SIT_B_T005.csv,train,FALL_SIT_B,1,4,4,large_normal,scale1.12633_warp0.98467_off0_snr34.02,0.98467,1.12633,34.02,0,100|300,114,163,49,1.0552,False,pending,aug_onset_disagree(>5)
E4_S01_A_FALL_SIT_B_T005__aug5_la_fa.npz,E4_S01_A_FALL_SIT_B_T005.csv,train,FALL_SIT_B,1,4,5,large_fast,scale1.27115_warp0.82436_off0_snr30.24,0.82436,1.27115,30.24,0,100|300,95,121,26,1.0833,False,pending,aug_onset_disagree(>10)
E4_S01_A_FALL_SIT_B_T006__aug0_sm_no.npz,E4_S01_A_FALL_SIT_B_T006.csv,train,FALL_SIT_B,1,4,0,small_normal,scale0.78578_warp0.95364_off0_snr28.14,0.95364,0.78578,28.14,0,100|300,120,124,4,1.0656,True,use,
E4_S01_A_FALL_SIT_B_T006__aug1_sm_fa.npz,E4_S01_A_FALL_SIT_B_T006.csv,train,FALL_SIT_B,1,4,1,small_fast,scale0.84213_warp0.83558_off0_snr27.49,0.83558,0.84213,27.49,0,100|300,105,132,27,1.0599,False,pending,aug_onset_disagree(>10)
E4_S01_A_FALL_SIT_B_T006__aug2_me_no.npz,E4_S01_A_FALL_SIT_B_T006.csv,train,FALL_SIT_B,1,4,2,medium_normal,scale0.95917_warp0.98527_off0_snr32.43,0.98527,0.95917,32.43,0,100|300,124,126,2,1.0888,True,use,
E4_S01_A_FALL_SIT_B_T006__aug3_me_fa.npz,E4_S01_A_FALL_SIT_B_T006.csv,train,FALL_SIT_B,1,4,3,medium_fast,scale1.02529_warp0.78464_off0_snr27.49,0.78464,1.02529,27.49,0,100|300,99,100,1,1.0792,True,use,
E4_S01_A_FALL_SIT_B_T006__aug4_la_no.npz,E4_S01_A_FALL_SIT_B_T006.csv,train,FALL_SIT_B,1,4,4,large_normal,scale1.27453_warp1.04129_off8_snr29.37,1.04129,1.27453,29.37,8,100|300,123,123,0,1.0563,True,use,
E4_S01_A_FALL_SIT_B_T006__aug5_la_fa.npz,E4_S01_A_FALL_SIT_B_T006.csv,train,FALL_SIT_B,1,4,5,large_fast,scale1.10282_warp0.80168_off0_snr32.02,0.80168,1.10282,32.02,0,100|300,101,100,-1,1.0689,True,use,
E4_S01_A_FALL_SIT_B_T007__aug0_sm_no.npz,E4_S01_A_FALL_SIT_B_T007.csv,train,FALL_SIT_B,1,4,0,small_normal,scale0.7582_warp1.03022_off6_snr31.2,1.03022,0.7582,31.2,6,100|300,141,131,-10,1.0733,False,pending,aug_onset_disagree(>5)
E4_S01_A_FALL_SIT_B_T007__aug1_sm_fa.npz,E4_S01_A_FALL_SIT_B_T007.csv,train,FALL_SIT_B,1,4,1,small_fast,scale0.83079_warp0.80762_off0_snr31.45,0.80762,0.83079,31.45,0,100|300,115,116,1,1.0749,True,use,
E4_S01_A_FALL_SIT_B_T007__aug2_me_no.npz,E4_S01_A_FALL_SIT_B_T007.csv,train,FALL_SIT_B,1,4,2,medium_normal,scale0.96906_warp1.0273_off5_snr28.07,1.0273,0.96906,28.07,5,100|300,142,142,0,1.0877,True,use,
E4_S01_A_FALL_SIT_B_T007__aug3_me_fa.npz,E4_S01_A_FALL_SIT_B_T007.csv,train,FALL_SIT_B,1,4,3,medium_fast,scale1.01384_warp0.7773_off0_snr34.07,0.7773,1.01384,34.07,0,100|300,111,105,-6,1.1035,True,use,
E4_S01_A_FALL_SIT_B_T007__aug4_la_no.npz,E4_S01_A_FALL_SIT_B_T007.csv,train,FALL_SIT_B,1,4,4,large_normal,scale1.26116_warp1.03436_off6_snr29.62,1.03436,1.26116,29.62,6,100|300,142,141,-1,1.084,True,use,
E4_S01_A_FALL_SIT_B_T007__aug5_la_fa.npz,E4_S01_A_FALL_SIT_B_T007.csv,train,FALL_SIT_B,1,4,5,large_fast,scale1.29918_warp0.76527_off0_snr25.17,0.76527,1.29918,25.17,0,100|300,109,105,-4,1.1006,True,use,
E4_S01_A_FALL_SIT_B_T008__aug0_sm_no.npz,E4_S01_A_FALL_SIT_B_T008.csv,train,FALL_SIT_B,1,4,0,small_normal,scale0.84236_warp0.98134_off0_snr31.99,0.98134,0.84236,31.99,0,100|300,144,100,-44,1.0956,False,pending,aug_onset_disagree(>5)
E4_S01_A_FALL_SIT_B_T008__aug1_sm_fa.npz,E4_S01_A_FALL_SIT_B_T008.csv,train,FALL_SIT_B,1,4,1,small_fast,scale0.79776_warp0.84973_off0_snr27.71,0.84973,0.79776,27.71,0,100|300,125,129,4,1.0587,True,use,
E4_S01_A_FALL_SIT_B_T008__aug2_me_no.npz,E4_S01_A_FALL_SIT_B_T008.csv,train,FALL_SIT_B,1,4,2,medium_normal,scale0.97927_warp0.96704_off0_snr27.67,0.96704,0.97927,27.67,0,100|300,142,104,-38,1.049,False,pending,aug_onset_disagree(>5)
E4_S01_A_FALL_SIT_B_T008__aug3_me_fa.npz,E4_S01_A_FALL_SIT_B_T008.csv,train,FALL_SIT_B,1,4,3,medium_fast,scale1.0396_warp0.86478_off0_snr33.27,0.86478,1.0396,33.27,0,100|300,127,132,5,1.0878,True,use,
E4_S01_A_FALL_SIT_B_T008__aug4_la_no.npz,E4_S01_A_FALL_SIT_B_T008.csv,train,FALL_SIT_B,1,4,4,large_normal,scale1.2827_warp1.01569_off3_snr32.1,1.01569,1.2827,32.1,3,100|300,146,123,-23,1.0628,False,pending,aug_onset_disagree(>5)
E4_S01_A_FALL_SIT_F_T003__aug0_sm_no.npz,E4_S01_A_FALL_SIT_F_T003.csv,train,FALL_SIT_F,1,4,0,small_normal,scale0.87285_warp1.03682_off7_snr30.5,1.03682,0.87285,30.5,7,100|300,102,105,3,1.0688,True,use,
E4_S01_A_FALL_SIT_B_T008__aug5_la_fa.npz,E4_S01_A_FALL_SIT_B_T008.csv,train,FALL_SIT_B,1,4,5,large_fast,scale1.28215_warp0.88515_off0_snr34.73,0.88515,1.28215,34.73,0,100|300,130,129,-1,1.123,True,use,
E4_S01_A_FALL_SIT_F_T003__aug1_sm_fa.npz,E4_S01_A_FALL_SIT_F_T003.csv,train,FALL_SIT_F,1,4,1,small_fast,scale0.771_warp0.84415_off0_snr29.28,0.84415,0.771,29.28,0,100|300,88,100,12,1.0747,False,pending,aug_onset_disagree(>10)
E4_S01_A_FALL_SIT_F_T003__aug2_me_no.npz,E4_S01_A_FALL_SIT_F_T003.csv,train,FALL_SIT_F,1,4,2,medium_normal,scale0.97167_warp1.01293_off2_snr29.5,1.01293,0.97167,29.5,2,100|300,104,108,4,1.0849,True,use,
E4_S01_A_FALL_SIT_F_T003__aug3_me_fa.npz,E4_S01_A_FALL_SIT_F_T003.csv,train,FALL_SIT_F,1,4,3,medium_fast,scale0.96877_warp0.7928_off0_snr25.32,0.7928,0.96877,25.32,0,100|300,83,100,17,1.0977,False,pending,aug_onset_disagree(>10)
E4_S01_A_FALL_SIT_F_T003__aug5_la_fa.npz,E4_S01_A_FALL_SIT_F_T003.csv,train,FALL_SIT_F,1,4,5,large_fast,scale1.10787_warp0.78768_off0_snr32.58,0.78768,1.10787,32.58,0,100|300,83,100,17,1.1191,False,pending,aug_onset_disagree(>10)
E4_S01_A_FALL_SIT_F_T003__aug4_la_no.npz,E4_S01_A_FALL_SIT_F_T003.csv,train,FALL_SIT_F,1,4,4,large_normal,scale1.28788_warp1.02459_off4_snr26.7,1.02459,1.28788,26.7,4,100|300,103,124,21,1.0983,False,pending,aug_onset_disagree(>5)
E4_S01_A_FALL_SIT_F_T005__aug0_sm_no.npz,E4_S01_A_FALL_SIT_F_T005.csv,train,FALL_SIT_F,1,4,0,small_normal,scale0.80618_warp0.99153_off0_snr27.8,0.99153,0.80618,27.8,0,100|300,109,104,-5,1.0585,True,use,
E4_S01_A_FALL_SIT_F_T005__aug2_me_no.npz,E4_S01_A_FALL_SIT_F_T005.csv,train,FALL_SIT_F,1,4,2,medium_normal,scale1.03768_warp0.9581_off0_snr34.18,0.9581,1.03768,34.18,0,100|300,105,103,-2,1.055,True,use,
E4_S01_A_FALL_SIT_F_T005__aug1_sm_fa.npz,E4_S01_A_FALL_SIT_F_T005.csv,train,FALL_SIT_F,1,4,1,small_fast,scale0.86522_warp0.75475_off0_snr27.99,0.75475,0.86522,27.99,0,100|300,83,112,29,1.108,False,pending,aug_onset_disagree(>10)
E4_S01_A_FALL_SIT_F_T005__aug3_me_fa.npz,E4_S01_A_FALL_SIT_F_T005.csv,train,FALL_SIT_F,1,4,3,medium_fast,scale1.04206_warp0.75088_off0_snr33.09,0.75088,1.04206,33.09,0,100|300,82,111,29,1.0702,False,pending,aug_onset_disagree(>10)
E4_S01_A_FALL_SIT_F_T005__aug4_la_no.npz,E4_S01_A_FALL_SIT_F_T005.csv,train,FALL_SIT_F,1,4,4,large_normal,scale1.25855_warp0.99738_off0_snr29.26,0.99738,1.25855,29.26,0,100|300,109,148,39,1.0625,False,pending,aug_onset_disagree(>5)
E4_S01_A_FALL_SIT_F_T005__aug5_la_fa.npz,E4_S01_A_FALL_SIT_F_T005.csv,train,FALL_SIT_F,1,4,5,large_fast,scale1.18446_warp0.84016_off0_snr33.48,0.84016,1.18446,33.48,0,100|300,92,125,33,1.0886,False,pending,aug_onset_disagree(>10)
E4_S01_A_FALL_SIT_F_T006__aug0_sm_no.npz,E4_S01_A_FALL_SIT_F_T006.csv,train,FALL_SIT_F,1,4,0,small_normal,scale0.81265_warp1.02447_off4_snr30.39,1.02447,0.81265,30.39,4,100|300,133,133,0,1.057,True,use,
E4_S01_A_FALL_SIT_F_T006__aug1_sm_fa.npz,E4_S01_A_FALL_SIT_F_T006.csv,train,FALL_SIT_F,1,4,1,small_fast,scale0.87064_warp0.85856_off0_snr34.57,0.85856,0.87064,34.57,0,100|300,115,110,-5,1.0434,True,use,
E4_S01_A_FALL_SIT_F_T006__aug2_me_no.npz,E4_S01_A_FALL_SIT_F_T006.csv,train,FALL_SIT_F,1,4,2,medium_normal,scale0.97113_warp1.02012_off4_snr26.82,1.02012,0.97113,26.82,4,100|300,133,133,0,1.054,True,use,
E4_S01_A_FALL_SIT_F_T006__aug3_me_fa.npz,E4_S01_A_FALL_SIT_F_T006.csv,train,FALL_SIT_F,1,4,3,medium_fast,scale1.01223_warp0.81664_off0_snr25.25,0.81664,1.01223,25.25,0,100|300,109,110,1,1.0756,True,use,
E4_S01_A_FALL_SIT_F_T006__aug4_la_no.npz,E4_S01_A_FALL_SIT_F_T006.csv,train,FALL_SIT_F,1,4,4,large_normal,scale1.26118_warp1.00827_off1_snr27.36,1.00827,1.26118,27.36,1,100|300,134,118,-16,1.0531,False,pending,aug_onset_disagree(>5)
E4_S01_A_FALL_SIT_F_T006__aug5_la_fa.npz,E4_S01_A_FALL_SIT_F_T006.csv,train,FALL_SIT_F,1,4,5,large_fast,scale1.13078_warp0.85851_off0_snr26.65,0.85851,1.13078,26.65,0,100|300,115,113,-2,1.0667,True,use,
E4_S01_A_FALL_SIT_F_T008__aug0_sm_no.npz,E4_S01_A_FALL_SIT_F_T008.csv,train,FALL_SIT_F,1,4,0,small_normal,scale0.7822_warp0.99892_off0_snr28.13,0.99892,0.7822,28.13,0,100|300,146,180,34,1.053,False,pending,aug_onset_disagree(>5)
E4_S01_A_FALL_SIT_F_T008__aug1_sm_fa.npz,E4_S01_A_FALL_SIT_F_T008.csv,train,FALL_SIT_F,1,4,1,small_fast,scale0.8238_warp0.83387_off0_snr25.4,0.83387,0.8238,25.4,0,100|300,121,120,-1,1.0804,True,use,
E4_S01_A_FALL_SIT_F_T008__aug2_me_no.npz,E4_S01_A_FALL_SIT_F_T008.csv,train,FALL_SIT_F,1,4,2,medium_normal,scale0.96183_warp0.95194_off0_snr25.36,0.95194,0.96183,25.36,0,100|300,139,170,31,1.1091,False,pending,aug_onset_disagree(>5)
E4_S01_A_FALL_SIT_F_T008__aug4_la_no.npz,E4_S01_A_FALL_SIT_F_T008.csv,train,FALL_SIT_F,1,4,4,large_normal,scale1.15445_warp1.04245_off8_snr26.37,1.04245,1.15445,26.37,8,100|300,144,143,-1,1.0823,True,use,
E4_S01_A_FALL_SIT_F_T008__aug3_me_fa.npz,E4_S01_A_FALL_SIT_F_T008.csv,train,FALL_SIT_F,1,4,3,medium_fast,scale0.99143_warp0.78041_off0_snr29.49,0.78041,0.99143,29.49,0,100|300,114,139,25,1.0588,False,pending,aug_onset_disagree(>10)
E4_S01_A_FALL_SIT_F_T008__aug5_la_fa.npz,E4_S01_A_FALL_SIT_F_T008.csv,train,FALL_SIT_F,1,4,5,large_fast,scale1.1173_warp0.77543_off0_snr26.1,0.77543,1.1173,26.1,0,100|300,113,112,-1,1.0387,True,use,
E4_S01_A_FALL_SIT_F_T010__aug0_sm_no.npz,E4_S01_A_FALL_SIT_F_T010.csv,train,FALL_SIT_F,1,4,0,small_normal,scale0.80624_warp1.04502_off9_snr31.75,1.04502,0.80624,31.75,9,100|300,162,125,-37,1.0827,False,pending,aug_onset_disagree(>5)
E4_S01_A_FALL_SIT_F_T010__aug1_sm_fa.npz,E4_S01_A_FALL_SIT_F_T010.csv,train,FALL_SIT_F,1,4,1,small_fast,scale0.82936_warp0.75146_off0_snr29.2,0.75146,0.82936,29.2,0,100|300,123,100,-23,1.0814,False,pending,aug_onset_disagree(>10)
E4_S01_A_FALL_SIT_F_T010__aug2_me_no.npz,E4_S01_A_FALL_SIT_F_T010.csv,train,FALL_SIT_F,1,4,2,medium_normal,scale1.04826_warp1.01858_off3_snr34.23,1.01858,1.04826,34.23,3,100|300,164,163,-1,1.0637,True,use,
E4_S01_A_FALL_SIT_F_T010__aug4_la_no.npz,E4_S01_A_FALL_SIT_F_T010.csv,train,FALL_SIT_F,1,4,4,large_normal,scale1.11188_warp0.97836_off0_snr34.89,0.97836,1.11188,34.89,0,100|300,160,125,-35,1.0847,False,pending,aug_onset_disagree(>5)
E4_S01_A_FALL_SIT_F_T010__aug3_me_fa.npz,E4_S01_A_FALL_SIT_F_T010.csv,train,FALL_SIT_F,1,4,3,medium_fast,scale1.04299_warp0.85119_off0_snr28.1,0.85119,1.04299,28.1,0,100|300,139,104,-35,1.0475,False,pending,aug_onset_disagree(>10)
E4_S01_A_FALL_SIT_F_T010__aug5_la_fa.npz,E4_S01_A_FALL_SIT_F_T010.csv,train,FALL_SIT_F,1,4,5,large_fast,scale1.19881_warp0.7525_off0_snr26.32,0.7525,1.19881,26.32,0,100|300,123,121,-2,1.0904,True,use,
E4_S01_A_FALL_STD_B_T002__aug0_sm_no.npz,E4_S01_A_FALL_STD_B_T002.csv,train,FALL_STD_B,1,4,0,small_normal,scale0.82739_warp1.01242_off2_snr27.88,1.01242,0.82739,27.88,2,100|300,139,102,-37,1.097,False,pending,aug_onset_disagree(>5)
E4_S01_A_FALL_STD_B_T002__aug1_sm_fa.npz,E4_S01_A_FALL_STD_B_T002.csv,train,FALL_STD_B,1,4,1,small_fast,scale0.84691_warp0.8865_off0_snr30.78,0.8865,0.84691,30.78,0,100|300,124,133,9,1.092,True,use,
E4_S01_A_FALL_STD_B_T002__aug3_me_fa.npz,E4_S01_A_FALL_STD_B_T002.csv,train,FALL_STD_B,1,4,3,medium_fast,scale0.97944_warp0.83985_off0_snr32.97,0.83985,0.97944,32.97,0,100|300,117,123,6,1.0739,True,use,
E4_S01_A_FALL_STD_B_T002__aug2_me_no.npz,E4_S01_A_FALL_STD_B_T002.csv,train,FALL_STD_B,1,4,2,medium_normal,scale1.03205_warp0.95934_off0_snr33.81,0.95934,1.03205,33.81,0,100|300,134,133,-1,1.0797,True,use,
E4_S01_A_FALL_STD_B_T002__aug4_la_no.npz,E4_S01_A_FALL_STD_B_T002.csv,train,FALL_STD_B,1,4,4,large_normal,scale1.14093_warp0.997_off0_snr25.48,0.997,1.14093,25.48,0,100|300,139,150,11,1.073,False,pending,aug_onset_disagree(>5)
E4_S01_A_FALL_STD_B_T002__aug5_la_fa.npz,E4_S01_A_FALL_STD_B_T002.csv,train,FALL_STD_B,1,4,5,large_fast,scale1.22687_warp0.86785_off0_snr30.96,0.86785,1.22687,30.96,0,100|300,121,130,9,1.0956,True,use,
E4_S01_A_FALL_STD_B_T006__aug0_sm_no.npz,E4_S01_A_FALL_STD_B_T006.csv,train,FALL_STD_B,1,4,0,small_normal,scale0.83368_warp0.95562_off0_snr26.1,0.95562,0.83368,26.1,0,100|300,156,141,-15,1.0785,False,pending,aug_onset_disagree(>5)
E4_S01_A_FALL_STD_B_T006__aug1_sm_fa.npz,E4_S01_A_FALL_STD_B_T006.csv,train,FALL_STD_B,1,4,1,small_fast,scale0.75455_warp0.79046_off0_snr27.97,0.79046,0.75455,27.97,0,100|300,129,130,1,1.0973,True,use,
E4_S01_A_FALL_STD_B_T006__aug2_me_no.npz,E4_S01_A_FALL_STD_B_T006.csv,train,FALL_STD_B,1,4,2,medium_normal,scale0.99225_warp1.04055_off8_snr26.93,1.04055,0.99225,26.93,8,100|300,162,146,-16,1.0848,False,pending,aug_onset_disagree(>5)
E4_S01_A_FALL_STD_B_T006__aug3_me_fa.npz,E4_S01_A_FALL_STD_B_T006.csv,train,FALL_STD_B,1,4,3,medium_fast,scale1.02998_warp0.8771_off0_snr28.91,0.8771,1.02998,28.91,0,100|300,143,144,1,1.1032,True,use,
E4_S01_A_FALL_STD_B_T006__aug4_la_no.npz,E4_S01_A_FALL_STD_B_T006.csv,train,FALL_STD_B,1,4,4,large_normal,scale1.28913_warp0.98149_off0_snr32.62,0.98149,1.28913,32.62,0,100|300,160,144,-16,1.1133,False,pending,aug_onset_disagree(>5)
E4_S01_A_FALL_STD_B_T006__aug5_la_fa.npz,E4_S01_A_FALL_STD_B_T006.csv,train,FALL_STD_B,1,4,5,large_fast,scale1.10087_warp0.82887_off0_snr32.53,0.82887,1.10087,32.53,0,100|300,135,122,-13,1.0825,False,pending,aug_onset_disagree(>10)
E4_S01_A_FALL_STD_B_T007__aug0_sm_no.npz,E4_S01_A_FALL_STD_B_T007.csv,train,FALL_STD_B,1,4,0,small_normal,scale0.81869_warp1.00656_off1_snr28.91,1.00656,0.81869,28.91,1,100|300,127,131,4,1.1183,True,use,
E4_S01_A_FALL_STD_B_T007__aug1_sm_fa.npz,E4_S01_A_FALL_STD_B_T007.csv,train,FALL_STD_B,1,4,1,small_fast,scale0.87076_warp0.8345_off0_snr25.89,0.8345,0.87076,25.89,0,100|300,106,108,2,1.059,True,use,
E4_S01_A_FALL_STD_B_T007__aug2_me_no.npz,E4_S01_A_FALL_STD_B_T007.csv,train,FALL_STD_B,1,4,2,medium_normal,scale1.01881_warp0.96617_off0_snr31.9,0.96617,1.01881,31.9,0,100|300,123,137,14,1.0908,False,pending,aug_onset_disagree(>5)
E4_S01_A_FALL_STD_B_T007__aug3_me_fa.npz,E4_S01_A_FALL_STD_B_T007.csv,train,FALL_STD_B,1,4,3,medium_fast,scale1.01239_warp0.85445_off0_snr33.94,0.85445,1.01239,33.94,0,100|300,108,116,8,1.0743,True,use,
E4_S01_A_FALL_STD_B_T007__aug4_la_no.npz,E4_S01_A_FALL_STD_B_T007.csv,train,FALL_STD_B,1,4,4,large_normal,scale1.2737_warp0.97673_off0_snr30.37,0.97673,1.2737,30.37,0,100|300,124,146,22,1.0655,False,pending,aug_onset_disagree(>5)
E4_S01_A_FALL_STD_B_T007__aug5_la_fa.npz,E4_S01_A_FALL_STD_B_T007.csv,train,FALL_STD_B,1,4,5,large_fast,scale1.15604_warp0.77191_off0_snr31.83,0.77191,1.15604,31.83,0,100|300,98,102,4,1.0573,True,use,
E4_S01_A_FALL_STD_B_T008__aug1_sm_fa.npz,E4_S01_A_FALL_STD_B_T008.csv,train,FALL_STD_B,1,4,1,small_fast,scale0.80788_warp0.86447_off0_snr25.84,0.86447,0.80788,25.84,0,100|300,183,183,0,1.0713,True,use,
E4_S01_A_FALL_STD_B_T008__aug0_sm_no.npz,E4_S01_A_FALL_STD_B_T008.csv,train,FALL_STD_B,1,4,0,small_normal,scale0.86286_warp0.9536_off0_snr32.53,0.9536,0.86286,32.53,0,100|300,202,138,-64,1.0695,False,pending,aug_onset_disagree(>5)
E4_S01_A_FALL_STD_B_T008__aug2_me_no.npz,E4_S01_A_FALL_STD_B_T008.csv,train,FALL_STD_B,1,4,2,medium_normal,scale0.99217_warp1.04586_off9_snr27.25,1.04586,0.99217,27.25,9,100|300,213,213,0,1.0648,True,use,
E4_S01_A_FALL_STD_B_T008__aug4_la_no.npz,E4_S01_A_FALL_STD_B_T008.csv,train,FALL_STD_B,1,4,4,large_normal,scale1.17997_warp0.96392_off0_snr30.73,0.96392,1.17997,30.73,0,100|300,204,182,-22,1.0748,False,pending,aug_onset_disagree(>5)
E4_S01_A_FALL_STD_B_T008__aug3_me_fa.npz,E4_S01_A_FALL_STD_B_T008.csv,train,FALL_STD_B,1,4,3,medium_fast,scale1.04816_warp0.88672_off0_snr31.02,0.88672,1.04816,31.02,0,100|300,188,131,-57,1.0495,False,pending,aug_onset_disagree(>10)
E4_S01_A_FALL_STD_B_T008__aug5_la_fa.npz,E4_S01_A_FALL_STD_B_T008.csv,train,FALL_STD_B,1,4,5,large_fast,scale1.13321_warp0.77556_off0_snr28.89,0.77556,1.13321,28.89,0,100|300,164,131,-33,1.0661,False,pending,aug_onset_disagree(>10)
E4_S01_A_FALL_STD_F_T001__aug0_sm_no.npz,E4_S01_A_FALL_STD_F_T001.csv,train,FALL_STD_F,1,4,0,small_normal,scale0.84371_warp0.95973_off0_snr26.61,0.95973,0.84371,26.61,0,100|300,126,133,7,1.0575,False,pending,aug_onset_disagree(>5)
E4_S01_A_FALL_STD_F_T001__aug1_sm_fa.npz,E4_S01_A_FALL_STD_F_T001.csv,train,FALL_STD_F,1,4,1,small_fast,scale0.77605_warp0.7966_off0_snr31.38,0.7966,0.77605,31.38,0,100|300,105,118,13,1.051,False,pending,aug_onset_disagree(>10)
E4_S01_A_FALL_STD_F_T001__aug2_me_no.npz,E4_S01_A_FALL_STD_F_T001.csv,train,FALL_STD_F,1,4,2,medium_normal,scale1.03245_warp1.02091_off4_snr30.6,1.02091,1.03245,30.6,4,100|300,131,144,13,1.0747,False,pending,aug_onset_disagree(>5)
E4_S01_A_FALL_STD_F_T001__aug3_me_fa.npz,E4_S01_A_FALL_STD_F_T001.csv,train,FALL_STD_F,1,4,3,medium_fast,scale0.9941_warp0.87988_off0_snr25.39,0.87988,0.9941,25.39,0,100|300,116,129,13,1.0501,False,pending,aug_onset_disagree(>10)
E4_S01_A_FALL_STD_F_T001__aug4_la_no.npz,E4_S01_A_FALL_STD_F_T001.csv,train,FALL_STD_F,1,4,4,large_normal,scale1.29186_warp1.01959_off3_snr26.75,1.01959,1.29186,26.75,3,100|300,131,149,18,1.0893,False,pending,aug_onset_disagree(>5)
E4_S01_A_FALL_STD_F_T001__aug5_la_fa.npz,E4_S01_A_FALL_STD_F_T001.csv,train,FALL_STD_F,1,4,5,large_fast,scale1.19307_warp0.8727_off0_snr27.03,0.8727,1.19307,27.03,0,100|300,115,129,14,1.0622,False,pending,aug_onset_disagree(>10)
E4_S01_A_FALL_STD_F_T002__aug0_sm_no.npz,E4_S01_A_FALL_STD_F_T002.csv,train,FALL_STD_F,1,4,0,small_normal,scale0.82486_warp0.96068_off0_snr31.73,0.96068,0.82486,31.73,0,100|300,145,147,2,1.0945,True,use,
E4_S01_A_FALL_STD_F_T002__aug1_sm_fa.npz,E4_S01_A_FALL_STD_F_T002.csv,train,FALL_STD_F,1,4,1,small_fast,scale0.76475_warp0.86916_off0_snr28.13,0.86916,0.76475,28.13,0,100|300,131,129,-2,1.0489,True,use,
E4_S01_A_FALL_STD_F_T002__aug2_me_no.npz,E4_S01_A_FALL_STD_F_T002.csv,train,FALL_STD_F,1,4,2,medium_normal,scale0.99978_warp1.00847_off1_snr27.18,1.00847,0.99978,27.18,1,100|300,151,153,2,1.0697,True,use,
E4_S01_A_FALL_STD_F_T002__aug3_me_fa.npz,E4_S01_A_FALL_STD_F_T002.csv,train,FALL_STD_F,1,4,3,medium_fast,scale1.00444_warp0.79668_off0_snr25.53,0.79668,1.00444,25.53,0,100|300,120,121,1,1.0737,True,use,
E4_S01_A_FALL_STD_F_T002__aug4_la_no.npz,E4_S01_A_FALL_STD_F_T002.csv,train,FALL_STD_F,1,4,4,large_normal,scale1.19423_warp0.99269_off0_snr34.27,0.99269,1.19423,34.27,0,100|300,150,119,-31,1.0611,False,pending,aug_onset_disagree(>5)
E4_S01_A_FALL_STD_F_T002__aug5_la_fa.npz,E4_S01_A_FALL_STD_F_T002.csv,train,FALL_STD_F,1,4,5,large_fast,scale1.2533_warp0.84728_off0_snr34.33,0.84728,1.2533,34.33,0,100|300,128,117,-11,1.0673,False,pending,aug_onset_disagree(>10)
E4_S01_A_FALL_STD_F_T005__aug0_sm_no.npz,E4_S01_A_FALL_STD_F_T005.csv,train,FALL_STD_F,1,4,0,small_normal,scale0.89347_warp0.99654_off0_snr32.17,0.99654,0.89347,32.17,0,100|300,111,120,9,1.1066,False,pending,aug_onset_disagree(>5)
E4_S01_A_FALL_STD_F_T005__aug1_sm_fa.npz,E4_S01_A_FALL_STD_F_T005.csv,train,FALL_STD_F,1,4,1,small_fast,scale0.89096_warp0.81836_off0_snr34.86,0.81836,0.89096,34.86,0,100|300,92,100,8,1.1197,True,use,
E4_S01_A_FALL_STD_F_T005__aug2_me_no.npz,E4_S01_A_FALL_STD_F_T005.csv,train,FALL_STD_F,1,4,2,medium_normal,scale0.98833_warp0.98487_off0_snr33.98,0.98487,0.98833,33.98,0,100|300,110,107,-3,1.1004,True,use,
E4_S01_A_FALL_STD_F_T005__aug3_me_fa.npz,E4_S01_A_FALL_STD_F_T005.csv,train,FALL_STD_F,1,4,3,medium_fast,scale1.01248_warp0.87451_off0_snr29.78,0.87451,1.01248,29.78,0,100|300,98,103,5,1.0647,True,use,
E4_S01_A_FALL_STD_F_T005__aug4_la_no.npz,E4_S01_A_FALL_STD_F_T005.csv,train,FALL_STD_F,1,4,4,large_normal,scale1.23207_warp1.03967_off7_snr33.16,1.03967,1.23207,33.16,7,100|300,109,116,7,1.0502,False,pending,aug_onset_disagree(>5)
E4_S01_A_FALL_STD_F_T005__aug5_la_fa.npz,E4_S01_A_FALL_STD_F_T005.csv,train,FALL_STD_F,1,4,5,large_fast,scale1.16229_warp0.78033_off0_snr32.34,0.78033,1.16229,32.34,0,100|300,87,100,13,1.1275,False,pending,aug_onset_disagree(>10)
E4_S01_A_FALL_STD_F_T007__aug0_sm_no.npz,E4_S01_A_FALL_STD_F_T007.csv,train,FALL_STD_F,1,4,0,small_normal,scale0.81759_warp0.98234_off0_snr25.14,0.98234,0.81759,25.14,0,100|300,105,104,-1,1.0786,True,use,
E4_S01_A_FALL_STD_F_T007__aug1_sm_fa.npz,E4_S01_A_FALL_STD_F_T007.csv,train,FALL_STD_F,1,4,1,small_fast,scale0.80563_warp0.86161_off0_snr29.21,0.86161,0.80563,29.21,0,100|300,92,113,21,1.1291,False,pending,aug_onset_disagree(>10)
E4_S01_A_FALL_STD_F_T007__aug2_me_no.npz,E4_S01_A_FALL_STD_F_T007.csv,train,FALL_STD_F,1,4,2,medium_normal,scale0.96359_warp1.02711_off5_snr29.59,1.02711,0.96359,29.59,5,100|300,105,106,1,1.1018,True,use,
E4_S01_A_FALL_STD_F_T007__aug3_me_fa.npz,E4_S01_A_FALL_STD_F_T007.csv,train,FALL_STD_F,1,4,3,medium_fast,scale0.99862_warp0.80288_off0_snr33.36,0.80288,0.99862,33.36,0,100|300,86,104,18,1.1505,False,pending,aug_onset_disagree(>10)
E4_S01_A_FALL_STD_F_T007__aug4_la_no.npz,E4_S01_A_FALL_STD_F_T007.csv,train,FALL_STD_F,1,4,4,large_normal,scale1.26591_warp1.02162_off4_snr31.53,1.02162,1.26591,31.53,4,100|300,105,102,-3,1.0895,True,use,
E4_S01_A_FALL_STD_F_T007__aug5_la_fa.npz,E4_S01_A_FALL_STD_F_T007.csv,train,FALL_STD_F,1,4,5,large_fast,scale1.1408_warp0.83451_off0_snr34.88,0.83451,1.1408,34.88,0,100|300,89,106,17,1.1704,False,pending,aug_onset_disagree(>10)
E4_S01_A_FALL_STD_F_T008__aug0_sm_no.npz,E4_S01_A_FALL_STD_F_T008.csv,train,FALL_STD_F,1,4,0,small_normal,scale0.84208_warp0.95045_off0_snr29.98,0.95045,0.84208,29.98,0,100|300,182,108,-74,1.1304,False,pending,aug_onset_disagree(>5)
E4_S01_A_FALL_STD_F_T008__aug1_sm_fa.npz,E4_S01_A_FALL_STD_F_T008.csv,train,FALL_STD_F,1,4,1,small_fast,scale0.7527_warp0.81089_off0_snr34.52,0.81089,0.7527,34.52,0,100|300,155,131,-24,1.2238,False,pending,aug_onset_disagree(>10)
E4_S01_A_FALL_STD_F_T008__aug2_me_no.npz,E4_S01_A_FALL_STD_F_T008.csv,train,FALL_STD_F,1,4,2,medium_normal,scale1.02865_warp0.95229_off0_snr30.89,0.95229,1.02865,30.89,0,100|300,182,107,-75,1.1106,False,pending,aug_onset_disagree(>5)
E4_S01_A_FALL_STD_F_T008__aug3_me_fa.npz,E4_S01_A_FALL_STD_F_T008.csv,train,FALL_STD_F,1,4,3,medium_fast,scale1.04084_warp0.78424_off0_snr32.63,0.78424,1.04084,32.63,0,100|300,150,126,,1.3335,False,pending,baseline_noise_high
E4_S01_A_FALL_STD_F_T008__aug4_la_no.npz,E4_S01_A_FALL_STD_F_T008.csv,train,FALL_STD_F,1,4,4,large_normal,scale1.21137_warp1.01458_off2_snr25.8,1.01458,1.21137,25.8,2,100|300,192,102,-90,1.1008,False,pending,aug_onset_disagree(>5)
E4_S02_A_FALL_SIT_B_T003__aug0_sm_no.npz,E4_S02_A_FALL_SIT_B_T003.csv,train,FALL_SIT_B,2,4,0,small_normal,scale0.79949_warp0.97307_off0_snr34.82,0.97307,0.79949,34.82,0,100|300,102,100,-2,1.07,True,use,
E4_S01_A_FALL_STD_F_T008__aug5_la_fa.npz,E4_S01_A_FALL_STD_F_T008.csv,train,FALL_STD_F,1,4,5,large_fast,scale1.29452_warp0.84968_off0_snr30.22,0.84968,1.29452,30.22,0,100|300,163,121,-42,1.1906,False,pending,aug_onset_disagree(>10)
E4_S02_A_FALL_SIT_B_T003__aug1_sm_fa.npz,E4_S02_A_FALL_SIT_B_T003.csv,train,FALL_SIT_B,2,4,1,small_fast,scale0.86238_warp0.81855_off0_snr25.76,0.81855,0.86238,25.76,0,100|300,86,100,14,1.0555,False,pending,aug_onset_disagree(>10)
E4_S02_A_FALL_SIT_B_T003__aug3_me_fa.npz,E4_S02_A_FALL_SIT_B_T003.csv,train,FALL_SIT_B,2,4,3,medium_fast,scale0.97388_warp0.7648_off0_snr26.31,0.7648,0.97388,26.31,0,100|300,80,104,24,1.086,False,pending,aug_onset_disagree(>10)
E4_S02_A_FALL_SIT_B_T003__aug2_me_no.npz,E4_S02_A_FALL_SIT_B_T003.csv,train,FALL_SIT_B,2,4,2,medium_normal,scale1.01708_warp0.96127_off0_snr27.12,0.96127,1.01708,27.12,0,100|300,101,113,12,1.0504,False,pending,aug_onset_disagree(>5)
E4_S02_A_FALL_SIT_B_T003__aug4_la_no.npz,E4_S02_A_FALL_SIT_B_T003.csv,train,FALL_SIT_B,2,4,4,large_normal,scale1.24218_warp1.0136_off2_snr29.83,1.0136,1.24218,29.83,2,100|300,104,120,16,1.0754,False,pending,aug_onset_disagree(>5)
E4_S02_A_FALL_SIT_B_T003__aug5_la_fa.npz,E4_S02_A_FALL_SIT_B_T003.csv,train,FALL_SIT_B,2,4,5,large_fast,scale1.26312_warp0.75154_off0_snr33.89,0.75154,1.26312,33.89,0,100|300,79,100,21,1.2649,False,pending,aug_onset_disagree(>10)
E4_S02_A_FALL_SIT_B_T004__aug0_sm_no.npz,E4_S02_A_FALL_SIT_B_T004.csv,train,FALL_SIT_B,2,4,0,small_normal,scale0.85052_warp0.96024_off0_snr25.18,0.96024,0.85052,25.18,0,100|300,216,100,-116,1.069,False,pending,aug_onset_disagree(>5)
E4_S02_A_FALL_SIT_B_T004__aug1_sm_fa.npz,E4_S02_A_FALL_SIT_B_T004.csv,train,FALL_SIT_B,2,4,1,small_fast,scale0.80896_warp0.76714_off0_snr29.74,0.76714,0.80896,29.74,0,100|300,172,106,-66,1.2252,False,pending,aug_onset_disagree(>10)
E4_S02_A_FALL_SIT_B_T004__aug3_me_fa.npz,E4_S02_A_FALL_SIT_B_T004.csv,train,FALL_SIT_B,2,4,3,medium_fast,scale0.97048_warp0.77068_off0_snr26.4,0.77068,0.97048,26.4,0,100|300,173,112,-61,1.2469,False,pending,aug_onset_disagree(>10)
E4_S02_A_FALL_SIT_B_T004__aug2_me_no.npz,E4_S02_A_FALL_SIT_B_T004.csv,train,FALL_SIT_B,2,4,2,medium_normal,scale1.02758_warp0.99013_off0_snr30.73,0.99013,1.02758,30.73,0,100|300,223,100,-123,1.1112,False,pending,aug_onset_disagree(>5)
E4_S02_A_FALL_SIT_B_T004__aug4_la_no.npz,E4_S02_A_FALL_SIT_B_T004.csv,train,FALL_SIT_B,2,4,4,large_normal,scale1.20565_warp0.96955_off0_snr25.88,0.96955,1.20565,25.88,0,100|300,218,100,-118,1.1261,False,pending,aug_onset_disagree(>5)
E4_S02_A_FALL_SIT_B_T004__aug5_la_fa.npz,E4_S02_A_FALL_SIT_B_T004.csv,train,FALL_SIT_B,2,4,5,large_fast,scale1.22674_warp0.83455_off0_snr27.43,0.83455,1.22674,27.43,0,100|300,187,118,-69,1.212,False,pending,aug_onset_disagree(>10)
E4_S02_A_FALL_SIT_B_T008__aug0_sm_no.npz,E4_S02_A_FALL_SIT_B_T008.csv,train,FALL_SIT_B,2,4,0,small_normal,scale0.7758_warp0.95448_off0_snr25.12,0.95448,0.7758,25.12,0,100|300,137,106,-31,1.0738,False,pending,aug_onset_disagree(>5)
E4_S02_A_FALL_SIT_B_T008__aug1_sm_fa.npz,E4_S02_A_FALL_SIT_B_T008.csv,train,FALL_SIT_B,2,4,1,small_fast,scale0.8542_warp0.79185_off0_snr33.82,0.79185,0.8542,33.82,0,100|300,114,113,-1,1.1358,True,use,
E4_S02_A_FALL_SIT_B_T008__aug2_me_no.npz,E4_S02_A_FALL_SIT_B_T008.csv,train,FALL_SIT_B,2,4,2,medium_normal,scale0.96247_warp1.02594_off5_snr32.3,1.02594,0.96247,32.3,5,100|300,143,109,-34,1.1266,False,pending,aug_onset_disagree(>5)
E4_S02_A_FALL_SIT_B_T008__aug3_me_fa.npz,E4_S02_A_FALL_SIT_B_T008.csv,train,FALL_SIT_B,2,4,3,medium_fast,scale1.02241_warp0.8665_off0_snr30.59,0.8665,1.02241,30.59,0,100|300,125,,,1.0821,False,pending,rise_not_found
E4_S02_A_FALL_SIT_B_T008__aug4_la_no.npz,E4_S02_A_FALL_SIT_B_T008.csv,train,FALL_SIT_B,2,4,4,large_normal,scale1.24136_warp0.9555_off0_snr30.65,0.9555,1.24136,30.65,0,100|300,138,107,-31,1.0912,False,pending,aug_onset_disagree(>5)
E4_S02_A_FALL_SIT_B_T008__aug5_la_fa.npz,E4_S02_A_FALL_SIT_B_T008.csv,train,FALL_SIT_B,2,4,5,large_fast,scale1.11741_warp0.77898_off0_snr30.38,0.77898,1.11741,30.38,0,100|300,112,111,-1,1.1831,True,use,
E4_S02_A_FALL_SIT_B_T009__aug0_sm_no.npz,E4_S02_A_FALL_SIT_B_T009.csv,train,FALL_SIT_B,2,4,0,small_normal,scale0.84743_warp0.99786_off0_snr32.47,0.99786,0.84743,32.47,0,100|300,106,141,35,1.0528,False,pending,aug_onset_disagree(>5)
E4_S02_A_FALL_SIT_B_T009__aug1_sm_fa.npz,E4_S02_A_FALL_SIT_B_T009.csv,train,FALL_SIT_B,2,4,1,small_fast,scale0.85018_warp0.87651_off0_snr26.7,0.87651,0.85018,26.7,0,100|300,93,121,28,1.0819,False,pending,aug_onset_disagree(>10)
E4_S02_A_FALL_SIT_B_T009__aug2_me_no.npz,E4_S02_A_FALL_SIT_B_T009.csv,train,FALL_SIT_B,2,4,2,medium_normal,scale0.99149_warp1.00526_off1_snr34.1,1.00526,0.99149,34.1,1,100|300,106,138,32,1.0706,False,pending,aug_onset_disagree(>5)
E4_S02_A_FALL_SIT_B_T009__aug3_me_fa.npz,E4_S02_A_FALL_SIT_B_T009.csv,train,FALL_SIT_B,2,4,3,medium_fast,scale0.95623_warp0.83337_off0_snr28.68,0.83337,0.95623,28.68,0,100|300,88,118,30,1.0742,False,pending,aug_onset_disagree(>10)
E4_S02_A_FALL_SIT_B_T009__aug4_la_no.npz,E4_S02_A_FALL_SIT_B_T009.csv,train,FALL_SIT_B,2,4,4,large_normal,scale1.21029_warp0.97541_off0_snr29.66,0.97541,1.21029,29.66,0,100|300,103,104,1,1.0759,True,use,
E4_S02_A_FALL_SIT_B_T009__aug5_la_fa.npz,E4_S02_A_FALL_SIT_B_T009.csv,train,FALL_SIT_B,2,4,5,large_fast,scale1.19999_warp0.75141_off0_snr34.47,0.75141,1.19999,34.47,0,100|300,79,105,26,1.1185,False,pending,aug_onset_disagree(>10)
E4_S02_A_FALL_SIT_F_T002__aug0_sm_no.npz,E4_S02_A_FALL_SIT_F_T002.csv,train,FALL_SIT_F,2,4,0,small_normal,scale0.8408_warp1.03252_off6_snr27.82,1.03252,0.8408,27.82,6,100|300,109,113,4,1.0535,True,use,
E4_S02_A_FALL_SIT_F_T002__aug1_sm_fa.npz,E4_S02_A_FALL_SIT_F_T002.csv,train,FALL_SIT_F,2,4,1,small_fast,scale0.80716_warp0.81748_off0_snr27.06,0.81748,0.80716,27.06,0,100|300,90,100,10,1.0792,True,use,
E4_S02_A_FALL_SIT_F_T002__aug2_me_no.npz,E4_S02_A_FALL_SIT_F_T002.csv,train,FALL_SIT_F,2,4,2,medium_normal,scale1.03537_warp0.97033_off0_snr33.58,0.97033,1.03537,33.58,0,100|300,108,159,51,1.068,False,pending,aug_onset_disagree(>5)
E4_S02_A_FALL_SIT_F_T002__aug3_me_fa.npz,E4_S02_A_FALL_SIT_F_T002.csv,train,FALL_SIT_F,2,4,3,medium_fast,scale0.99282_warp0.85457_off0_snr28.62,0.85457,0.99282,28.62,0,100|300,95,120,25,1.0722,False,pending,aug_onset_disagree(>10)
E4_S02_A_FALL_SIT_F_T002__aug4_la_no.npz,E4_S02_A_FALL_SIT_F_T002.csv,train,FALL_SIT_F,2,4,4,large_normal,scale1.23581_warp0.98931_off0_snr25.3,0.98931,1.23581,25.3,0,100|300,110,139,29,1.0806,False,pending,aug_onset_disagree(>5)
E4_S02_A_FALL_SIT_F_T002__aug5_la_fa.npz,E4_S02_A_FALL_SIT_F_T002.csv,train,FALL_SIT_F,2,4,5,large_fast,scale1.23909_warp0.84075_off0_snr30.45,0.84075,1.23909,30.45,0,100|300,93,140,47,1.1028,False,pending,aug_onset_disagree(>10)
E4_S02_A_FALL_SIT_F_T003__aug0_sm_no.npz,E4_S02_A_FALL_SIT_F_T003.csv,train,FALL_SIT_F,2,4,0,small_normal,scale0.83026_warp0.96682_off0_snr25.54,0.96682,0.83026,25.54,0,100|300,125,161,36,1.0453,False,pending,aug_onset_disagree(>5)
E4_S02_A_FALL_SIT_F_T003__aug2_me_no.npz,E4_S02_A_FALL_SIT_F_T003.csv,train,FALL_SIT_F,2,4,2,medium_normal,scale1.00586_warp0.95017_off0_snr27.79,0.95017,1.00586,27.79,0,100|300,123,127,4,1.082,True,use,
E4_S02_A_FALL_SIT_F_T003__aug1_sm_fa.npz,E4_S02_A_FALL_SIT_F_T003.csv,train,FALL_SIT_F,2,4,1,small_fast,scale0.81125_warp0.76426_off0_snr26.52,0.76426,0.81125,26.52,0,100|300,99,100,1,1.0676,True,use,
E4_S02_A_FALL_SIT_F_T003__aug3_me_fa.npz,E4_S02_A_FALL_SIT_F_T003.csv,train,FALL_SIT_F,2,4,3,medium_fast,scale1.02517_warp0.80101_off0_snr31.73,0.80101,1.02517,31.73,0,100|300,104,105,1,1.0878,True,use,
E4_S02_A_FALL_SIT_F_T003__aug4_la_no.npz,E4_S02_A_FALL_SIT_F_T003.csv,train,FALL_SIT_F,2,4,4,large_normal,scale1.14082_warp0.9712_off0_snr29.17,0.9712,1.14082,29.17,0,100|300,126,126,0,1.0835,True,use,
E4_S02_A_FALL_SIT_F_T004__aug0_sm_no.npz,E4_S02_A_FALL_SIT_F_T004.csv,train,FALL_SIT_F,2,4,0,small_normal,scale0.79449_warp1.00641_off1_snr31.06,1.00641,0.79449,31.06,1,100|300,129,141,12,1.0752,False,pending,aug_onset_disagree(>5)
E4_S02_A_FALL_SIT_F_T003__aug5_la_fa.npz,E4_S02_A_FALL_SIT_F_T003.csv,train,FALL_SIT_F,2,4,5,large_fast,scale1.16571_warp0.76322_off0_snr32.36,0.76322,1.16571,32.36,0,100|300,99,100,1,1.0765,True,use,
E4_S02_A_FALL_SIT_F_T004__aug1_sm_fa.npz,E4_S02_A_FALL_SIT_F_T004.csv,train,FALL_SIT_F,2,4,1,small_fast,scale0.80205_warp0.76821_off0_snr32.15,0.76821,0.80205,32.15,0,100|300,99,103,4,1.0606,True,use,
E4_S02_A_FALL_SIT_F_T004__aug2_me_no.npz,E4_S02_A_FALL_SIT_F_T004.csv,train,FALL_SIT_F,2,4,2,medium_normal,scale1.01822_warp0.95419_off0_snr28.42,0.95419,1.01822,28.42,0,100|300,123,134,11,1.0771,False,pending,aug_onset_disagree(>5)
E4_S02_A_FALL_SIT_F_T004__aug3_me_fa.npz,E4_S02_A_FALL_SIT_F_T004.csv,train,FALL_SIT_F,2,4,3,medium_fast,scale0.96915_warp0.89981_off0_snr25.68,0.89981,0.96915,25.68,0,100|300,116,126,10,1.0472,True,use,
E4_S02_A_FALL_SIT_F_T004__aug4_la_no.npz,E4_S02_A_FALL_SIT_F_T004.csv,train,FALL_SIT_F,2,4,4,large_normal,scale1.111_warp0.98437_off0_snr28.91,0.98437,1.111,28.91,0,100|300,127,141,14,1.0711,False,pending,aug_onset_disagree(>5)
E4_S02_A_FALL_SIT_F_T004__aug5_la_fa.npz,E4_S02_A_FALL_SIT_F_T004.csv,train,FALL_SIT_F,2,4,5,large_fast,scale1.26895_warp0.82214_off0_snr32.92,0.82214,1.26895,32.92,0,100|300,106,100,-6,1.0554,True,use,
E4_S02_A_FALL_SIT_F_T007__aug0_sm_no.npz,E4_S02_A_FALL_SIT_F_T007.csv,train,FALL_SIT_F,2,4,0,small_normal,scale0.77527_warp0.98842_off0_snr27.02,0.98842,0.77527,27.02,0,100|300,111,116,5,1.127,True,use,
E4_S02_A_FALL_SIT_F_T007__aug1_sm_fa.npz,E4_S02_A_FALL_SIT_F_T007.csv,train,FALL_SIT_F,2,4,1,small_fast,scale0.8413_warp0.88073_off0_snr27.71,0.88073,0.8413,27.71,0,100|300,99,102,3,1.0472,True,use,
E4_S02_A_FALL_SIT_F_T007__aug2_me_no.npz,E4_S02_A_FALL_SIT_F_T007.csv,train,FALL_SIT_F,2,4,2,medium_normal,scale0.95161_warp0.96392_off0_snr32.38,0.96392,0.95161,32.38,0,100|300,108,112,4,1.1029,True,use,
E4_S02_A_FALL_SIT_F_T007__aug3_me_fa.npz,E4_S02_A_FALL_SIT_F_T007.csv,train,FALL_SIT_F,2,4,3,medium_fast,scale0.95965_warp0.81717_off0_snr31.97,0.81717,0.95965,31.97,0,100|300,91,100,9,1.0832,True,use,
E4_S02_A_FALL_SIT_F_T007__aug4_la_no.npz,E4_S02_A_FALL_SIT_F_T007.csv,train,FALL_SIT_F,2,4,4,large_normal,scale1.22089_warp1.00274_off0_snr28.39,1.00274,1.22089,28.39,0,100|300,112,118,6,1.0615,False,pending,aug_onset_disagree(>5)
E4_S02_A_FALL_SIT_F_T009__aug0_sm_no.npz,E4_S02_A_FALL_SIT_F_T009.csv,train,FALL_SIT_F,2,4,0,small_normal,scale0.78757_warp0.98428_off0_snr34.06,0.98428,0.78757,34.06,0,100|300,135,162,27,1.0654,False,pending,aug_onset_disagree(>5)
E4_S02_A_FALL_SIT_F_T007__aug5_la_fa.npz,E4_S02_A_FALL_SIT_F_T007.csv,train,FALL_SIT_F,2,4,5,large_fast,scale1.27396_warp0.75804_off0_snr34.52,0.75804,1.27396,34.52,0,100|300,85,127,42,1.2292,False,pending,aug_onset_disagree(>10)
E4_S02_A_FALL_SIT_F_T009__aug1_sm_fa.npz,E4_S02_A_FALL_SIT_F_T009.csv,train,FALL_SIT_F,2,4,1,small_fast,scale0.89561_warp0.89426_off0_snr32.26,0.89426,0.89561,32.26,0,100|300,122,122,0,1.0462,True,use,
E4_S02_A_FALL_SIT_F_T009__aug2_me_no.npz,E4_S02_A_FALL_SIT_F_T009.csv,train,FALL_SIT_F,2,4,2,medium_normal,scale0.95491_warp0.97403_off0_snr28.21,0.97403,0.95491,28.21,0,100|300,133,135,2,1.0616,True,use,
E4_S02_A_FALL_SIT_F_T009__aug4_la_no.npz,E4_S02_A_FALL_SIT_F_T009.csv,train,FALL_SIT_F,2,4,4,large_normal,scale1.23256_warp1.00672_off1_snr32.07,1.00672,1.23256,32.07,1,100|300,137,167,30,1.1391,False,pending,aug_onset_disagree(>5)
E4_S02_A_FALL_SIT_F_T009__aug3_me_fa.npz,E4_S02_A_FALL_SIT_F_T009.csv,train,FALL_SIT_F,2,4,3,medium_fast,scale0.98673_warp0.87813_off0_snr28.98,0.87813,0.98673,28.98,0,100|300,120,123,3,1.0546,True,use,
E4_S02_A_FALL_SIT_F_T009__aug5_la_fa.npz,E4_S02_A_FALL_SIT_F_T009.csv,train,FALL_SIT_F,2,4,5,large_fast,scale1.16225_warp0.81581_off0_snr27.14,0.81581,1.16225,27.14,0,100|300,112,114,2,1.0539,True,use,
E4_S02_A_FALL_STD_B_T001__aug0_sm_no.npz,E4_S02_A_FALL_STD_B_T001.csv,train,FALL_STD_B,2,4,0,small_normal,scale0.88264_warp0.9741_off0_snr28.29,0.9741,0.88264,28.29,0,100|300,159,104,-55,1.0685,False,pending,aug_onset_disagree(>5)
E4_S02_A_FALL_STD_B_T001__aug1_sm_fa.npz,E4_S02_A_FALL_STD_B_T001.csv,train,FALL_STD_B,2,4,1,small_fast,scale0.78434_warp0.76037_off0_snr28.99,0.76037,0.78434,28.99,0,100|300,124,127,3,1.0821,True,use,
E4_S02_A_FALL_STD_B_T001__aug2_me_no.npz,E4_S02_A_FALL_STD_B_T001.csv,train,FALL_STD_B,2,4,2,medium_normal,scale0.95875_warp0.99656_off0_snr29.96,0.99656,0.95875,29.96,0,100|300,162,166,4,1.0982,True,use,
E4_S02_A_FALL_STD_B_T001__aug3_me_fa.npz,E4_S02_A_FALL_STD_B_T001.csv,train,FALL_STD_B,2,4,3,medium_fast,scale1.01878_warp0.78583_off0_snr25.74,0.78583,1.01878,25.74,0,100|300,128,130,2,1.0976,True,use,
E4_S02_A_FALL_STD_B_T001__aug4_la_no.npz,E4_S02_A_FALL_STD_B_T001.csv,train,FALL_STD_B,2,4,4,large_normal,scale1.14964_warp1.02577_off5_snr30.53,1.02577,1.14964,30.53,5,100|300,162,104,-58,1.0924,False,pending,aug_onset_disagree(>5)
E4_S02_A_FALL_STD_B_T002__aug0_sm_no.npz,E4_S02_A_FALL_STD_B_T002.csv,train,FALL_STD_B,2,4,0,small_normal,scale0.78665_warp0.95314_off0_snr34.88,0.95314,0.78665,34.88,0,100|300,170,137,-33,1.1057,False,pending,aug_onset_disagree(>5)
E4_S02_A_FALL_STD_B_T001__aug5_la_fa.npz,E4_S02_A_FALL_STD_B_T001.csv,train,FALL_STD_B,2,4,5,large_fast,scale1.27173_warp0.84661_off0_snr26.91,0.84661,1.27173,26.91,0,100|300,138,141,3,1.1598,True,use,
E4_S02_A_FALL_STD_B_T002__aug1_sm_fa.npz,E4_S02_A_FALL_STD_B_T002.csv,train,FALL_STD_B,2,4,1,small_fast,scale0.85784_warp0.76377_off0_snr31.76,0.76377,0.85784,31.76,0,100|300,136,110,-26,1.0983,False,pending,aug_onset_disagree(>10)
E4_S02_A_FALL_STD_B_T002__aug2_me_no.npz,E4_S02_A_FALL_STD_B_T002.csv,train,FALL_STD_B,2,4,2,medium_normal,scale0.95567_warp0.95936_off0_snr30.65,0.95936,0.95567,30.65,0,100|300,170,220,50,1.0953,False,pending,aug_onset_disagree(>5)
E4_S02_A_FALL_STD_B_T002__aug4_la_no.npz,E4_S02_A_FALL_STD_B_T002.csv,train,FALL_STD_B,2,4,4,large_normal,scale1.27043_warp0.95982_off0_snr28.83,0.95982,1.27043,28.83,0,100|300,170,132,-38,1.0683,False,pending,aug_onset_disagree(>5)
E4_S02_A_FALL_STD_B_T002__aug3_me_fa.npz,E4_S02_A_FALL_STD_B_T002.csv,train,FALL_STD_B,2,4,3,medium_fast,scale1.01138_warp0.83177_off0_snr32.46,0.83177,1.01138,32.46,0,100|300,148,115,-33,1.0828,False,pending,aug_onset_disagree(>10)
E4_S02_A_FALL_STD_B_T002__aug5_la_fa.npz,E4_S02_A_FALL_STD_B_T002.csv,train,FALL_STD_B,2,4,5,large_fast,scale1.25589_warp0.77678_off0_snr28.36,0.77678,1.25589,28.36,0,100|300,138,138,0,1.0686,True,use,
E4_S02_A_FALL_STD_B_T003__aug0_sm_no.npz,E4_S02_A_FALL_STD_B_T003.csv,train,FALL_STD_B,2,4,0,small_normal,scale0.83378_warp0.95181_off0_snr28.28,0.95181,0.83378,28.28,0,100|300,139,180,41,1.0562,False,pending,aug_onset_disagree(>5)
E4_S02_A_FALL_STD_B_T003__aug1_sm_fa.npz,E4_S02_A_FALL_STD_B_T003.csv,train,FALL_STD_B,2,4,1,small_fast,scale0.76368_warp0.87897_off0_snr27.82,0.87897,0.76368,27.82,0,100|300,128,177,49,1.0588,False,pending,aug_onset_disagree(>10)
E4_S02_A_FALL_STD_B_T003__aug2_me_no.npz,E4_S02_A_FALL_STD_B_T003.csv,train,FALL_STD_B,2,4,2,medium_normal,scale0.96133_warp0.99981_off0_snr26.36,0.99981,0.96133,26.36,0,100|300,146,228,82,1.0715,False,pending,aug_onset_disagree(>5)
E4_S02_A_FALL_STD_B_T003__aug3_me_fa.npz,E4_S02_A_FALL_STD_B_T003.csv,train,FALL_STD_B,2,4,3,medium_fast,scale1.03649_warp0.85312_off0_snr29.36,0.85312,1.03649,29.36,0,100|300,124,108,-16,1.0819,False,pending,aug_onset_disagree(>10)
E4_S02_A_FALL_STD_B_T003__aug4_la_no.npz,E4_S02_A_FALL_STD_B_T003.csv,train,FALL_STD_B,2,4,4,large_normal,scale1.18046_warp0.9567_off0_snr28.98,0.9567,1.18046,28.98,0,100|300,139,189,50,1.0731,False,pending,aug_onset_disagree(>5)
E4_S02_A_FALL_STD_B_T003__aug5_la_fa.npz,E4_S02_A_FALL_STD_B_T003.csv,train,FALL_STD_B,2,4,5,large_fast,scale1.29778_warp0.80115_off0_snr33.39,0.80115,1.29778,33.39,0,100|300,117,183,66,1.085,False,pending,aug_onset_disagree(>10)
E4_S02_A_FALL_STD_B_T004__aug0_sm_no.npz,E4_S02_A_FALL_STD_B_T004.csv,train,FALL_STD_B,2,4,0,small_normal,scale0.84333_warp0.96985_off0_snr32.39,0.96985,0.84333,32.39,0,100|300,125,123,-2,1.0764,True,use,
E4_S02_A_FALL_STD_B_T004__aug1_sm_fa.npz,E4_S02_A_FALL_STD_B_T004.csv,train,FALL_STD_B,2,4,1,small_fast,scale0.79997_warp0.83572_off0_snr31.07,0.83572,0.79997,31.07,0,100|300,108,126,18,1.0692,False,pending,aug_onset_disagree(>10)
E4_S02_A_FALL_STD_B_T004__aug2_me_no.npz,E4_S02_A_FALL_STD_B_T004.csv,train,FALL_STD_B,2,4,2,medium_normal,scale1.03906_warp0.98921_off0_snr27.62,0.98921,1.03906,27.62,0,100|300,127,153,26,1.0996,False,pending,aug_onset_disagree(>5)
E4_S02_A_FALL_STD_B_T004__aug3_me_fa.npz,E4_S02_A_FALL_STD_B_T004.csv,train,FALL_STD_B,2,4,3,medium_fast,scale0.98409_warp0.88046_off0_snr33.65,0.88046,0.98409,33.65,0,100|300,113,115,2,1.0705,True,use,
E4_S02_A_FALL_STD_B_T004__aug4_la_no.npz,E4_S02_A_FALL_STD_B_T004.csv,train,FALL_STD_B,2,4,4,large_normal,scale1.19083_warp0.96394_off0_snr29.43,0.96394,1.19083,29.43,0,100|300,124,125,1,1.1009,True,use,
E4_S02_A_FALL_STD_B_T004__aug5_la_fa.npz,E4_S02_A_FALL_STD_B_T004.csv,train,FALL_STD_B,2,4,5,large_fast,scale1.10109_warp0.8235_off0_snr31.81,0.8235,1.10109,31.81,0,100|300,106,136,30,1.0764,False,pending,aug_onset_disagree(>10)
E4_S02_A_FALL_STD_B_T006__aug0_sm_no.npz,E4_S02_A_FALL_STD_B_T006.csv,train,FALL_STD_B,2,4,0,small_normal,scale0.88013_warp1.00272_off0_snr30.06,1.00272,0.88013,30.06,0,100|300,114,120,6,1.0562,False,pending,aug_onset_disagree(>5)
E4_S02_A_FALL_STD_B_T006__aug2_me_no.npz,E4_S02_A_FALL_STD_B_T006.csv,train,FALL_STD_B,2,4,2,medium_normal,scale1.03439_warp0.97495_off0_snr33.46,0.97495,1.03439,33.46,0,100|300,111,114,3,1.0538,True,use,
E4_S02_A_FALL_STD_B_T006__aug1_sm_fa.npz,E4_S02_A_FALL_STD_B_T006.csv,train,FALL_STD_B,2,4,1,small_fast,scale0.78701_warp0.82335_off0_snr25.21,0.82335,0.78701,25.21,0,100|300,94,108,14,1.0556,False,pending,aug_onset_disagree(>10)
E4_S02_A_FALL_STD_B_T006__aug3_me_fa.npz,E4_S02_A_FALL_STD_B_T006.csv,train,FALL_STD_B,2,4,3,medium_fast,scale0.96387_warp0.89071_off0_snr32.27,0.89071,0.96387,32.27,0,100|300,101,103,2,1.0668,True,use,
E4_S02_A_FALL_STD_B_T006__aug4_la_no.npz,E4_S02_A_FALL_STD_B_T006.csv,train,FALL_STD_B,2,4,4,large_normal,scale1.29308_warp0.9716_off0_snr26.15,0.9716,1.29308,26.15,0,100|300,111,126,15,1.0907,False,pending,aug_onset_disagree(>5)
E4_S02_A_FALL_STD_B_T006__aug5_la_fa.npz,E4_S02_A_FALL_STD_B_T006.csv,train,FALL_STD_B,2,4,5,large_fast,scale1.25063_warp0.87313_off0_snr33.89,0.87313,1.25063,33.89,0,100|300,99,102,3,1.0757,True,use,
E4_S02_A_FALL_STD_B_T007__aug0_sm_no.npz,E4_S02_A_FALL_STD_B_T007.csv,train,FALL_STD_B,2,4,0,small_normal,scale0.85872_warp1.01996_off3_snr32.51,1.01996,0.85872,32.51,3,100|300,100,100,0,1.0748,True,use,
E4_S02_A_FALL_STD_B_T007__aug1_sm_fa.npz,E4_S02_A_FALL_STD_B_T007.csv,train,FALL_STD_B,2,4,1,small_fast,scale0.88372_warp0.89407_off0_snr33.88,0.89407,0.88372,33.88,0,100|300,90,100,10,1.1875,True,use,
E4_S02_A_FALL_STD_B_T007__aug2_me_no.npz,E4_S02_A_FALL_STD_B_T007.csv,train,FALL_STD_B,2,4,2,medium_normal,scale0.95237_warp0.98523_off0_snr34.95,0.98523,0.95237,34.95,0,100|300,99,101,2,1.0996,True,use,
E4_S02_A_FALL_STD_B_T007__aug3_me_fa.npz,E4_S02_A_FALL_STD_B_T007.csv,train,FALL_STD_B,2,4,3,medium_fast,scale0.95231_warp0.86207_off0_snr31.03,0.86207,0.95231,31.03,0,100|300,87,192,105,1.1345,False,pending,aug_onset_disagree(>10)
E4_S02_A_FALL_STD_B_T007__aug4_la_no.npz,E4_S02_A_FALL_STD_B_T007.csv,train,FALL_STD_B,2,4,4,large_normal,scale1.16451_warp1.01043_off2_snr28.54,1.01043,1.16451,28.54,2,100|300,100,100,0,1.1094,True,use,
E4_S02_A_FALL_STD_B_T007__aug5_la_fa.npz,E4_S02_A_FALL_STD_B_T007.csv,train,FALL_STD_B,2,4,5,large_fast,scale1.2099_warp0.78353_off0_snr27.72,0.78353,1.2099,27.72,0,100|300,79,124,45,1.1591,False,pending,aug_onset_disagree(>10)
E4_S02_A_FALL_STD_B_T009__aug0_sm_no.npz,E4_S02_A_FALL_STD_B_T009.csv,train,FALL_STD_B,2,4,0,small_normal,scale0.8489_warp1.01071_off2_snr26.75,1.01071,0.8489,26.75,2,100|300,113,100,-13,1.0665,False,pending,aug_onset_disagree(>5)
E4_S02_A_FALL_STD_B_T009__aug1_sm_fa.npz,E4_S02_A_FALL_STD_B_T009.csv,train,FALL_STD_B,2,4,1,small_fast,scale0.87558_warp0.84029_off0_snr28.49,0.84029,0.87558,28.49,0,100|300,96,100,4,1.2368,True,use,
E4_S02_A_FALL_STD_B_T009__aug2_me_no.npz,E4_S02_A_FALL_STD_B_T009.csv,train,FALL_STD_B,2,4,2,medium_normal,scale0.96266_warp0.992_off0_snr26.84,0.992,0.96266,26.84,0,100|300,113,100,-13,1.119,False,pending,aug_onset_disagree(>5)
E4_S02_A_FALL_STD_B_T009__aug3_me_fa.npz,E4_S02_A_FALL_STD_B_T009.csv,train,FALL_STD_B,2,4,3,medium_fast,scale0.95278_warp0.84996_off0_snr31.23,0.84996,0.95278,31.23,0,100|300,97,100,3,1.2717,True,use,
E4_S02_A_FALL_STD_B_T009__aug4_la_no.npz,E4_S02_A_FALL_STD_B_T009.csv,train,FALL_STD_B,2,4,4,large_normal,scale1.11837_warp0.9735_off0_snr34.57,0.9735,1.11837,34.57,0,100|300,111,100,-11,1.1557,False,pending,aug_onset_disagree(>5)
E4_S02_A_FALL_STD_B_T009__aug5_la_fa.npz,E4_S02_A_FALL_STD_B_T009.csv,train,FALL_STD_B,2,4,5,large_fast,scale1.12374_warp0.88711_off0_snr26.98,0.88711,1.12374,26.98,0,100|300,101,100,-1,1.2943,True,use,
E4_S02_A_FALL_STD_B_T010__aug0_sm_no.npz,E4_S02_A_FALL_STD_B_T010.csv,train,FALL_STD_B,2,4,0,small_normal,scale0.80423_warp1.01865_off3_snr32.45,1.01865,0.80423,32.45,3,100|300,108,175,67,1.101,False,pending,aug_onset_disagree(>5)
E4_S02_A_FALL_STD_B_T010__aug1_sm_fa.npz,E4_S02_A_FALL_STD_B_T010.csv,train,FALL_STD_B,2,4,1,small_fast,scale0.83382_warp0.7755_off0_snr34.34,0.7755,0.83382,34.34,0,100|300,84,115,31,1.0644,False,pending,aug_onset_disagree(>10)
E4_S02_A_FALL_STD_B_T010__aug2_me_no.npz,E4_S02_A_FALL_STD_B_T010.csv,train,FALL_STD_B,2,4,2,medium_normal,scale0.96851_warp0.97019_off0_snr32.96,0.97019,0.96851,32.96,0,100|300,106,168,62,1.1012,False,pending,aug_onset_disagree(>5)
E4_S02_A_FALL_STD_B_T010__aug3_me_fa.npz,E4_S02_A_FALL_STD_B_T010.csv,train,FALL_STD_B,2,4,3,medium_fast,scale0.97952_warp0.87619_off0_snr31.64,0.87619,0.97952,31.64,0,100|300,95,126,31,1.059,False,pending,aug_onset_disagree(>10)
E4_S02_A_FALL_STD_B_T010__aug4_la_no.npz,E4_S02_A_FALL_STD_B_T010.csv,train,FALL_STD_B,2,4,4,large_normal,scale1.2373_warp0.99619_off0_snr33.38,0.99619,1.2373,33.38,0,100|300,108,142,34,1.0648,False,pending,aug_onset_disagree(>5)
E4_S02_A_FALL_STD_B_T010__aug5_la_fa.npz,E4_S02_A_FALL_STD_B_T010.csv,train,FALL_STD_B,2,4,5,large_fast,scale1.14622_warp0.89323_off0_snr32.58,0.89323,1.14622,32.58,0,100|300,97,100,3,1.053,True,use,
E4_S02_A_FALL_STD_F_T001__aug0_sm_no.npz,E4_S02_A_FALL_STD_F_T001.csv,train,FALL_STD_F,2,4,0,small_normal,scale0.87334_warp1.00754_off1_snr28.74,1.00754,0.87334,28.74,1,100|300,143,138,-5,1.0632,True,use,
E4_S02_A_FALL_STD_F_T001__aug1_sm_fa.npz,E4_S02_A_FALL_STD_F_T001.csv,train,FALL_STD_F,2,4,1,small_fast,scale0.8085_warp0.80298_off0_snr30.75,0.80298,0.8085,30.75,0,100|300,115,120,5,1.06,True,use,
E4_S02_A_FALL_STD_F_T001__aug2_me_no.npz,E4_S02_A_FALL_STD_F_T001.csv,train,FALL_STD_F,2,4,2,medium_normal,scale0.98804_warp1.00914_off1_snr32.91,1.00914,0.98804,32.91,1,100|300,143,122,-21,1.0876,False,pending,aug_onset_disagree(>5)
E4_S02_A_FALL_STD_F_T001__aug3_me_fa.npz,E4_S02_A_FALL_STD_F_T001.csv,train,FALL_STD_F,2,4,3,medium_fast,scale1.03588_warp0.80961_off0_snr29.87,0.80961,1.03588,29.87,0,100|300,115,121,6,1.0504,True,use,
E4_S02_A_FALL_STD_F_T001__aug4_la_no.npz,E4_S02_A_FALL_STD_F_T001.csv,train,FALL_STD_F,2,4,4,large_normal,scale1.19468_warp1.00293_off0_snr25.05,1.00293,1.19468,25.05,0,100|300,143,152,9,1.0627,False,pending,aug_onset_disagree(>5)
E4_S02_A_FALL_STD_F_T001__aug5_la_fa.npz,E4_S02_A_FALL_STD_F_T001.csv,train,FALL_STD_F,2,4,5,large_fast,scale1.2983_warp0.78439_off0_snr28.28,0.78439,1.2983,28.28,0,100|300,112,119,7,1.0684,True,use,
E4_S02_A_FALL_STD_F_T004__aug0_sm_no.npz,E4_S02_A_FALL_STD_F_T004.csv,train,FALL_STD_F,2,4,0,small_normal,scale0.86959_warp0.96468_off0_snr34.63,0.96468,0.86959,34.63,0,100|300,116,100,-16,1.0926,False,pending,aug_onset_disagree(>5)
E4_S02_A_FALL_STD_F_T004__aug1_sm_fa.npz,E4_S02_A_FALL_STD_F_T004.csv,train,FALL_STD_F,2,4,1,small_fast,scale0.75864_warp0.80087_off0_snr26.32,0.80087,0.75864,26.32,0,100|300,97,102,5,1.0816,True,use,
E4_S02_A_FALL_STD_F_T004__aug2_me_no.npz,E4_S02_A_FALL_STD_F_T004.csv,train,FALL_STD_F,2,4,2,medium_normal,scale1.04534_warp1.00535_off1_snr31.07,1.00535,1.04534,31.07,1,100|300,121,127,6,1.0854,False,pending,aug_onset_disagree(>5)
E4_S02_A_FALL_STD_F_T004__aug3_me_fa.npz,E4_S02_A_FALL_STD_F_T004.csv,train,FALL_STD_F,2,4,3,medium_fast,scale0.98635_warp0.76528_off0_snr29.08,0.76528,0.98635,29.08,0,100|300,92,100,8,1.1251,True,use,
E4_S02_A_FALL_STD_F_T004__aug4_la_no.npz,E4_S02_A_FALL_STD_F_T004.csv,train,FALL_STD_F,2,4,4,large_normal,scale1.10279_warp1.02794_off5_snr30.25,1.02794,1.10279,30.25,5,100|300,119,104,-15,1.0472,False,pending,aug_onset_disagree(>5)
E4_S02_A_FALL_STD_F_T004__aug5_la_fa.npz,E4_S02_A_FALL_STD_F_T004.csv,train,FALL_STD_F,2,4,5,large_fast,scale1.20535_warp0.8141_off0_snr32.59,0.8141,1.20535,32.59,0,100|300,98,100,2,1.0786,True,use,
E4_S02_A_FALL_STD_F_T005__aug0_sm_no.npz,E4_S02_A_FALL_STD_F_T005.csv,train,FALL_STD_F,2,4,0,small_normal,scale0.7995_warp1.02239_off4_snr26.78,1.02239,0.7995,26.78,4,100|300,119,146,27,1.093,False,pending,aug_onset_disagree(>5)
E4_S02_A_FALL_STD_F_T005__aug1_sm_fa.npz,E4_S02_A_FALL_STD_F_T005.csv,train,FALL_STD_F,2,4,1,small_fast,scale0.81133_warp0.87798_off0_snr34.7,0.87798,0.81133,34.7,0,100|300,106,107,1,1.0844,True,use,
E4_S02_A_FALL_STD_F_T005__aug2_me_no.npz,E4_S02_A_FALL_STD_F_T005.csv,train,FALL_STD_F,2,4,2,medium_normal,scale0.97234_warp0.98359_off0_snr26.06,0.98359,0.97234,26.06,0,100|300,119,103,-16,1.0535,False,pending,aug_onset_disagree(>5)
E4_S02_A_FALL_STD_F_T005__aug3_me_fa.npz,E4_S02_A_FALL_STD_F_T005.csv,train,FALL_STD_F,2,4,3,medium_fast,scale1.0314_warp0.84157_off0_snr25.9,0.84157,1.0314,25.9,0,100|300,102,123,21,1.0543,False,pending,aug_onset_disagree(>10)
E4_S02_A_FALL_STD_F_T005__aug4_la_no.npz,E4_S02_A_FALL_STD_F_T005.csv,train,FALL_STD_F,2,4,4,large_normal,scale1.29319_warp0.97455_off0_snr34.52,0.97455,1.29319,34.52,0,100|300,118,104,-14,1.1642,False,pending,aug_onset_disagree(>5)
E4_S02_A_FALL_STD_F_T005__aug5_la_fa.npz,E4_S02_A_FALL_STD_F_T005.csv,train,FALL_STD_F,2,4,5,large_fast,scale1.25811_warp0.77452_off0_snr25.53,0.77452,1.25811,25.53,0,100|300,93,134,41,1.0531,False,pending,aug_onset_disagree(>10)
E4_S02_A_FALL_STD_F_T006__aug0_sm_no.npz,E4_S02_A_FALL_STD_F_T006.csv,train,FALL_STD_F,2,4,0,small_normal,scale0.85258_warp0.95639_off0_snr26.5,0.95639,0.85258,26.5,0,100|300,200,100,-100,1.075,False,pending,aug_onset_disagree(>5)
E4_S02_A_FALL_STD_F_T006__aug1_sm_fa.npz,E4_S02_A_FALL_STD_F_T006.csv,train,FALL_STD_F,2,4,1,small_fast,scale0.80051_warp0.86461_off0_snr25.18,0.86461,0.80051,25.18,0,100|300,180,100,-80,1.1278,False,pending,aug_onset_disagree(>10)
E4_S02_A_FALL_STD_F_T006__aug2_me_no.npz,E4_S02_A_FALL_STD_F_T006.csv,train,FALL_STD_F,2,4,2,medium_normal,scale0.959_warp0.97377_off0_snr28.82,0.97377,0.959,28.82,0,100|300,203,100,-103,1.07,False,pending,aug_onset_disagree(>5)
E4_S02_A_FALL_STD_F_T006__aug3_me_fa.npz,E4_S02_A_FALL_STD_F_T006.csv,train,FALL_STD_F,2,4,3,medium_fast,scale1.03174_warp0.78953_off0_snr32.38,0.78953,1.03174,32.38,0,100|300,164,135,-29,1.2188,False,pending,aug_onset_disagree(>10)
E4_S02_A_FALL_STD_F_T006__aug4_la_no.npz,E4_S02_A_FALL_STD_F_T006.csv,train,FALL_STD_F,2,4,4,large_normal,scale1.21618_warp0.96912_off0_snr27.92,0.96912,1.21618,27.92,0,100|300,202,100,-102,1.0711,False,pending,aug_onset_disagree(>5)
E4_S02_A_FALL_STD_F_T006__aug5_la_fa.npz,E4_S02_A_FALL_STD_F_T006.csv,train,FALL_STD_F,2,4,5,large_fast,scale1.23201_warp0.84272_off0_snr26.45,0.84272,1.23201,26.45,0,100|300,176,112,-64,1.1508,False,pending,aug_onset_disagree(>10)
E4_S02_A_FALL_STD_F_T008__aug0_sm_no.npz,E4_S02_A_FALL_STD_F_T008.csv,train,FALL_STD_F,2,4,0,small_normal,scale0.89968_warp1.00297_off0_snr25.6,1.00297,0.89968,25.6,0,100|300,203,,,1.0599,False,pending,rise_not_found
E4_S02_A_FALL_STD_F_T008__aug1_sm_fa.npz,E4_S02_A_FALL_STD_F_T008.csv,train,FALL_STD_F,2,4,1,small_fast,scale0.80488_warp0.81102_off0_snr32.7,0.81102,0.80488,32.7,0,100|300,164,164,0,1.0725,True,use,
E4_S02_A_FALL_STD_F_T008__aug2_me_no.npz,E4_S02_A_FALL_STD_F_T008.csv,train,FALL_STD_F,2,4,2,medium_normal,scale0.95235_warp0.95052_off0_snr32.94,0.95052,0.95235,32.94,0,100|300,192,149,-43,1.0737,False,pending,aug_onset_disagree(>5)
E4_S02_A_FALL_STD_F_T008__aug3_me_fa.npz,E4_S02_A_FALL_STD_F_T008.csv,train,FALL_STD_F,2,4,3,medium_fast,scale1.0152_warp0.77439_off0_snr29.27,0.77439,1.0152,29.27,0,100|300,156,155,-1,1.0878,True,use,
E4_S02_A_FALL_STD_F_T008__aug4_la_no.npz,E4_S02_A_FALL_STD_F_T008.csv,train,FALL_STD_F,2,4,4,large_normal,scale1.19543_warp1.04316_off8_snr30.43,1.04316,1.19543,30.43,8,100|300,203,204,1,1.0715,True,use,
E4_S02_A_FALL_STD_F_T008__aug5_la_fa.npz,E4_S02_A_FALL_STD_F_T008.csv,train,FALL_STD_F,2,4,5,large_fast,scale1.2093_warp0.8357_off0_snr33.04,0.8357,1.2093,33.04,0,100|300,169,167,-2,1.0582,True,use,
E4_S02_A_FALL_STD_F_T009__aug0_sm_no.npz,E4_S02_A_FALL_STD_F_T009.csv,train,FALL_STD_F,2,4,0,small_normal,scale0.79806_warp0.97202_off0_snr31.45,0.97202,0.79806,31.45,0,100|300,103,127,24,1.0654,False,pending,aug_onset_disagree(>5)
E4_S02_A_FALL_STD_F_T009__aug1_sm_fa.npz,E4_S02_A_FALL_STD_F_T009.csv,train,FALL_STD_F,2,4,1,small_fast,scale0.82527_warp0.80185_off0_snr32.93,0.80185,0.82527,32.93,0,100|300,85,105,20,1.0867,False,pending,aug_onset_disagree(>10)
E4_S02_A_FALL_STD_F_T009__aug2_me_no.npz,E4_S02_A_FALL_STD_F_T009.csv,train,FALL_STD_F,2,4,2,medium_normal,scale0.9763_warp1.00226_off0_snr33.29,1.00226,0.9763,33.29,0,100|300,106,130,24,1.0793,False,pending,aug_onset_disagree(>5)
E4_S02_A_FALL_STD_F_T009__aug3_me_fa.npz,E4_S02_A_FALL_STD_F_T009.csv,train,FALL_STD_F,2,4,3,medium_fast,scale1.04115_warp0.81592_off0_snr28.69,0.81592,1.04115,28.69,0,100|300,86,109,23,1.0787,False,pending,aug_onset_disagree(>10)
E4_S02_A_FALL_STD_F_T009__aug4_la_no.npz,E4_S02_A_FALL_STD_F_T009.csv,train,FALL_STD_F,2,4,4,large_normal,scale1.20509_warp1.01616_off3_snr28.28,1.01616,1.20509,28.28,3,100|300,105,127,22,1.0583,False,pending,aug_onset_disagree(>5)
E4_S02_A_FALL_STD_F_T009__aug5_la_fa.npz,E4_S02_A_FALL_STD_F_T009.csv,train,FALL_STD_F,2,4,5,large_fast,scale1.15346_warp0.89389_off0_snr32.17,0.89389,1.15346,32.17,0,100|300,95,122,27,1.0588,False,pending,aug_onset_disagree(>10)
E4_S03_A_FALL_SIT_B_T001__aug0_sm_no.npz,E4_S03_A_FALL_SIT_B_T001.csv,train,FALL_SIT_B,3,4,0,small_normal,scale0.81573_warp0.95396_off0_snr31.43,0.95396,0.81573,31.43,0,100|300,124,125,1,1.0789,True,use,
E4_S03_A_FALL_SIT_B_T001__aug1_sm_fa.npz,E4_S03_A_FALL_SIT_B_T001.csv,train,FALL_SIT_B,3,4,1,small_fast,scale0.83538_warp0.87975_off0_snr28.19,0.87975,0.83538,28.19,0,100|300,114,141,27,1.0486,False,pending,aug_onset_disagree(>10)
E4_S03_A_FALL_SIT_B_T001__aug2_me_no.npz,E4_S03_A_FALL_SIT_B_T001.csv,train,FALL_SIT_B,3,4,2,medium_normal,scale1.02905_warp0.96732_off0_snr28.82,0.96732,1.02905,28.82,0,100|300,125,160,35,1.0649,False,pending,aug_onset_disagree(>5)
E4_S03_A_FALL_SIT_B_T001__aug3_me_fa.npz,E4_S03_A_FALL_SIT_B_T001.csv,train,FALL_SIT_B,3,4,3,medium_fast,scale1.03337_warp0.75676_off0_snr33.26,0.75676,1.03337,33.26,0,100|300,98,100,2,1.0733,True,use,
E4_S03_A_FALL_SIT_B_T001__aug4_la_no.npz,E4_S03_A_FALL_SIT_B_T001.csv,train,FALL_SIT_B,3,4,4,large_normal,scale1.12695_warp1.01822_off3_snr27.34,1.01822,1.12695,27.34,3,100|300,129,158,29,1.0748,False,pending,aug_onset_disagree(>5)
E4_S03_A_FALL_SIT_B_T001__aug5_la_fa.npz,E4_S03_A_FALL_SIT_B_T001.csv,train,FALL_SIT_B,3,4,5,large_fast,scale1.20114_warp0.89034_off0_snr29.42,0.89034,1.20114,29.42,0,100|300,116,116,0,1.0547,True,use,
E4_S03_A_FALL_SIT_B_T003__aug0_sm_no.npz,E4_S03_A_FALL_SIT_B_T003.csv,train,FALL_SIT_B,3,4,0,small_normal,scale0.80101_warp1.03485_off6_snr31.39,1.03485,0.80101,31.39,6,100|300,129,132,3,1.0915,True,use,
E4_S03_A_FALL_SIT_B_T003__aug1_sm_fa.npz,E4_S03_A_FALL_SIT_B_T003.csv,train,FALL_SIT_B,3,4,1,small_fast,scale0.8639_warp0.83725_off0_snr34.4,0.83725,0.8639,34.4,0,100|300,109,111,2,1.0797,True,use,
E4_S03_A_FALL_SIT_B_T003__aug2_me_no.npz,E4_S03_A_FALL_SIT_B_T003.csv,train,FALL_SIT_B,3,4,2,medium_normal,scale1.02459_warp0.95614_off0_snr26.61,0.95614,1.02459,26.61,0,100|300,125,126,1,1.063,True,use,
E4_S03_A_FALL_SIT_B_T003__aug3_me_fa.npz,E4_S03_A_FALL_SIT_B_T003.csv,train,FALL_SIT_B,3,4,3,medium_fast,scale0.96751_warp0.86407_off0_snr30.35,0.86407,0.96751,30.35,0,100|300,113,113,0,1.076,True,use,
E4_S03_A_FALL_SIT_B_T003__aug5_la_fa.npz,E4_S03_A_FALL_SIT_B_T003.csv,train,FALL_SIT_B,3,4,5,large_fast,scale1.15714_warp0.75851_off0_snr27.78,0.75851,1.15714,27.78,0,100|300,99,100,1,1.0892,True,use,
E4_S03_A_FALL_SIT_B_T003__aug4_la_no.npz,E4_S03_A_FALL_SIT_B_T003.csv,train,FALL_SIT_B,3,4,4,large_normal,scale1.29025_warp0.98524_off0_snr25.41,0.98524,1.29025,25.41,0,100|300,129,131,2,1.0651,True,use,
E4_S03_A_FALL_SIT_B_T006__aug0_sm_no.npz,E4_S03_A_FALL_SIT_B_T006.csv,train,FALL_SIT_B,3,4,0,small_normal,scale0.85228_warp0.97688_off0_snr33.33,0.97688,0.85228,33.33,0,100|300,123,123,0,1.0622,True,use,
E4_S03_A_FALL_SIT_B_T006__aug1_sm_fa.npz,E4_S03_A_FALL_SIT_B_T006.csv,train,FALL_SIT_B,3,4,1,small_fast,scale0.81914_warp0.82649_off0_snr25.4,0.82649,0.81914,25.4,0,100|300,104,107,3,1.098,True,use,
E4_S03_A_FALL_SIT_B_T006__aug2_me_no.npz,E4_S03_A_FALL_SIT_B_T006.csv,train,FALL_SIT_B,3,4,2,medium_normal,scale0.97025_warp0.95512_off0_snr29.6,0.95512,0.97025,29.6,0,100|300,120,119,-1,1.0814,True,use,
E4_S03_A_FALL_SIT_B_T006__aug3_me_fa.npz,E4_S03_A_FALL_SIT_B_T006.csv,train,FALL_SIT_B,3,4,3,medium_fast,scale1.04938_warp0.86442_off0_snr25.07,0.86442,1.04938,25.07,0,100|300,109,136,27,1.0619,False,pending,aug_onset_disagree(>10)
E4_S03_A_FALL_SIT_B_T006__aug5_la_fa.npz,E4_S03_A_FALL_SIT_B_T006.csv,train,FALL_SIT_B,3,4,5,large_fast,scale1.22335_warp0.77111_off0_snr25.91,0.77111,1.22335,25.91,0,100|300,97,100,3,1.0748,True,use,
E4_S03_A_FALL_SIT_B_T006__aug4_la_no.npz,E4_S03_A_FALL_SIT_B_T006.csv,train,FALL_SIT_B,3,4,4,large_normal,scale1.19557_warp0.97894_off0_snr29.73,0.97894,1.19557,29.73,0,100|300,123,124,1,1.0971,True,use,
E4_S03_A_FALL_SIT_F_T001__aug0_sm_no.npz,E4_S03_A_FALL_SIT_F_T001.csv,train,FALL_SIT_F,3,4,0,small_normal,scale0.83689_warp0.99927_off0_snr28.35,0.99927,0.83689,28.35,0,100|300,123,206,83,1.0547,False,pending,aug_onset_disagree(>5)
E4_S03_A_FALL_SIT_F_T001__aug1_sm_fa.npz,E4_S03_A_FALL_SIT_F_T001.csv,train,FALL_SIT_F,3,4,1,small_fast,scale0.83721_warp0.82261_off0_snr34.23,0.82261,0.83721,34.23,0,100|300,101,103,2,1.0874,True,use,
E4_S03_A_FALL_SIT_F_T001__aug2_me_no.npz,E4_S03_A_FALL_SIT_F_T001.csv,train,FALL_SIT_F,3,4,2,medium_normal,scale1.01774_warp0.97472_off0_snr26.09,0.97472,1.01774,26.09,0,100|300,120,106,-14,1.0696,False,pending,aug_onset_disagree(>5)
E4_S03_A_FALL_SIT_F_T001__aug3_me_fa.npz,E4_S03_A_FALL_SIT_F_T001.csv,train,FALL_SIT_F,3,4,3,medium_fast,scale1.04388_warp0.8076_off0_snr30.28,0.8076,1.04388,30.28,0,100|300,99,100,1,1.0648,True,use,
E4_S03_A_FALL_SIT_F_T001__aug4_la_no.npz,E4_S03_A_FALL_SIT_F_T001.csv,train,FALL_SIT_F,3,4,4,large_normal,scale1.28127_warp0.99875_off0_snr28.12,0.99875,1.28127,28.12,0,100|300,123,124,1,1.042,True,use,
E4_S03_A_FALL_SIT_F_T001__aug5_la_fa.npz,E4_S03_A_FALL_SIT_F_T001.csv,train,FALL_SIT_F,3,4,5,large_fast,scale1.1897_warp0.84429_off0_snr26.22,0.84429,1.1897,26.22,0,100|300,104,106,2,1.0762,True,use,
E4_S03_A_FALL_SIT_F_T002__aug0_sm_no.npz,E4_S03_A_FALL_SIT_F_T002.csv,train,FALL_SIT_F,3,4,0,small_normal,scale0.84016_warp0.97338_off0_snr29.13,0.97338,0.84016,29.13,0,100|300,220,187,-33,1.0542,False,pending,aug_onset_disagree(>5)
E4_S03_A_FALL_SIT_F_T002__aug1_sm_fa.npz,E4_S03_A_FALL_SIT_F_T002.csv,train,FALL_SIT_F,3,4,1,small_fast,scale0.84887_warp0.80386_off0_snr26.67,0.80386,0.84887,26.67,0,100|300,181,112,-69,1.0437,False,pending,aug_onset_disagree(>10)
E4_S03_A_FALL_SIT_F_T002__aug2_me_no.npz,E4_S03_A_FALL_SIT_F_T002.csv,train,FALL_SIT_F,3,4,2,medium_normal,scale0.98131_warp1.04349_off8_snr25.88,1.04349,0.98131,25.88,8,100|300,228,198,-30,1.0501,False,pending,aug_onset_disagree(>5)
E4_S03_A_FALL_SIT_F_T002__aug3_me_fa.npz,E4_S03_A_FALL_SIT_F_T002.csv,train,FALL_SIT_F,3,4,3,medium_fast,scale1.02087_warp0.87838_off0_snr30.68,0.87838,1.02087,30.68,0,100|300,198,165,-33,1.0403,False,pending,aug_onset_disagree(>10)
E4_S03_A_FALL_SIT_F_T002__aug4_la_no.npz,E4_S03_A_FALL_SIT_F_T002.csv,train,FALL_SIT_F,3,4,4,large_normal,scale1.14162_warp0.9882_off0_snr26.24,0.9882,1.14162,26.24,0,100|300,223,136,-87,1.0772,False,pending,aug_onset_disagree(>5)
E4_S03_A_FALL_SIT_F_T002__aug5_la_fa.npz,E4_S03_A_FALL_SIT_F_T002.csv,train,FALL_SIT_F,3,4,5,large_fast,scale1.10987_warp0.899_off0_snr34.31,0.899,1.10987,34.31,0,100|300,203,138,-65,1.063,False,pending,aug_onset_disagree(>10)
E4_S03_A_FALL_SIT_F_T005__aug0_sm_no.npz,E4_S03_A_FALL_SIT_F_T005.csv,train,FALL_SIT_F,3,4,0,small_normal,scale0.77097_warp1.02156_off4_snr29.48,1.02156,0.77097,29.48,4,100|300,161,166,5,1.0829,True,use,
E4_S03_A_FALL_SIT_F_T005__aug1_sm_fa.npz,E4_S03_A_FALL_SIT_F_T005.csv,train,FALL_SIT_F,3,4,1,small_fast,scale0.75497_warp0.787_off0_snr28.3,0.787,0.75497,28.3,0,100|300,127,109,-18,1.0716,False,pending,aug_onset_disagree(>10)
E4_S03_A_FALL_SIT_F_T005__aug2_me_no.npz,E4_S03_A_FALL_SIT_F_T005.csv,train,FALL_SIT_F,3,4,2,medium_normal,scale0.97028_warp1.02586_off5_snr34.56,1.02586,0.97028,34.56,5,100|300,161,151,-10,1.0899,False,pending,aug_onset_disagree(>5)
E4_S03_A_FALL_SIT_F_T005__aug3_me_fa.npz,E4_S03_A_FALL_SIT_F_T005.csv,train,FALL_SIT_F,3,4,3,medium_fast,scale1.03627_warp0.77019_off0_snr30.7,0.77019,1.03627,30.7,0,100|300,125,119,-6,1.0765,True,use,
E4_S03_A_FALL_SIT_F_T005__aug4_la_no.npz,E4_S03_A_FALL_SIT_F_T005.csv,train,FALL_SIT_F,3,4,4,large_normal,scale1.215_warp0.97389_off0_snr28.31,0.97389,1.215,28.31,0,100|300,158,162,4,1.0619,True,use,
E4_S03_A_FALL_SIT_F_T005__aug5_la_fa.npz,E4_S03_A_FALL_SIT_F_T005.csv,train,FALL_SIT_F,3,4,5,large_fast,scale1.2866_warp0.81309_off0_snr32.84,0.81309,1.2866,32.84,0,100|300,132,134,2,1.072,True,use,
E4_S03_A_FALL_SIT_F_T007__aug0_sm_no.npz,E4_S03_A_FALL_SIT_F_T007.csv,train,FALL_SIT_F,3,4,0,small_normal,scale0.85719_warp0.98324_off0_snr29.87,0.98324,0.85719,29.87,0,100|300,109,110,1,1.0516,True,use,
E4_S03_A_FALL_SIT_F_T007__aug1_sm_fa.npz,E4_S03_A_FALL_SIT_F_T007.csv,train,FALL_SIT_F,3,4,1,small_fast,scale0.76917_warp0.85469_off0_snr28.57,0.85469,0.76917,28.57,0,100|300,95,100,5,1.044,True,use,
E4_S03_A_FALL_SIT_F_T007__aug2_me_no.npz,E4_S03_A_FALL_SIT_F_T007.csv,train,FALL_SIT_F,3,4,2,medium_normal,scale1.00909_warp1.01793_off3_snr28.65,1.01793,1.00909,28.65,3,100|300,110,111,1,1.1369,True,use,
E4_S03_A_FALL_SIT_F_T007__aug3_me_fa.npz,E4_S03_A_FALL_SIT_F_T007.csv,train,FALL_SIT_F,3,4,3,medium_fast,scale0.96543_warp0.82365_off0_snr29.35,0.82365,0.96543,29.35,0,100|300,91,141,50,1.0752,False,pending,aug_onset_disagree(>10)
E4_S03_A_FALL_SIT_F_T007__aug4_la_no.npz,E4_S03_A_FALL_SIT_F_T007.csv,train,FALL_SIT_F,3,4,4,large_normal,scale1.27364_warp0.9529_off0_snr25.66,0.9529,1.27364,25.66,0,100|300,106,115,9,1.0695,False,pending,aug_onset_disagree(>5)
E4_S03_A_FALL_SIT_F_T007__aug5_la_fa.npz,E4_S03_A_FALL_SIT_F_T007.csv,train,FALL_SIT_F,3,4,5,large_fast,scale1.26994_warp0.87212_off0_snr28.17,0.87212,1.26994,28.17,0,100|300,97,149,52,1.0607,False,pending,aug_onset_disagree(>10)
E4_S03_A_FALL_SIT_F_T008__aug0_sm_no.npz,E4_S03_A_FALL_SIT_F_T008.csv,train,FALL_SIT_F,3,4,0,small_normal,scale0.77503_warp0.98662_off0_snr26.67,0.98662,0.77503,26.67,0,100|300,182,184,2,1.1148,True,use,
E4_S03_A_FALL_SIT_F_T008__aug1_sm_fa.npz,E4_S03_A_FALL_SIT_F_T008.csv,train,FALL_SIT_F,3,4,1,small_fast,scale0.88676_warp0.75231_off0_snr34.24,0.75231,0.88676,34.24,0,100|300,139,140,1,1.0588,True,use,
E4_S03_A_FALL_SIT_F_T008__aug2_me_no.npz,E4_S03_A_FALL_SIT_F_T008.csv,train,FALL_SIT_F,3,4,2,medium_normal,scale1.0006_warp0.9592_off0_snr28.06,0.9592,1.0006,28.06,0,100|300,177,177,0,1.0699,True,use,
E4_S03_A_FALL_SIT_F_T008__aug3_me_fa.npz,E4_S03_A_FALL_SIT_F_T008.csv,train,FALL_SIT_F,3,4,3,medium_fast,scale1.004_warp0.8128_off0_snr33.16,0.8128,1.004,33.16,0,100|300,150,106,-44,1.0622,False,pending,aug_onset_disagree(>10)
E4_S03_A_FALL_SIT_F_T008__aug4_la_no.npz,E4_S03_A_FALL_SIT_F_T008.csv,train,FALL_SIT_F,3,4,4,large_normal,scale1.26935_warp0.95243_off0_snr25.08,0.95243,1.26935,25.08,0,100|300,176,129,-47,1.0772,False,pending,aug_onset_disagree(>5)
E4_S03_A_FALL_SIT_F_T008__aug5_la_fa.npz,E4_S03_A_FALL_SIT_F_T008.csv,train,FALL_SIT_F,3,4,5,large_fast,scale1.22563_warp0.79473_off0_snr30.21,0.79473,1.22563,30.21,0,100|300,147,100,-47,1.0681,False,pending,aug_onset_disagree(>10)
E4_S03_A_FALL_SIT_F_T009__aug0_sm_no.npz,E4_S03_A_FALL_SIT_F_T009.csv,train,FALL_SIT_F,3,4,0,small_normal,scale0.88762_warp1.03257_off6_snr26.61,1.03257,0.88762,26.61,6,100|300,126,145,19,1.0816,False,pending,aug_onset_disagree(>5)
E4_S03_A_FALL_SIT_F_T009__aug1_sm_fa.npz,E4_S03_A_FALL_SIT_F_T009.csv,train,FALL_SIT_F,3,4,1,small_fast,scale0.77443_warp0.87992_off0_snr30.78,0.87992,0.77443,30.78,0,100|300,112,127,15,1.0602,False,pending,aug_onset_disagree(>10)
E4_S03_A_FALL_SIT_F_T009__aug2_me_no.npz,E4_S03_A_FALL_SIT_F_T009.csv,train,FALL_SIT_F,3,4,2,medium_normal,scale1.03119_warp1.03967_off7_snr26.75,1.03967,1.03119,26.75,7,100|300,126,126,0,1.0623,True,use,
E4_S03_A_FALL_SIT_F_T009__aug4_la_no.npz,E4_S03_A_FALL_SIT_F_T009.csv,train,FALL_SIT_F,3,4,4,large_normal,scale1.19284_warp1.01391_off2_snr25.65,1.01391,1.19284,25.65,2,100|300,128,143,15,1.0581,False,pending,aug_onset_disagree(>5)
E4_S03_A_FALL_SIT_F_T009__aug3_me_fa.npz,E4_S03_A_FALL_SIT_F_T009.csv,train,FALL_SIT_F,3,4,3,medium_fast,scale1.0174_warp0.84227_off0_snr26.09,0.84227,1.0174,26.09,0,100|300,107,105,-2,1.0493,True,use,
E4_S03_A_FALL_SIT_F_T009__aug5_la_fa.npz,E4_S03_A_FALL_SIT_F_T009.csv,train,FALL_SIT_F,3,4,5,large_fast,scale1.23119_warp0.75334_off0_snr25.69,0.75334,1.23119,25.69,0,100|300,96,100,4,1.0562,True,use,
E4_S03_A_FALL_STD_B_T002__aug0_sm_no.npz,E4_S03_A_FALL_STD_B_T002.csv,train,FALL_STD_B,3,4,0,small_normal,scale0.77815_warp0.97189_off0_snr31.71,0.97189,0.77815,31.71,0,100|300,104,100,-4,1.0689,True,use,
E4_S03_A_FALL_STD_B_T002__aug1_sm_fa.npz,E4_S03_A_FALL_STD_B_T002.csv,train,FALL_STD_B,3,4,1,small_fast,scale0.75952_warp0.7914_off0_snr30.15,0.7914,0.75952,30.15,0,100|300,84,100,16,1.0857,False,pending,aug_onset_disagree(>10)
E4_S03_A_FALL_STD_B_T002__aug2_me_no.npz,E4_S03_A_FALL_STD_B_T002.csv,train,FALL_STD_B,3,4,2,medium_normal,scale0.97395_warp1.03982_off7_snr31.56,1.03982,0.97395,31.56,7,100|300,104,100,-4,1.0409,True,use,
E4_S03_A_FALL_STD_B_T002__aug3_me_fa.npz,E4_S03_A_FALL_STD_B_T002.csv,train,FALL_STD_B,3,4,3,medium_fast,scale1.0207_warp0.79851_off0_snr29.72,0.79851,1.0207,29.72,0,100|300,85,100,15,1.0975,False,pending,aug_onset_disagree(>10)
E4_S03_A_FALL_STD_B_T002__aug4_la_no.npz,E4_S03_A_FALL_STD_B_T002.csv,train,FALL_STD_B,3,4,4,large_normal,scale1.10566_warp0.97118_off0_snr33.26,0.97118,1.10566,33.26,0,100|300,104,100,-4,1.0958,True,use,
E4_S03_A_FALL_STD_B_T002__aug5_la_fa.npz,E4_S03_A_FALL_STD_B_T002.csv,train,FALL_STD_B,3,4,5,large_fast,scale1.26134_warp0.89954_off0_snr26.07,0.89954,1.26134,26.07,0,100|300,96,146,50,1.0854,False,pending,aug_onset_disagree(>10)
E4_S03_A_FALL_STD_B_T003__aug0_sm_no.npz,E4_S03_A_FALL_STD_B_T003.csv,train,FALL_STD_B,3,4,0,small_normal,scale0.8391_warp1.02675_off5_snr27.3,1.02675,0.8391,27.3,5,100|300,107,125,18,1.07,False,pending,aug_onset_disagree(>5)
E4_S03_A_FALL_STD_B_T003__aug1_sm_fa.npz,E4_S03_A_FALL_STD_B_T003.csv,train,FALL_STD_B,3,4,1,small_fast,scale0.78967_warp0.77394_off0_snr29.96,0.77394,0.78967,29.96,0,100|300,84,100,16,1.0875,False,pending,aug_onset_disagree(>10)
E4_S03_A_FALL_STD_B_T003__aug2_me_no.npz,E4_S03_A_FALL_STD_B_T003.csv,train,FALL_STD_B,3,4,2,medium_normal,scale1.04767_warp0.95303_off0_snr25.72,0.95303,1.04767,25.72,0,100|300,104,120,16,1.0726,False,pending,aug_onset_disagree(>5)
E4_S03_A_FALL_STD_B_T003__aug3_me_fa.npz,E4_S03_A_FALL_STD_B_T003.csv,train,FALL_STD_B,3,4,3,medium_fast,scale0.96409_warp0.83037_off0_snr30.15,0.83037,0.96409,30.15,0,100|300,90,105,15,1.0679,False,pending,aug_onset_disagree(>10)
E4_S03_A_FALL_STD_B_T003__aug4_la_no.npz,E4_S03_A_FALL_STD_B_T003.csv,train,FALL_STD_B,3,4,4,large_normal,scale1.11987_warp1.01672_off3_snr34.23,1.01672,1.11987,34.23,3,100|300,108,127,19,1.1326,False,pending,aug_onset_disagree(>5)
E4_S03_A_FALL_STD_B_T003__aug5_la_fa.npz,E4_S03_A_FALL_STD_B_T003.csv,train,FALL_STD_B,3,4,5,large_fast,scale1.18154_warp0.87671_off0_snr26.77,0.87671,1.18154,26.77,0,100|300,95,112,17,1.0554,False,pending,aug_onset_disagree(>10)
E4_S03_A_FALL_STD_B_T005__aug0_sm_no.npz,E4_S03_A_FALL_STD_B_T005.csv,train,FALL_STD_B,3,4,0,small_normal,scale0.76054_warp0.98519_off0_snr31.07,0.98519,0.76054,31.07,0,100|300,144,145,1,1.0778,True,use,
E4_S03_A_FALL_STD_B_T005__aug2_me_no.npz,E4_S03_A_FALL_STD_B_T005.csv,train,FALL_STD_B,3,4,2,medium_normal,scale1.01561_warp0.99917_off0_snr32.45,0.99917,1.01561,32.45,0,100|300,146,148,2,1.0684,True,use,
E4_S03_A_FALL_STD_B_T005__aug1_sm_fa.npz,E4_S03_A_FALL_STD_B_T005.csv,train,FALL_STD_B,3,4,1,small_fast,scale0.89159_warp0.89145_off0_snr31.57,0.89145,0.89159,31.57,0,100|300,130,131,1,1.0605,True,use,
E4_S03_A_FALL_STD_B_T005__aug3_me_fa.npz,E4_S03_A_FALL_STD_B_T005.csv,train,FALL_STD_B,3,4,3,medium_fast,scale1.01466_warp0.77557_off0_snr33.79,0.77557,1.01466,33.79,0,100|300,113,114,1,1.069,True,use,
E4_S03_A_FALL_STD_B_T005__aug4_la_no.npz,E4_S03_A_FALL_STD_B_T005.csv,train,FALL_STD_B,3,4,4,large_normal,scale1.24975_warp1.02395_off4_snr26.32,1.02395,1.24975,26.32,4,100|300,145,116,-29,1.0775,False,pending,aug_onset_disagree(>5)
E4_S03_A_FALL_STD_B_T005__aug5_la_fa.npz,E4_S03_A_FALL_STD_B_T005.csv,train,FALL_STD_B,3,4,5,large_fast,scale1.16003_warp0.88176_off0_snr33.48,0.88176,1.16003,33.48,0,100|300,128,130,2,1.0654,True,use,
E4_S03_A_FALL_STD_B_T007__aug0_sm_no.npz,E4_S03_A_FALL_STD_B_T007.csv,train,FALL_STD_B,3,4,0,small_normal,scale0.88759_warp0.96191_off0_snr33.81,0.96191,0.88759,33.81,0,100|300,114,113,-1,1.1247,True,use,
E4_S03_A_FALL_STD_B_T007__aug1_sm_fa.npz,E4_S03_A_FALL_STD_B_T007.csv,train,FALL_STD_B,3,4,1,small_fast,scale0.81156_warp0.84273_off0_snr25.36,0.84273,0.81156,25.36,0,100|300,100,163,63,1.0508,False,pending,aug_onset_disagree(>10)
E4_S03_A_FALL_STD_B_T007__aug2_me_no.npz,E4_S03_A_FALL_STD_B_T007.csv,train,FALL_STD_B,3,4,2,medium_normal,scale1.02772_warp0.97189_off0_snr30.9,0.97189,1.02772,30.9,0,100|300,115,,,1.1398,False,pending,rise_not_found
E4_S03_A_FALL_STD_B_T007__aug3_me_fa.npz,E4_S03_A_FALL_STD_B_T007.csv,train,FALL_STD_B,3,4,3,medium_fast,scale1.02766_warp0.78923_off0_snr34.76,0.78923,1.02766,34.76,0,100|300,94,179,85,1.085,False,pending,aug_onset_disagree(>10)
E4_S03_A_FALL_STD_B_T007__aug4_la_no.npz,E4_S03_A_FALL_STD_B_T007.csv,train,FALL_STD_B,3,4,4,large_normal,scale1.17731_warp1.02186_off4_snr33.45,1.02186,1.17731,33.45,4,100|300,117,141,24,1.0917,False,pending,aug_onset_disagree(>5)
E4_S03_A_FALL_STD_B_T007__aug5_la_fa.npz,E4_S03_A_FALL_STD_B_T007.csv,train,FALL_STD_B,3,4,5,large_fast,scale1.19071_warp0.76552_off0_snr32.0,0.76552,1.19071,32.0,0,100|300,91,108,17,1.0898,False,pending,aug_onset_disagree(>10)
E4_S03_A_FALL_STD_B_T008__aug0_sm_no.npz,E4_S03_A_FALL_STD_B_T008.csv,train,FALL_STD_B,3,4,0,small_normal,scale0.75844_warp0.95755_off0_snr29.12,0.95755,0.75844,29.12,0,100|300,124,127,3,1.0658,True,use,
E4_S03_A_FALL_STD_B_T008__aug1_sm_fa.npz,E4_S03_A_FALL_STD_B_T008.csv,train,FALL_STD_B,3,4,1,small_fast,scale0.86485_warp0.75455_off0_snr31.15,0.75455,0.86485,31.15,0,100|300,98,100,2,1.0876,True,use,
E4_S03_A_FALL_STD_B_T008__aug2_me_no.npz,E4_S03_A_FALL_STD_B_T008.csv,train,FALL_STD_B,3,4,2,medium_normal,scale1.0209_warp1.02333_off4_snr34.66,1.02333,1.0209,34.66,4,100|300,129,126,-3,1.0823,True,use,
E4_S03_A_FALL_STD_B_T008__aug3_me_fa.npz,E4_S03_A_FALL_STD_B_T008.csv,train,FALL_STD_B,3,4,3,medium_fast,scale1.00897_warp0.75774_off0_snr29.24,0.75774,1.00897,29.24,0,100|300,98,100,2,1.095,True,use,
E4_S03_A_FALL_STD_B_T008__aug4_la_no.npz,E4_S03_A_FALL_STD_B_T008.csv,train,FALL_STD_B,3,4,4,large_normal,scale1.2083_warp1.0254_off5_snr33.35,1.0254,1.2083,33.35,5,100|300,128,124,-4,1.1178,True,use,
E4_S03_A_FALL_STD_B_T008__aug5_la_fa.npz,E4_S03_A_FALL_STD_B_T008.csv,train,FALL_STD_B,3,4,5,large_fast,scale1.20169_warp0.86366_off0_snr27.35,0.86366,1.20169,27.35,0,100|300,112,111,-1,1.0547,True,use,
E4_S03_A_FALL_STD_B_T009__aug0_sm_no.npz,E4_S03_A_FALL_STD_B_T009.csv,train,FALL_STD_B,3,4,0,small_normal,scale0.87087_warp0.97289_off0_snr31.77,0.97289,0.87087,31.77,0,100|300,104,102,-2,1.0983,True,use,
E4_S03_A_FALL_STD_B_T009__aug1_sm_fa.npz,E4_S03_A_FALL_STD_B_T009.csv,train,FALL_STD_B,3,4,1,small_fast,scale0.87431_warp0.86511_off0_snr28.07,0.86511,0.87431,28.07,0,100|300,93,106,13,1.0477,False,pending,aug_onset_disagree(>10)
E4_S03_A_FALL_STD_B_T009__aug2_me_no.npz,E4_S03_A_FALL_STD_B_T009.csv,train,FALL_STD_B,3,4,2,medium_normal,scale1.0363_warp0.98365_off0_snr28.92,0.98365,1.0363,28.92,0,100|300,105,107,2,1.0854,True,use,
E4_S03_A_FALL_STD_B_T009__aug3_me_fa.npz,E4_S03_A_FALL_STD_B_T009.csv,train,FALL_STD_B,3,4,3,medium_fast,scale1.03037_warp0.81028_off0_snr26.24,0.81028,1.03037,26.24,0,100|300,87,100,13,1.0639,False,pending,aug_onset_disagree(>10)
E4_S03_A_FALL_STD_B_T009__aug4_la_no.npz,E4_S03_A_FALL_STD_B_T009.csv,train,FALL_STD_B,3,4,4,large_normal,scale1.19532_warp1.04659_off9_snr34.05,1.04659,1.19532,34.05,9,100|300,103,122,19,1.0669,False,pending,aug_onset_disagree(>5)
E4_S03_A_FALL_STD_B_T009__aug5_la_fa.npz,E4_S03_A_FALL_STD_B_T009.csv,train,FALL_STD_B,3,4,5,large_fast,scale1.21549_warp0.78698_off0_snr34.32,0.78698,1.21549,34.32,0,100|300,84,100,16,1.0726,False,pending,aug_onset_disagree(>10)
E4_S03_A_FALL_STD_B_T010__aug0_sm_no.npz,E4_S03_A_FALL_STD_B_T010.csv,train,FALL_STD_B,3,4,0,small_normal,scale0.85817_warp1.02338_off4_snr27.75,1.02338,0.85817,27.75,4,100|300,104,130,26,1.0577,False,pending,aug_onset_disagree(>5)
E4_S03_A_FALL_STD_B_T010__aug1_sm_fa.npz,E4_S03_A_FALL_STD_B_T010.csv,train,FALL_STD_B,3,4,1,small_fast,scale0.89921_warp0.86151_off0_snr29.43,0.86151,0.89921,29.43,0,100|300,91,131,40,1.0921,False,pending,aug_onset_disagree(>10)
E4_S03_A_FALL_STD_B_T010__aug2_me_no.npz,E4_S03_A_FALL_STD_B_T010.csv,train,FALL_STD_B,3,4,2,medium_normal,scale0.99889_warp1.02529_off5_snr29.06,1.02529,0.99889,29.06,5,100|300,104,109,5,1.1295,True,use,
E4_S03_A_FALL_STD_B_T010__aug3_me_fa.npz,E4_S03_A_FALL_STD_B_T010.csv,train,FALL_STD_B,3,4,3,medium_fast,scale1.04627_warp0.8606_off0_snr29.76,0.8606,1.04627,29.76,0,100|300,91,128,37,1.0715,False,pending,aug_onset_disagree(>10)
E4_S03_A_FALL_STD_B_T010__aug4_la_no.npz,E4_S03_A_FALL_STD_B_T010.csv,train,FALL_STD_B,3,4,4,large_normal,scale1.29332_warp1.0093_off1_snr32.08,1.0093,1.29332,32.08,1,100|300,106,101,-5,1.0803,True,use,
E4_S03_A_FALL_STD_B_T010__aug5_la_fa.npz,E4_S03_A_FALL_STD_B_T010.csv,train,FALL_STD_B,3,4,5,large_fast,scale1.22655_warp0.85689_off0_snr27.71,0.85689,1.22655,27.71,0,100|300,91,120,29,1.0815,False,pending,aug_onset_disagree(>10)
E4_S03_A_FALL_STD_F_T002__aug0_sm_no.npz,E4_S03_A_FALL_STD_F_T002.csv,train,FALL_STD_F,3,4,0,small_normal,scale0.80241_warp0.96143_off0_snr30.44,0.96143,0.80241,30.44,0,100|300,112,100,-12,1.1418,False,pending,aug_onset_disagree(>5)
E4_S03_A_FALL_STD_F_T002__aug1_sm_fa.npz,E4_S03_A_FALL_STD_F_T002.csv,train,FALL_STD_F,3,4,1,small_fast,scale0.8989_warp0.80474_off0_snr26.25,0.80474,0.8989,26.25,0,100|300,94,100,6,1.1809,True,use,
E4_S03_A_FALL_STD_F_T002__aug2_me_no.npz,E4_S03_A_FALL_STD_F_T002.csv,train,FALL_STD_F,3,4,2,medium_normal,scale1.04257_warp1.0359_off7_snr31.92,1.0359,1.04257,31.92,7,100|300,114,100,-14,1.0674,False,pending,aug_onset_disagree(>5)
E4_S03_A_FALL_STD_F_T002__aug3_me_fa.npz,E4_S03_A_FALL_STD_F_T002.csv,train,FALL_STD_F,3,4,3,medium_fast,scale0.95944_warp0.81818_off0_snr29.56,0.81818,0.95944,29.56,0,100|300,96,100,4,1.1582,True,use,
E4_S03_A_FALL_STD_F_T002__aug4_la_no.npz,E4_S03_A_FALL_STD_F_T002.csv,train,FALL_STD_F,3,4,4,large_normal,scale1.26684_warp0.98143_off0_snr25.33,0.98143,1.26684,25.33,0,100|300,115,100,-15,1.0642,False,pending,aug_onset_disagree(>5)
E4_S03_A_FALL_STD_F_T002__aug5_la_fa.npz,E4_S03_A_FALL_STD_F_T002.csv,train,FALL_STD_F,3,4,5,large_fast,scale1.25888_warp0.86633_off0_snr31.17,0.86633,1.25888,31.17,0,100|300,101,101,0,1.1433,True,use,
E4_S03_A_FALL_STD_F_T003__aug0_sm_no.npz,E4_S03_A_FALL_STD_F_T003.csv,train,FALL_STD_F,3,4,0,small_normal,scale0.8297_warp0.96769_off0_snr33.54,0.96769,0.8297,33.54,0,100|300,123,155,32,1.0816,False,pending,aug_onset_disagree(>5)
E4_S03_A_FALL_STD_F_T003__aug1_sm_fa.npz,E4_S03_A_FALL_STD_F_T003.csv,train,FALL_STD_F,3,4,1,small_fast,scale0.88207_warp0.79996_off0_snr32.1,0.79996,0.88207,32.1,0,100|300,101,102,1,1.0655,True,use,
E4_S03_A_FALL_STD_F_T003__aug2_me_no.npz,E4_S03_A_FALL_STD_F_T003.csv,train,FALL_STD_F,3,4,2,medium_normal,scale1.02047_warp1.04418_off8_snr26.65,1.04418,1.02047,26.65,8,100|300,124,146,22,1.049,False,pending,aug_onset_disagree(>5)
E4_S03_A_FALL_STD_F_T003__aug3_me_fa.npz,E4_S03_A_FALL_STD_F_T003.csv,train,FALL_STD_F,3,4,3,medium_fast,scale1.03647_warp0.75229_off0_snr27.78,0.75229,1.03647,27.78,0,100|300,95,100,5,1.0584,True,use,
E4_S03_A_FALL_STD_F_T003__aug4_la_no.npz,E4_S03_A_FALL_STD_F_T003.csv,train,FALL_STD_F,3,4,4,large_normal,scale1.28354_warp1.01381_off2_snr26.65,1.01381,1.28354,26.65,2,100|300,127,101,-26,1.0589,False,pending,aug_onset_disagree(>5)
E4_S03_A_FALL_STD_F_T003__aug5_la_fa.npz,E4_S03_A_FALL_STD_F_T003.csv,train,FALL_STD_F,3,4,5,large_fast,scale1.21752_warp0.85278_off0_snr33.9,0.85278,1.21752,33.9,0,100|300,108,109,1,1.0561,True,use,
E4_S03_A_FALL_STD_F_T004__aug0_sm_no.npz,E4_S03_A_FALL_STD_F_T004.csv,train,FALL_STD_F,3,4,0,small_normal,scale0.77973_warp1.02523_off5_snr33.69,1.02523,0.77973,33.69,5,100|300,163,108,-55,1.0484,False,pending,aug_onset_disagree(>5)
E4_S03_A_FALL_STD_F_T004__aug1_sm_fa.npz,E4_S03_A_FALL_STD_F_T004.csv,train,FALL_STD_F,3,4,1,small_fast,scale0.76938_warp0.88229_off0_snr25.9,0.88229,0.76938,25.9,0,100|300,144,104,-40,1.0523,False,pending,aug_onset_disagree(>10)
E4_S03_A_FALL_STD_F_T004__aug2_me_no.npz,E4_S03_A_FALL_STD_F_T004.csv,train,FALL_STD_F,3,4,2,medium_normal,scale0.99075_warp0.97399_off0_snr34.95,0.97399,0.99075,34.95,0,100|300,159,105,-54,1.0597,False,pending,aug_onset_disagree(>5)
E4_S03_A_FALL_STD_F_T004__aug3_me_fa.npz,E4_S03_A_FALL_STD_F_T004.csv,train,FALL_STD_F,3,4,3,medium_fast,scale1.01253_warp0.81305_off0_snr32.87,0.81305,1.01253,32.87,0,100|300,133,103,-30,1.1952,False,pending,aug_onset_disagree(>10)
E4_S03_A_FALL_STD_F_T004__aug4_la_no.npz,E4_S03_A_FALL_STD_F_T004.csv,train,FALL_STD_F,3,4,4,large_normal,scale1.12984_warp1.00265_off0_snr25.68,1.00265,1.12984,25.68,0,100|300,164,103,-61,1.074,False,pending,aug_onset_disagree(>5)
E4_S03_A_FALL_STD_F_T004__aug5_la_fa.npz,E4_S03_A_FALL_STD_F_T004.csv,train,FALL_STD_F,3,4,5,large_fast,scale1.20023_warp0.81067_off0_snr32.03,0.81067,1.20023,32.03,0,100|300,133,100,-33,1.2015,False,pending,aug_onset_disagree(>10)
E4_S03_A_FALL_STD_F_T005__aug0_sm_no.npz,E4_S03_A_FALL_STD_F_T005.csv,train,FALL_STD_F,3,4,0,small_normal,scale0.85474_warp1.00667_off1_snr32.27,1.00667,0.85474,32.27,1,100|300,124,136,12,1.0602,False,pending,aug_onset_disagree(>5)
E4_S03_A_FALL_STD_F_T005__aug1_sm_fa.npz,E4_S03_A_FALL_STD_F_T005.csv,train,FALL_STD_F,3,4,1,small_fast,scale0.75904_warp0.87344_off0_snr27.81,0.87344,0.75904,27.81,0,100|300,108,116,8,1.0612,True,use,
E4_S03_A_FALL_STD_F_T005__aug2_me_no.npz,E4_S03_A_FALL_STD_F_T005.csv,train,FALL_STD_F,3,4,2,medium_normal,scale1.00252_warp1.01717_off3_snr26.63,1.01717,1.00252,26.63,3,100|300,123,133,10,1.0632,False,pending,aug_onset_disagree(>5)
E4_S03_A_FALL_STD_F_T005__aug3_me_fa.npz,E4_S03_A_FALL_STD_F_T005.csv,train,FALL_STD_F,3,4,3,medium_fast,scale1.01834_warp0.85711_off0_snr30.3,0.85711,1.01834,30.3,0,100|300,106,114,8,1.0492,True,use,
E4_S03_A_FALL_STD_F_T005__aug4_la_no.npz,E4_S03_A_FALL_STD_F_T005.csv,train,FALL_STD_F,3,4,4,large_normal,scale1.10107_warp0.99125_off0_snr28.16,0.99125,1.10107,28.16,0,100|300,123,189,66,1.0824,False,pending,aug_onset_disagree(>5)
E4_S03_A_FALL_STD_F_T005__aug5_la_fa.npz,E4_S03_A_FALL_STD_F_T005.csv,train,FALL_STD_F,3,4,5,large_fast,scale1.15097_warp0.77937_off0_snr33.18,0.77937,1.15097,33.18,0,100|300,96,103,7,1.0928,True,use,
E4_S03_A_FALL_STD_F_T007__aug0_sm_no.npz,E4_S03_A_FALL_STD_F_T007.csv,train,FALL_STD_F,3,4,0,small_normal,scale0.85375_warp1.0062_off1_snr33.9,1.0062,0.85375,33.9,1,100|300,122,124,2,1.1075,True,use,
E4_S03_A_FALL_STD_F_T007__aug1_sm_fa.npz,E4_S03_A_FALL_STD_F_T007.csv,train,FALL_STD_F,3,4,1,small_fast,scale0.84941_warp0.89525_off0_snr32.78,0.89525,0.84941,32.78,0,100|300,109,111,2,1.0883,True,use,
E4_S03_A_FALL_STD_F_T007__aug2_me_no.npz,E4_S03_A_FALL_STD_F_T007.csv,train,FALL_STD_F,3,4,2,medium_normal,scale1.04103_warp1.00339_off0_snr26.79,1.00339,1.04103,26.79,0,100|300,122,125,3,1.0555,True,use,
E4_S03_A_FALL_STD_F_T007__aug3_me_fa.npz,E4_S03_A_FALL_STD_F_T007.csv,train,FALL_STD_F,3,4,3,medium_fast,scale0.99718_warp0.80762_off0_snr32.29,0.80762,0.99718,32.29,0,100|300,98,101,3,1.0649,True,use,
E4_S03_A_FALL_STD_F_T007__aug4_la_no.npz,E4_S03_A_FALL_STD_F_T007.csv,train,FALL_STD_F,3,4,4,large_normal,scale1.21251_warp1.04259_off8_snr29.56,1.04259,1.21251,29.56,8,100|300,119,111,-8,1.085,False,pending,aug_onset_disagree(>5)
E4_S03_A_FALL_STD_F_T007__aug5_la_fa.npz,E4_S03_A_FALL_STD_F_T007.csv,train,FALL_STD_F,3,4,5,large_fast,scale1.29526_warp0.82708_off0_snr28.52,0.82708,1.29526,28.52,0,100|300,101,101,0,1.0592,True,use,
E4_S03_A_FALL_STD_F_T010__aug0_sm_no.npz,E4_S03_A_FALL_STD_F_T010.csv,train,FALL_STD_F,3,4,0,small_normal,scale0.86042_warp1.02903_off5_snr28.5,1.02903,0.86042,28.5,5,100|300,117,101,-16,1.0618,False,pending,aug_onset_disagree(>5)
E4_S03_A_FALL_STD_F_T010__aug1_sm_fa.npz,E4_S03_A_FALL_STD_F_T010.csv,train,FALL_STD_F,3,4,1,small_fast,scale0.8913_warp0.75648_off0_snr27.81,0.75648,0.8913,27.81,0,100|300,90,100,10,1.0575,True,use,
E4_S03_A_FALL_STD_F_T010__aug2_me_no.npz,E4_S03_A_FALL_STD_F_T010.csv,train,FALL_STD_F,3,4,2,medium_normal,scale1.04999_warp0.95461_off0_snr30.45,0.95461,1.04999,30.45,0,100|300,113,132,19,1.0567,False,pending,aug_onset_disagree(>5)
E4_S03_A_FALL_STD_F_T010__aug3_me_fa.npz,E4_S03_A_FALL_STD_F_T010.csv,train,FALL_STD_F,3,4,3,medium_fast,scale1.00618_warp0.85788_off0_snr34.18,0.85788,1.00618,34.18,0,100|300,102,112,10,1.087,True,use,
E4_S03_A_FALL_STD_F_T010__aug4_la_no.npz,E4_S03_A_FALL_STD_F_T010.csv,train,FALL_STD_F,3,4,4,large_normal,scale1.19584_warp0.95028_off0_snr30.8,0.95028,1.19584,30.8,0,100|300,113,131,18,1.0748,False,pending,aug_onset_disagree(>5)
E4_S03_A_FALL_STD_F_T010__aug5_la_fa.npz,E4_S03_A_FALL_STD_F_T010.csv,train,FALL_STD_F,3,4,5,large_fast,scale1.15469_warp0.76445_off0_snr26.8,0.76445,1.15469,26.8,0,100|300,91,115,24,1.0634,False,pending,aug_onset_disagree(>10)
